"unitCode","unitName","nestID","locationID","siteID","siteName","year","QCFlag","QCNotes","scientificName","commonName","TSN","decimalLongitude","decimalLatitude","coordSystem","datum","GPSunit","dateFound","dateExclosure","exclosureType","microCodes","microSand","microCoarse","microSeaweedKelp","microWoody","microHumanTrash","microVegetation","microSmooth","microSteep","microHumanDogPrints","microHorsePrints","microVehicleTracks","restoredArea","restoredAdjacent","initDate","initiationDateUnk","hatchingDate","fledgingDate","chickBandDate","eggs","hatchlings","fledglings","failureDate","failureReason","predatorType","chickLossDate1","chickLossAge1","chickLossWeekend1","chickLossDate2","chickLossAge2","chickLossWeekend2","chickLossDate3","chickLossAge3","chickLossWeekend3","disturbance","femaleBand","maleBand","eggsWhen","eggsWhere","eggsResults","comment","qualityNotes","dataProcessingLevelNestMaster","dataProcessingLevelDateNestMaster","dataProcessingLevelUserNestMaster","type","basisOfRecord"
"PORE","Point Reyes National Seashore","DB01_2024","{EE76E19D-DBD4-4FCB-9151-C32719F25BD9}","DB","Drakes Beach",2024,,,"Charadrius nivosus","Western Snowy Plover","824030",-122.93519,38.03127,"GCS","WGS84",,2024-07-08,,"None","SRE","Yes","Yes","No","No","No","No","Yes","No","No","No","No","No","No",,"Yes",2024-07-08,2024-08-03,2024-07-09,3,3,2,,,,,,"No",,,"No",,,"No",,"bo:ry","av:rv",,,,,,"Accepted",2026-04-22 09:55:16,"ksherrill","Event","HumanObservation"
"PORE","Point Reyes National Seashore","K01_1998","{39744D68-DFEE-4649-ACE2-806C077E64E2}","K","Kehoe Beach",1998,,,"Charadrius nivosus","Western Snowy Plover","824030",-122.952655269208,38.1369306860239,"GCS","NAD83","Map",1998-05-01,,"Triangle",,,,,,,,,,,,,"No","No",,"No",,,,3,3,1,,,,,,"No",,,"No",,,"No",,,,,,,,,"Raw",2019-06-24 11:15:22,"swakamiya","Event","HumanObservation"
"PORE","Point Reyes National Seashore","K01_2000","{39744D68-DFEE-4649-ACE2-806C077E64E2}","K","Kehoe Beach",2000,,,"Charadrius nivosus","Western Snowy Plover","824030",-122.954267504188,38.1316949501411,"GCS","NAD83",,2000-04-15,,,,,,,,,,,,,,,"No","No",,"No",,,,3,0,0,,,,,,"No",,,"No",,,"No",,,,,,,"Washed out",,"Raw",2019-06-24 11:15:22,"swakamiya","Event","HumanObservation"
"PORE","Point Reyes National Seashore","K01_2001","{39744D68-DFEE-4649-ACE2-806C077E64E2}","K","Kehoe Beach",2001,,,"Charadrius nivosus","Western Snowy Plover","824030",-122.955355566823,38.1249899182632,"GCS","NAD83",,2001-04-20,,"None",,,,,,,,,,,,,"No","No",,"No",,,,3,0,0,,,,,,"No",,,"No",,,"No",,,,,,,"Predation: Raven",,"Raw",2019-06-24 11:15:22,"swakamiya","Event","HumanObservation"
"PORE","Point Reyes National Seashore","K01_2002","{39744D68-DFEE-4649-ACE2-806C077E64E2}","K","Kehoe Beach",2002,,,"Charadrius nivosus","Western Snowy Plover","824030",-122.95317024957,38.1346146309467,"GCS","NAD83","Garmin 3+",2002-04-01,,"Square",,,,,,,,,,,,,"No","No",2002-04-01,"No",,,,3,0,0,2002-04-16,"Wind",,,,"No",,,"No",,,"No",,,,,,,"Abandoned 3 eggs",,"Raw",2019-06-24 11:15:22,"swakamiya","Event","HumanObservation"
"PORE","Point Reyes National Seashore","K01_2003","{39744D68-DFEE-4649-ACE2-806C077E64E2}","K","Kehoe Beach",2003,,,"Charadrius nivosus","Western Snowy Plover","824030",-122.953100891039,38.1360115704407,"GCS","NAD83","Garmin 3+",2003-04-05,,"Square",,,,,,,,,,,,,"No","No",2003-04-05,"No",,,,3,0,0,2003-04-16,"Tide",,,,"No",,,"No",,,"No",,,,,,,,,"Raw",2019-06-24 11:15:22,"swakamiya","Event","HumanObservation"
"PORE","Point Reyes National Seashore","K01_2004","{39744D68-DFEE-4649-ACE2-806C077E64E2}","K","Kehoe Beach",2004,,,"Charadrius nivosus","Western Snowy Plover","824030",-122.953364352835,38.1344254416195,"GCS","NAD83","Garmin 3+",2004-03-24,,"Square",,,,,,,,,,,,,"No","No",2004-03-24,"No",2004-04-28,,,3,3,0,,,,,,"No",,,"No",,,"No",,,,,,,"3 lost unknown/15 ravens in area",,"Raw",2019-06-24 11:15:22,"swakamiya","Event","HumanObservation"
"PORE","Point Reyes National Seashore","K01_2005","{39744D68-DFEE-4649-ACE2-806C077E64E2}","K","Kehoe Beach",2005,,,"Charadrius nivosus","Western Snowy Plover","824030",,,,,,2005-04-28,,"Unknown",,,,,,,,,,,,,"No","No",,"No",2005-05-30,,,3,3,0,,,,,,"No",,,"No",,,"No",,,,,,,,,"Raw",2019-06-24 11:15:22,"swakamiya","Event","HumanObservation"
"PORE","Point Reyes National Seashore","K01_2006","{39744D68-DFEE-4649-ACE2-806C077E64E2}","K","Kehoe Beach",2006,,,"Charadrius nivosus","Western Snowy Plover","824030",,,,,,2006-05-01,,"Unknown",,,,,,,,,,,,,"No","No",,"No",2006-05-31,,,3,3,3,,,,,,"No",,,"No",,,"No",,,,,,,,,"Raw",2019-06-24 11:15:22,"swakamiya","Event","HumanObservation"
"PORE","Point Reyes National Seashore","K01_2007","{39744D68-DFEE-4649-ACE2-806C077E64E2}","K","Kehoe Beach",2007,,,"Charadrius nivosus","Western Snowy Plover","824030",,,,,,2007-04-13,,,,,,,,,,,,,,,"No","No",,"No",,,,3,,,,"Failed - Unknown",,,,"No",,,"No",,,"No",,,,,,,,,"Raw",2019-06-24 11:15:22,"swakamiya","Event","HumanObservation"
"PORE","Point Reyes National Seashore","K01_2008","{39744D68-DFEE-4649-ACE2-806C077E64E2}","K","Kehoe Beach",2008,,,"Charadrius nivosus","Western Snowy Plover","824030",,,,,,2008-04-04,,"Unknown",,,,,,,,,,,,,"No","No",,"No",,,,1,0,,,"Wind",,,,"No",,,"No",,,"No",,,,,,,,,"Raw",2019-06-24 11:15:22,"swakamiya","Event","HumanObservation"
"PORE","Point Reyes National Seashore","K01_2009","{39744D68-DFEE-4649-ACE2-806C077E64E2}","K","Kehoe Beach",2009,,,"Charadrius nivosus","Western Snowy Plover","824030",-122.953592732842,38.1341641639662,"GCS","NAD83",,2009-04-23,2009-04-23,"Square","RKE","No","Yes","Yes","No","No","No","Yes","No","No","No","No","No","No",2009-04-20,"No",2009-05-27,2009-06-24,,3,2,1,,,,2009-06-08,12,"No",,,"No",,,"No",,,,2009-05-27,"wildlife freezer",,"lost one chick at 11-12 days to unknown cause. Initiation date=approximate.",,"Raw",2019-06-24 11:15:22,"swakamiya","Event","HumanObservation"
"PORE","Point Reyes National Seashore","K01_2010","{39744D68-DFEE-4649-ACE2-806C077E64E2}","K","Kehoe Beach",2010,,,"Charadrius nivosus","Western Snowy Plover","824030",-122.953638404087,38.1341191185335,"GCS","NAD83","Garmin",2010-04-19,2010-04-19,"Square","STE","Yes","No","No","No","Yes","No","Yes","No","No","No","No","No","No",2010-04-17,"No",2010-05-24,2010-06-21,,3,3,1,,,,2010-05-26,3,"No",2010-06-03,8,"No",,,"No",,,,,,,,,"Raw",2019-06-24 11:15:22,"swakamiya","Event","HumanObservation"
"PORE","Point Reyes National Seashore","K01_2011","{39744D68-DFEE-4649-ACE2-806C077E64E2}","K","Kehoe Beach",2011,,,"Charadrius nivosus","Western Snowy Plover","824030",-122.955319235165,38.1284417703401,"GCS","NAD83","Garmin G",2011-06-26,2011-06-26,"Square","STEP","Yes","No","No","No","Yes","No","Yes","No","Yes","No","No","No","No",2011-06-26,"No",2011-07-27,,,3,3,0,,,,2011-07-31,4,"Yes",2011-07-31,4,"Yes",2011-08-10,14,"No",,,,,,,,,"Raw",2019-06-24 11:15:22,"swakamiya","Event","HumanObservation"
"PORE","Point Reyes National Seashore","K01_2012","{39744D68-DFEE-4649-ACE2-806C077E64E2}","K","Kehoe Beach",2012,,,"Charadrius nivosus","Western Snowy Plover","824030",-122.953489550497,38.1349302020276,"GCS","NAD83","Garmin",2012-06-18,2012-06-18,"Round","SKD","Yes","No","Yes","No","No","No","No","Yes","No","No","No","No","No",2020-06-17,"No",2012-07-19,2012-08-16,,3,3,3,,,,,,"No",,,"No",,,"No",,":Oy",,,,,,,"Raw",2019-06-24 11:15:22,"swakamiya","Event","HumanObservation"
"PORE","Point Reyes National Seashore","K01_2013","{39744D68-DFEE-4649-ACE2-806C077E64E2}","K","Kehoe Beach",2013,,,"Charadrius nivosus","Western Snowy Plover","824030",-122.953078323007,38.1356150030417,"GCS","NAD83","Garmin",2013-04-02,2013-04-03,"Round","SKWE","Yes","No","Yes","Yes","No","No","Yes","No","No","No","No","No","No",2013-03-29,"No",2013-05-02,,,3,3,0,,,,2013-05-03,1,"No",2013-05-03,1,"No",2013-05-03,1,"No",,,,,,,"Exclosed because of high CORE activity.",,"Raw",2019-06-24 11:15:22,"swakamiya","Event","HumanObservation"
"PORE","Point Reyes National Seashore","K01_2014","{39744D68-DFEE-4649-ACE2-806C077E64E2}","K","Kehoe Beach",2014,,,"Charadrius nivosus","Western Snowy Plover","824030",-122.952139320184,38.1406797543123,"GCS","NAD83","Garmin",2014-04-15,,"None","SKWE","Yes","No","Yes","Yes","No","No","Yes","No","No","No","No","No","No",2014-04-12,"No",,,,3,0,0,2014-04-22,"Depredated by Known Predator","Common raven",,,"No",,,"No",,,"No",,,,,,,"Didn't exclose initially because lots of raven activity in area and didn't want to lose an adult. Then was going to exclose after K02 failed but it failed before I could.",,"Raw",2019-06-24 11:15:22,"swakamiya","Event","HumanObservation"
"PORE","Point Reyes National Seashore","K01_2015","{39744D68-DFEE-4649-ACE2-806C077E64E2}","K","Kehoe Beach",2015,,,"Charadrius nivosus","Western Snowy Plover","824030",-122.952666325203,38.1374804644751,"GCS","NAD83","Garmin",2015-04-03,2015-04-03,"Round","SVD","Yes","No","No","No","No","Yes","No","Yes","No","No","No","No","No",2015-04-01,"No",,,,3,0,0,2015-04-16,"Wind",,,,"No",,,"No",,,"No",,,,2015-05-03,"Wildlife Freezer",,,,"Raw",2019-06-24 11:15:22,"swakamiya","Event","HumanObservation"
"PORE","Point Reyes National Seashore","K01_2016","{39744D68-DFEE-4649-ACE2-806C077E64E2}","K","Kehoe Beach",2016,,,"Charadrius nivosus","Western Snowy Plover","824030",-122.952288300232,38.1397154577473,"GCS","NAD83","Garmin",2016-04-19,2016-04-19,"Round","SKWE","Yes","No","Yes","Yes","No","No","Yes","No","No","No","No","No","No",2016-04-19,"No",2016-05-26,,,3,3,0,,,,2016-05-26,2,"Yes",2016-05-26,2,"Yes",2016-05-26,2,"Yes",,"av:bb","l/r:n",,,,,,"Raw",2019-06-24 11:15:22,"swakamiya","Event","HumanObservation"
"PORE","Point Reyes National Seashore","K01_2017","{39744D68-DFEE-4649-ACE2-806C077E64E2}","K","Kehoe Beach",2017,,,"Charadrius nivosus","Western Snowy Plover","824030",-122.951670715257,38.1417791096819,"GCS","NAD83","Garmin",2017-04-10,,"None","SWE","Yes","No","No","Yes","No","No","Yes","No","No","No","No","No","No",2017-04-09,"No",,,,3,0,0,2017-05-13,"Unknown",,,,"No",,,"No",,,"No",,"x:x","av:ry",,,,"Nest failed 5/13 - 5/14 for unknown reasons (likely CORA)",,"Raw",2019-06-24 11:15:22,"swakamiya","Event","HumanObservation"
"PORE","Point Reyes National Seashore","K01_2018","{39744D68-DFEE-4649-ACE2-806C077E64E2}","K","Kehoe Beach",2018,,,"Charadrius nivosus","Western Snowy Plover","824030",-122.951556256884,38.1422927853506,"GCS","NAD83","Garmin",2018-04-11,,"None","SVE","Yes","No","No","No","No","Yes","Yes","No","No","No","No","No","No",2018-04-10,"No",,,,2,0,0,2018-04-14,"Depredated by Known Predator","Coyote",,,"No",,,"No",,,"No",,"as:or","av:or",,,,,,"Raw",2019-06-24 11:15:22,"swakamiya","Event","HumanObservation"
"PORE","Point Reyes National Seashore","K01_2019","{39744D68-DFEE-4649-ACE2-806C077E64E2}","K","Kehoe Beach",2019,,,"Charadrius nivosus","Western Snowy Plover","824030",-122.956164918072,38.1261708875804,"GCS","NAD83","Garmin",2019-05-07,,,"SVE","Yes","No","No","No","No","Yes","Yes","No","No","No","No","No","No",,"Yes",,,,3,,,2019-05-17,"Unknown",,,,"No",,,"No",,,"No",,"x:x","av:ry",,,,"When nest was found failed: ""No eggs. No discernable tracks around nest, including SNPL tracks. Heavy rains the past 2 days may have wiped tracks clean""",,"Raw",2019-09-06 13:34:50,"mlau","Event","HumanObservation"
"PORE","Point Reyes National Seashore","K01_2020","{39744D68-DFEE-4649-ACE2-806C077E64E2}","K","Kehoe Beach",2020,,,"Charadrius nivosus","Western Snowy Plover","824030",-122.951418691954,38.1432300472434,"GCS","NAD83","Garmin",2020-05-22,2020-05-24,"Round","SVD","Yes","No","No","No","No","Yes","No","Yes","No","No","No","No","No",,"Yes",2020-05-30,2020-06-26,2020-05-31,3,3,0,,,,,,"No",,,"No",,,"No",,"wo:oo","yb:oo",,,,,,"Raw",2020-09-18 10:53:16,"mjayl","Event","HumanObservation"
"PORE","Point Reyes National Seashore","K01_2021","{39744D68-DFEE-4649-ACE2-806C077E64E2}","K","Kehoe Beach",2021,,,"Charadrius nivosus","Western Snowy Plover","824030",-122.952208983717,38.1388502077211,"GCS","NAD83",,2021-04-02,2021-04-02,"Mini-Exclosure","SVE","Yes","No","No","No","No","Yes","Yes","No","No","No","No","No","No",2021-03-31,"No",,,,3,0,0,2021-04-16,"Abandoned",,,,"No",,,"No",,,"No",,"x:s","x:x",,,,,,"Accepted",2021-12-13 10:32:03,"EEdson","Event","HumanObservation"
"PORE","Point Reyes National Seashore","K01_2022","{39744D68-DFEE-4649-ACE2-806C077E64E2}","K","Kehoe Beach",2022,,,"Charadrius nivosus","Western Snowy Plover","824030",-122.95224290663,38.1393278938513,"GCS","NAD83",,2022-06-01,2022-06-01,"Mini-Exclosure","SVE","Yes","No","No","No","No","Yes","Yes","No","No","No","No","No","No",2022-06-01,"No",,,,3,0,0,2022-06-22,"Abandoned",,,,"No",,,"No",,,"No",,"r/a:y","av:yv",,,,"We suspect the adult male was depredated and the female subsequently abandoned the nest.",,"Provisional",2022-12-23 09:34:23,"mlau","Event","HumanObservation"
"PORE","Point Reyes National Seashore","K01_2023","{39744D68-DFEE-4649-ACE2-806C077E64E2}","K","Kehoe Beach",2023,,,"Charadrius nivosus","Western Snowy Plover","824030",-122.957111709268,38.1206491487359,"GCS","WGS84",,2023-04-19,2023-04-21,"Mini-Exclosure","SRTE","Yes","Yes","No","No","Yes","No","Yes","No","No","No","No","Yes","No",2023-04-19,"No",2023-05-24,,2023-05-24,3,3,0,,,,,,"No",,,"No",,,"No",,"va:wa","va:gr",,,,,,"Provisional",2023-09-13 12:54:58,"mjayl","Event","HumanObservation"
"PORE","Point Reyes National Seashore","K01_2024","{39744D68-DFEE-4649-ACE2-806C077E64E2}","K","Kehoe Beach",2024,,,"Charadrius nivosus","Western Snowy Plover","824030",-122.95421,38.13248,"GCS","WGS84",,2024-04-18,2024-04-18,"Mini-Exclosure",,,,,,,,,,,,,"No","No",,"Yes",2024-05-14,2024-06-10,2024-05-14,3,3,2,,,,,,"No",,,"No",,,"No",,"rv:go","va:gr",,,,,,"Accepted",2026-04-22 09:55:16,"ksherrill","Event","HumanObservation"
"PORE","Point Reyes National Seashore","K01_2025","{39744D68-DFEE-4649-ACE2-806C077E64E2}","K","Kehoe Beach",2025,,,"Charadrius nivosus","Western Snowy Plover","824030",-122.951613316684,38.1440402737684,"GCS","WGS84",,2025-04-28,2025-04-28,"Mini-Exclosure","SKWE","Yes","No","Yes","Yes","No","No","Yes","No","No","No","No","No","No",,"No",,,,3,0,0,2025-05-16,"Tide",,,,"No",,,"No",,,"No",,"x:x","x:x?",,,,"1 crack/tap, 1 crack, 1 no sign",,"Accepted",2026-04-22 09:53:34,"ksherrill","Event","HumanObservation"
"PORE","Point Reyes National Seashore","K02_1998","{39744D68-DFEE-4649-ACE2-806C077E64E2}","K","Kehoe Beach",1998,,,"Charadrius nivosus","Western Snowy Plover","824030",-122.953455547051,38.1345696808696,"GCS","NAD83","Map",1998-07-15,,"Triangle",,,,,,,,,,,,,"No","No",,"No",,,,3,3,1,,,,,,"No",,,"No",,,"No",,"AR/YL",,,,,,,"Raw",2019-06-24 11:15:22,"swakamiya","Event","HumanObservation"
"PORE","Point Reyes National Seashore","K02_2000","{39744D68-DFEE-4649-ACE2-806C077E64E2}","K","Kehoe Beach",2000,,,"Charadrius nivosus","Western Snowy Plover","824030",-122.9517735526,38.1415808729535,"GCS","NAD83",,2000-05-06,,,,,,,,,,,,,,,"No","No",,"No",,,,3,0,0,,,,,,"No",,,"No",,,"No",,"AY/BO",,,,,"Failed to hatch",,"Raw",2019-06-24 11:15:22,"swakamiya","Event","HumanObservation"
"PORE","Point Reyes National Seashore","K02_2001","{39744D68-DFEE-4649-ACE2-806C077E64E2}","K","Kehoe Beach",2001,,,"Charadrius nivosus","Western Snowy Plover","824030",-122.954393348366,38.1311632499177,"GCS","NAD83",,2001-05-03,,"None",,,,,,,,,,,,,"No","No",,"No",,,,3,0,0,,,,,,"No",,,"No",,,"No",,,,,,,"Predation: Raven",,"Raw",2019-06-24 11:15:22,"swakamiya","Event","HumanObservation"
"PORE","Point Reyes National Seashore","K02_2002","{39744D68-DFEE-4649-ACE2-806C077E64E2}","K","Kehoe Beach",2002,,,"Charadrius nivosus","Western Snowy Plover","824030",-122.952666400885,38.13736329956,"GCS","NAD83","Garmin 3+",2002-04-14,,"Square",,,,,,,,,,,,,"No","No",2002-04-14,"No",2002-05-17,,,3,3,0,,,,,,"No",,,"No",,,"No",,,,,,,"Fledged 0",,"Raw",2019-06-24 11:15:22,"swakamiya","Event","HumanObservation"
"PORE","Point Reyes National Seashore","K02_2003","{39744D68-DFEE-4649-ACE2-806C077E64E2}","K","Kehoe Beach",2003,,,"Charadrius nivosus","Western Snowy Plover","824030",-122.950308998301,38.1472402238834,"GCS","NAD83","Garmin 3+",2003-04-12,,"Square",,,,,,,,,,,,,"No","No",2003-04-12,"No",2003-05-13,,,2,1,0,,,,,,"No",,,"No",,,"No",,,,,,,,,"Raw",2019-06-24 11:15:22,"swakamiya","Event","HumanObservation"
"PORE","Point Reyes National Seashore","K02_2004","{39744D68-DFEE-4649-ACE2-806C077E64E2}","K","Kehoe Beach",2004,,,"Charadrius nivosus","Western Snowy Plover","824030",-122.952895024285,38.1367415159392,"GCS","NAD83","Garmin 3+",2004-04-02,,"Square",,,,,,,,,,,,,"No","No",2004-04-02,"No",,,,3,3,0,,,,,,"No",,,"No",,,"No",,,,,,,"lost at unknown time",,"Raw",2019-06-24 11:15:22,"swakamiya","Event","HumanObservation"
"PORE","Point Reyes National Seashore","K02_2005","{39744D68-DFEE-4649-ACE2-806C077E64E2}","K","Kehoe Beach",2005,,,"Charadrius nivosus","Western Snowy Plover","824030",,,,,,2005-05-25,,"Unknown",,,,,,,,,,,,,"No","No",,"No",,,,3,0,,2005-06-03,"Depredated by Known Predator","Red/grey fox",,,"No",,,"No",,,"No",,,,,,,,,"Raw",2019-06-24 11:15:22,"swakamiya","Event","HumanObservation"
"PORE","Point Reyes National Seashore","K02_2006","{39744D68-DFEE-4649-ACE2-806C077E64E2}","K","Kehoe Beach",2006,,,"Charadrius nivosus","Western Snowy Plover","824030",,,,,,2006-05-09,,"Unknown",,,,,,,,,,,,,"No","No",,"No",2006-06-09,,,3,3,3,,,,,,"No",,,"No",,,"No",,,,,,,,,"Raw",2019-06-24 11:15:22,"swakamiya","Event","HumanObservation"
"PORE","Point Reyes National Seashore","K02_2007","{39744D68-DFEE-4649-ACE2-806C077E64E2}","K","Kehoe Beach",2007,,,"Charadrius nivosus","Western Snowy Plover","824030",,,,,,2007-04-13,,"Unknown",,,,,,,,,,,,,"No","No",,"No",,,,2,,,,"Tide",,,,"No",,,"No",,,"No",,"bg:wp",,,,,,,"Raw",2019-06-24 11:15:22,"swakamiya","Event","HumanObservation"
"PORE","Point Reyes National Seashore","K02_2008","{39744D68-DFEE-4649-ACE2-806C077E64E2}","K","Kehoe Beach",2008,,,"Charadrius nivosus","Western Snowy Plover","824030",,,,,,2008-04-04,,"Unknown",,,,,,,,,,,,,"No","No",,"No",,,,2,0,,,"Wind",,,,"No",,,"No",,,"No",,,,,,,,,"Raw",2019-06-24 11:15:22,"swakamiya","Event","HumanObservation"
"PORE","Point Reyes National Seashore","K02_2009","{39744D68-DFEE-4649-ACE2-806C077E64E2}","K","Kehoe Beach",2009,,,"Charadrius nivosus","Western Snowy Plover","824030",-122.953581105233,38.1345066417023,"GCS","NAD83",,2009-05-09,,"None","RKE","No","Yes","Yes","No","No","No","Yes","No","No","No","No","No","No",,"No",,,,3,0,0,2009-05-09,"Depredated by Known Predator","Common raven",,,"No",,,"No",,,"No",,,,,,,"Depredated while getting exclosure materials; raven tracks around nest, 1 shell fragment found 100 feet from nest collected and stored in Wildlife Freezer.  Unknown intiation date.",,"Raw",2019-06-24 11:15:22,"swakamiya","Event","HumanObservation"
"PORE","Point Reyes National Seashore","K02_2010","{39744D68-DFEE-4649-ACE2-806C077E64E2}","K","Kehoe Beach",2010,,,"Charadrius nivosus","Western Snowy Plover","824030",-122.956667865731,38.1245938504825,"GCS","NAD83","Garmin",2010-04-22,2010-04-22,"Square","STE","Yes","No","No","No","Yes","No","Yes","No","No","No","No","No","No",2010-04-20,"No",,,,3,0,0,2010-05-04,"Unknown Depredation",,,,"No",,,"No",,,"No",,,,,,,,,"Raw",2019-06-24 11:15:22,"swakamiya","Event","HumanObservation"
"PORE","Point Reyes National Seashore","K02_2011","{39744D68-DFEE-4649-ACE2-806C077E64E2}","K","Kehoe Beach",2011,"ODEU","Original CickLoss_Age1 was '0-1'","Charadrius nivosus","Western Snowy Plover","824030",-122.953341066595,38.1351554604402,"GCS","NAD83","Garmin",2011-07-03,2011-07-03,"Square","SKE","Yes","No","Yes","No","No","No","Yes","No","No","No","No","No","No",2011-06-29,"No",2011-07-31,2011-08-26,,3,3,2,,,,2011-07-31,0,"Yes",,,"No",,,"No",,,,,,,"Chicks observed flying short distances on 7/26, 1 day before official fledge date.",,"Raw",2019-06-24 11:15:22,"swakamiya","Event","HumanObservation"
"PORE","Point Reyes National Seashore","K02_2012","{39744D68-DFEE-4649-ACE2-806C077E64E2}","K","Kehoe Beach",2012,,,"Charadrius nivosus","Western Snowy Plover","824030",-122.957399237797,38.1225572456032,"GCS","NAD83","Garmin",2012-06-24,2012-06-24,"Round","RWE","No","Yes","No","Yes","No","No","Yes","No","No","No","No","No","Yes",2012-06-23,"No",2012-07-24,,,3,3,,,,,2012-07-26,2,"No",2012-07-26,2,"No",2012-07-26,2,"No",,,,,,,,,"Raw",2019-06-24 11:15:22,"swakamiya","Event","HumanObservation"
"PORE","Point Reyes National Seashore","K02_2013","{39744D68-DFEE-4649-ACE2-806C077E64E2}","K","Kehoe Beach",2013,,,"Charadrius nivosus","Western Snowy Plover","824030",-122.952047973508,38.1407608312058,"GCS","NAD83","Garmin",2013-04-05,2013-04-05,"Round","SKWE","Yes","No","Yes","Yes","No","No","Yes","No","No","No","No","No","No",2013-04-03,"No",,,,3,,,2013-04-13,"Wind",,,,"No",,,"No",,,"No",,,,2013-05-15,"USGS OR",,"Exclosed because of high CORA activity.",,"Raw",2019-06-24 11:15:22,"swakamiya","Event","HumanObservation"
"PORE","Point Reyes National Seashore","K02_2014","{39744D68-DFEE-4649-ACE2-806C077E64E2}","K","Kehoe Beach",2014,,,"Charadrius nivosus","Western Snowy Plover","824030",-122.957492055493,38.1198895161212,"GCS","NAD83","Garmin",2014-04-15,,"None","SWE","Yes","No","No","Yes","No","No","Yes","No","No","No","No","Yes","No",,"No",,,,3,0,0,2014-04-18,"Failed - Unknown",,,,"No",,,"No",,,"No",,"Unknown",,,,,"Initiation date unknown. Was planning on exclosing but nest failed before I could. Unsure what happened to nest, scrape and eggs gone.",,"Raw",2019-06-24 11:15:22,"swakamiya","Event","HumanObservation"
"PORE","Point Reyes National Seashore","K02_2015","{39744D68-DFEE-4649-ACE2-806C077E64E2}","K","Kehoe Beach",2015,,,"Charadrius nivosus","Western Snowy Plover","824030",-122.950663757773,38.1458073582518,"GCS","NAD83","Garmin",2015-04-10,,"None","SWVE","Yes","No","No","Yes","No","Yes","Yes","No","No","No","No","No","No",2015-04-09,"No",,,,1,0,0,2015-04-16,"Unknown Depredation",,,,"No",,,"No",,,"No",,":s","Unknown",,,,,,"Raw",2019-06-24 11:15:22,"swakamiya","Event","HumanObservation"
"PORE","Point Reyes National Seashore","K02_2016","{39744D68-DFEE-4649-ACE2-806C077E64E2}","K","Kehoe Beach",2016,,,"Charadrius nivosus","Western Snowy Plover","824030",-122.955490858179,38.1276577303598,"GCS","NAD83","Garmin",2016-04-19,2016-04-19,"Round","SV","Yes","No","No","No","No","Yes","No","No","No","No","No","No","No",2016-04-19,"No",,,,2,0,0,2016-04-25,"Wind",,,,"No",,,"No",,,"No",,"aw:yl","x:x",2016-04-30,,,"Eggs were buried by high winds and abandoned by female.",,"Raw",2019-06-24 11:15:22,"swakamiya","Event","HumanObservation"
"PORE","Point Reyes National Seashore","K02_2017","{39744D68-DFEE-4649-ACE2-806C077E64E2}","K","Kehoe Beach",2017,"ODEU","Original CickLoss_Age1 and ChickLoss_Age2 was ' <1 week'","Charadrius nivosus","Western Snowy Plover","824030",-122.952266040786,38.1388502309204,"GCS","NAD83","Garmin",2017-05-14,2017-05-17,"Round","SWD","Yes","No","No","Yes","No","No","No","Yes","No","No","No","No","No",2017-05-14,"No",2017-06-17,2017-07-15,2017-06-17,3,3,1,,,,2017-06-18,3,"No",2017-06-18,3,"No",,,"No",,"s:x","x:x",,,,"2 chicks lost 6/18 - 6/23",,"Raw",2019-06-24 11:15:22,"swakamiya","Event","HumanObservation"
"PORE","Point Reyes National Seashore","K02_2018","{39744D68-DFEE-4649-ACE2-806C077E64E2}","K","Kehoe Beach",2018,,,"Charadrius nivosus","Western Snowy Plover","824030",-122.952791697445,38.1377148448102,"GCS","NAD83","Garmin",2018-04-25,,,"SKWE","Yes","No","Yes","Yes","No","No","Yes","No","No","No","No","No","No",2018-04-24,"No",,,,2,0,0,2018-04-26,"Depredated by Known Predator","Common raven",,,"No",,,"No",,,"No",,"x:x","x:x",,,,"Nest was depredated by CORA while M. Lau wasn't looking and setting up exclosure nearby",,"Raw",2019-06-24 11:15:22,"swakamiya","Event","HumanObservation"
"PORE","Point Reyes National Seashore","K02_2019","{39744D68-DFEE-4649-ACE2-806C077E64E2}","K","Kehoe Beach",2019,,,"Charadrius nivosus","Western Snowy Plover","824030",-122.952162796735,38.1396793559663,"GCS","NAD83","Garmin",2019-05-09,,,"SVD","Yes","No","No","No","No","Yes","No","Yes","No","No","No","No","No",2019-05-07,"No",,,,3,,,2019-05-17,"Depredated by Known Predator","Common raven",,,"No",,,"No",,,"No",,"x:x","x:x",,,,,,"Raw",2019-08-24 14:02:00,"mlau","Event","HumanObservation"
"PORE","Point Reyes National Seashore","K02_2020","{39744D68-DFEE-4649-ACE2-806C077E64E2}","K","Kehoe Beach",2020,,,"Charadrius nivosus","Western Snowy Plover","824030",-122.951270040967,38.1436716069312,"GCS","NAD83","Garmin",2020-06-02,2020-06-02,"Round","VD","No","No","No","No","No","Yes","No","Yes","No","No","No","No","No",,"Yes",2020-07-03,2020-07-30,2020-07-04,3,2,1,,,,,,"No",,,"No",,,"No",,"x:b","av:ry",,,,,,"Provisional",2020-09-18 11:00:14,"mjayl","Event","HumanObservation"
"PORE","Point Reyes National Seashore","K02_2021","{39744D68-DFEE-4649-ACE2-806C077E64E2}","K","Kehoe Beach",2021,,,"Charadrius nivosus","Western Snowy Plover","824030",-122.951761594839,38.142410034701,"GCS","NAD83",,2021-04-02,,"None","SKWE","Yes","No","Yes","Yes","No","No","Yes","No","No","No","No","No","No",2021-04-01,"No",,,,1,0,0,2021-04-05,"Depredated by Known Predator","Common raven",,,"No",,,"No",,,"No",,"x:x","yb:oo",,,,,,"Accepted",2021-12-13 10:32:03,"EEdson","Event","HumanObservation"
"PORE","Point Reyes National Seashore","K02_2022","{39744D68-DFEE-4649-ACE2-806C077E64E2}","K","Kehoe Beach",2022,,,"Charadrius nivosus","Western Snowy Plover","824030",-122.952083741177,38.1401624036217,"GCS","NAD83",,2022-06-06,2022-06-06,"Mini-Exclosure","SVD","Yes","No","No","No","No","Yes","No","Yes","No","No","No","No","No",2022-06-05,"No",,,,3,0,0,2022-06-16,"Failed - Unknown",,,,"No",,,"No",,,"No",,"x:b","av:or",,,,"Eggs likely rolled out of nest and outside of exclosure, vulnerable to depredation. Nest was abandoned",,"Provisional",2022-11-01 11:18:54,"mlau","Event","HumanObservation"
"PORE","Point Reyes National Seashore","K02_2023","{39744D68-DFEE-4649-ACE2-806C077E64E2}","K","Kehoe Beach",2023,,,"Charadrius nivosus","Western Snowy Plover","824030",-122.956001093766,38.1196816737641,"GCS","WGS84",,2023-04-21,2023-04-21,"Mini-Exclosure","SWE","Yes","No","No","Yes","No","No","Yes","No","No","No","No","Yes","No",,"Yes",2023-05-24,,2023-05-24,3,1,0,,,,,,"No",,,"No",,,"No",,"x:b","av:or",,,,,,"Raw",2023-09-13 12:56:03,"mjayl","Event","HumanObservation"
"PORE","Point Reyes National Seashore","K02_2024","{39744D68-DFEE-4649-ACE2-806C077E64E2}","K","Kehoe Beach",2024,,,"Charadrius nivosus","Western Snowy Plover","824030",-122.956715,38.124527,"GCS","WGS84",,2024-05-31,2024-05-31,"Mini-Exclosure","SKE","Yes","No","Yes","No","No","No","Yes","No","No","No","No","No","No",,"Yes",,,,3,,,2024-06-07,"Tide",,,,"No",,,"No",,,"No",,"rv:go","rv:ao",,,,"Microhabitat of nest also includes dried Velella velella.",,"Accepted",2026-04-22 09:55:16,"ksherrill","Event","HumanObservation"
"PORE","Point Reyes National Seashore","K02_2025","{39744D68-DFEE-4649-ACE2-806C077E64E2}","K","Kehoe Beach",2025,,,"Charadrius nivosus","Western Snowy Plover","824030",-122.95389,38.13372,"GCS","WGS84",,2025-04-28,,,"SWE","Yes","No","No","Yes","No","No","Yes","No","No","No","No","No","No",,"No",,,,3,0,0,2025-05-06,"Wind",,,,"No",,,"No",,,"No",,"x:x","unknown",,,,"No eggs found after windstorm, no pred tracks either",,"Accepted",2026-04-22 09:53:34,"ksherrill","Event","HumanObservation"
"PORE","Point Reyes National Seashore","K03_2000","{39744D68-DFEE-4649-ACE2-806C077E64E2}","K","Kehoe Beach",2000,,,"Charadrius nivosus","Western Snowy Plover","824030",-122.956611385158,38.1236384825138,"GCS","NAD83",,2000-05-06,,,,,,,,,,,,,,,"No","No",,"No",,,,3,3,0,,,,,,"No",,,"No",,,"No",,,,,,,"Fledged 0",,"Raw",2019-06-24 11:15:22,"swakamiya","Event","HumanObservation"
"PORE","Point Reyes National Seashore","K03_2001","{39744D68-DFEE-4649-ACE2-806C077E64E2}","K","Kehoe Beach",2001,,,"Charadrius nivosus","Western Snowy Plover","824030",-122.949428638385,38.1495290666258,"GCS","NAD83",,2001-05-16,,"None",,,,,,,,,,,,,"No","No",,"No",,,,,0,0,,,,,,"No",,,"No",,,"No",,,,,,,"Predation: Raven",,"Raw",2019-06-24 11:15:22,"swakamiya","Event","HumanObservation"
"PORE","Point Reyes National Seashore","K03_2002","{39744D68-DFEE-4649-ACE2-806C077E64E2}","K","Kehoe Beach",2002,,,"Charadrius nivosus","Western Snowy Plover","824030",-122.953055610882,38.1354437528378,"GCS","NAD83","Garmin 3+",2002-04-17,,"Square",,,,,,,,,,,,,"No","No",2002-04-17,"No",,,,2,0,0,2002-04-25,"Abandoned",,,,"No",,,"No",,,"No",,,,,,,"Abandoned 2 eggs",,"Raw",2019-06-24 11:15:22,"swakamiya","Event","HumanObservation"
"PORE","Point Reyes National Seashore","K03_2003","{39744D68-DFEE-4649-ACE2-806C077E64E2}","K","Kehoe Beach",2003,,,"Charadrius nivosus","Western Snowy Plover","824030",-122.957594596142,38.1201238837679,"GCS","NAD83","Garmin 3+",2003-04-14,,"Square",,,,,,,,,,,,,"No","No",2003-04-14,"No",2003-05-15,,,3,3,0,,,,,,"No",,,"No",,,"No",,,,,,,,,"Raw",2019-06-24 11:15:22,"swakamiya","Event","HumanObservation"
"PORE","Point Reyes National Seashore","K03_2004","{39744D68-DFEE-4649-ACE2-806C077E64E2}","K","Kehoe Beach",2004,,,"Charadrius nivosus","Western Snowy Plover","824030",-122.952459426679,38.139787628605,"GCS","NAD83","Garmin 3+",2004-04-15,,"Square",,,,,,,,,,,,,"No","No",2004-04-15,"No",,,,3,0,0,2004-04-20,"Tide",,,,"No",,,"No",,,"No",,,,,,,"fail/tide",,"Raw",2019-06-24 11:15:22,"swakamiya","Event","HumanObservation"
"PORE","Point Reyes National Seashore","K03_2005","{39744D68-DFEE-4649-ACE2-806C077E64E2}","K","Kehoe Beach",2005,,,"Charadrius nivosus","Western Snowy Plover","824030",,,,,,2005-07-14,,"Unknown",,,,,,,,,,,,,"No","No",,"No",2005-08-16,,,3,3,2,,,,,,"No",,,"No",,,"No",,,,,,,,,"Raw",2019-06-24 11:15:22,"swakamiya","Event","HumanObservation"
"PORE","Point Reyes National Seashore","K03_2006","{39744D68-DFEE-4649-ACE2-806C077E64E2}","K","Kehoe Beach",2006,,,"Charadrius nivosus","Western Snowy Plover","824030",,,,,,2006-05-11,,"Unknown",,,,,,,,,,,,,"No","No",,"No",,,,3,,,2006-05-25,"Abandoned",,,,"No",,,"No",,,"No",,,,,,,,,"Raw",2019-06-24 11:15:22,"swakamiya","Event","HumanObservation"
"PORE","Point Reyes National Seashore","K03_2007","{39744D68-DFEE-4649-ACE2-806C077E64E2}","K","Kehoe Beach",2007,,,"Charadrius nivosus","Western Snowy Plover","824030",,,,,,2007-04-16,,"Unknown",,,,,,,,,,,,,"No","No",,"No",2007-05-20,,,3,3,2,,,,,,"No",,,"No",,,"No",,,,,,,,,"Raw",2019-06-24 11:15:22,"swakamiya","Event","HumanObservation"
"PORE","Point Reyes National Seashore","K03_2008","{39744D68-DFEE-4649-ACE2-806C077E64E2}","K","Kehoe Beach",2008,,,"Charadrius nivosus","Western Snowy Plover","824030",,,,,,2008-04-20,,"Unknown",,,,,,,,,,,,,"No","No",,"No",,,,1,0,,,"Failed - Unknown",,,,"No",,,"No",,,"No",,,,,,,,,"Raw",2019-06-24 11:15:22,"swakamiya","Event","HumanObservation"
"PORE","Point Reyes National Seashore","K03_2009","{39744D68-DFEE-4649-ACE2-806C077E64E2}","K","Kehoe Beach",2009,,,"Charadrius nivosus","Western Snowy Plover","824030",-122.953317825814,38.1358133776589,"GCS","NAD83",,2009-05-21,2009-05-21,"Square","RKE","No","Yes","Yes","No","No","No","Yes","No","No","No","No","No","No",2009-05-17,"No",2009-06-17,2009-07-15,,3,3,1,,,,2009-06-18,2,"No",2009-06-30,13,"No",2009-07-03,16,"No",,,,,,,"Initiation date=approximate based on hatch.  Lost one chick at 1-3 days, lost 1 chick at 13-18 days.",,"Raw",2019-06-24 11:15:22,"swakamiya","Event","HumanObservation"
"PORE","Point Reyes National Seashore","K03_2010","{39744D68-DFEE-4649-ACE2-806C077E64E2}","K","Kehoe Beach",2010,,,"Charadrius nivosus","Western Snowy Plover","824030",-122.954702159472,38.1299736931666,"GCS","NAD83","Garmin",2010-05-21,2010-05-21,"Square","STE","Yes","No","No","No","Yes","No","Yes","No","No","No","No","No","No",2010-05-17,"No",2010-06-18,,,3,2,0,,,,2010-06-22,4,"No",2010-06-22,4,"No",,,"No",,,,,,,"Initiation date is estimated",,"Raw",2019-06-24 11:15:22,"swakamiya","Event","HumanObservation"
"PORE","Point Reyes National Seashore","K03_2011","{39744D68-DFEE-4649-ACE2-806C077E64E2}","K","Kehoe Beach",2011,,,"Charadrius nivosus","Western Snowy Plover","824030",-122.954792717089,38.1311453788861,"GCS","NAD83","Garmin",2011-07-27,,"None",,,,,,,,,,,,,"No","No",,"No",,,,3,3,0,,,,2011-08-03,21,"No",2011-08-03,21,"No",2011-08-06,24,"Yes",,,,,,,"This brood of chicks was discovered post hatch only. Nest UTM's are not location of nest but first location chicks were sighted. This brood of chicks may have fledged but an accurate estimate of age could not be obtained, so the brood is officialy considered to have fledged 0 chicks.",,"Raw",2019-06-24 11:15:22,"swakamiya","Event","HumanObservation"
"PORE","Point Reyes National Seashore","K03_2013","{39744D68-DFEE-4649-ACE2-806C077E64E2}","K","Kehoe Beach",2013,,,"Charadrius nivosus","Western Snowy Plover","824030",-122.955650844408,38.127243206501,"GCS","NAD83","Garmin",2013-04-05,2013-04-05,"Round","SKWE","Yes","No","Yes","Yes","No","No","Yes","No","No","No","No","No","No",2013-04-03,"No",,,,3,,,2013-05-23,"Eggs Non-viable",,,,"No",,,"No",,,"No",,"bw:yl",,2013-05-23,"USGS OR",,"Exclosed because of high CORA activity. 1 egg disappeared near hatch date, 2 eggs remained, collected",,"Raw",2019-06-24 11:15:22,"swakamiya","Event","HumanObservation"
"PORE","Point Reyes National Seashore","K03_2014","{39744D68-DFEE-4649-ACE2-806C077E64E2}","K","Kehoe Beach",2014,,,"Charadrius nivosus","Western Snowy Plover","824030",-122.953375396589,38.135002258311,"GCS","NAD83","Garmin",2014-05-02,2014-05-02,"Round","SKWD","Yes","No","Yes","Yes","No","No","No","Yes","No","No","No","No","No",2014-05-01,"No",,,,3,0,0,2014-06-21,"Eggs Non-viable",,,,"No",,,"No",,,"No",,,,2014-06-21,"Wildlife freezer",,"Exclosed because K01 and K02 failures.",,"Raw",2019-06-24 11:15:22,"swakamiya","Event","HumanObservation"
"PORE","Point Reyes National Seashore","K03_2015","{39744D68-DFEE-4649-ACE2-806C077E64E2}","K","Kehoe Beach",2015,,,"Charadrius nivosus","Western Snowy Plover","824030",-122.950823780789,38.1454379056622,"GCS","NAD83","Garmin",2015-04-21,2015-04-21,"Round","SKVWE","Yes","No","Yes","Yes","No","Yes","Yes","No","No","No","No","No","No",,"No",,,,3,0,0,2015-05-16,"Abandoned",,,,"No",,,"No",,,"No",,,,,,,"Classified as abandoned despite the high winds before the 5/16/15 because K04 maintained incubation and the eggs were unburied but the adults didn't return. Previously, the eggs were unburied and the adults returned.",,"Raw",2019-06-24 11:15:22,"swakamiya","Event","HumanObservation"
"PORE","Point Reyes National Seashore","K03_2016","{39744D68-DFEE-4649-ACE2-806C077E64E2}","K","Kehoe Beach",2016,,,"Charadrius nivosus","Western Snowy Plover","824030",-122.95217385531,38.1402201215223,"GCS","NAD83","Garmin",2016-05-09,2016-05-09,"Round","SWTVP","Yes","No","No","Yes","Yes","Yes","No","No","Yes","No","No","No","No",2016-05-08,"No",2016-06-11,,,2,1,0,,,,2016-06-16,5,"No",,,"No",,,"No",,"x:x","av:ry",,,,"Unknown reason for what caused chick loss.",,"Raw",2019-06-24 11:15:22,"swakamiya","Event","HumanObservation"
"PORE","Point Reyes National Seashore","K03_2017","{39744D68-DFEE-4649-ACE2-806C077E64E2}","K","Kehoe Beach",2017,,,"Charadrius nivosus","Western Snowy Plover","824030",-122.95160189873,38.1423018168454,"GCS","NAD83","Garmin",2017-06-14,,"None","SWVD","Yes","No","No","Yes","No","Yes","No","Yes","No","No","No","No","No",2017-06-12,"No",,,,3,0,0,2017-06-20,"Depredated by Known Predator","Common raven",,,"No",,,"No",,,"No",,"gy:yb","av:ry",,,,,,"Raw",2019-06-24 11:15:22,"swakamiya","Event","HumanObservation"
"PORE","Point Reyes National Seashore","K03_2018","{39744D68-DFEE-4649-ACE2-806C077E64E2}","K","Kehoe Beach",2018,,,"Charadrius nivosus","Western Snowy Plover","824030",-122.951625067778,38.1417790908921,"GCS","NAD83","Garmin",2018-05-04,2018-05-04,"Round","SVD","Yes","No","No","No","No","Yes","No","Yes","No","No","No","No","No",2018-04-26,"No",2018-05-30,,,3,3,0,,"Unknown",,,,"No",,,"No",,,"No",,"x:x","av:ry",,,,,,"Raw",2019-06-24 11:15:22,"swakamiya","Event","HumanObservation"
"PORE","Point Reyes National Seashore","K03_2019","{39744D68-DFEE-4649-ACE2-806C077E64E2}","K","Kehoe Beach",2019,,,"Charadrius nivosus","Western Snowy Plover","824030",-122.951350135591,38.1433561963763,"GCS","NAD83","Garmin",2019-06-10,2019-06-15,"Round","SVD","Yes","No","No","No","No","Yes","No","Yes","No","No","No","No","No",2019-06-10,"No",2019-07-11,2019-08-07,2019-07-11,3,3,2,,,,2019-07-27,16,"No",,,"No",,,"No",,"x:x","x:x",,,,,,"Raw",2019-08-24 14:04:50,"mlau","Event","HumanObservation"
<<<<<<< HEAD
=======
"PORE","Point Reyes National Seashore","NB11_2013","20130211164511-705547511.577606","NB","North Beach - South Parking",2013,"LCAC","Changed Loc_Code in Nest_ID from 'NP' to 'NB'","Charadrius nivosus","Western Snowy Plover","824030",-122.965441044163,38.1014340529517,"GCS","NAD83","Garmin",2013-06-07,,"None","SKE","Yes","No","Yes","No","No","No","Yes","No","No","No","No","No","No",2013-06-03,"No",2013-07-03,2013-07-31,,3,3,1,,,,2013-07-04,2,"Yes",2013-07-06,4,"Yes",,,"No",,,,,,,"Did not exclose because found as a 3 egg nest and other unexclosed nest in area still active.",,"Raw",2019-06-24 11:15:22,"swakamiya","Event","HumanObservation"
"PORE","Point Reyes National Seashore","NB12_2013","20130211164511-705547511.577606","NB","North Beach - South Parking",2013,"LCAC","Changed Loc_Code in Nest_ID from 'NP' to 'NB'","Charadrius nivosus","Western Snowy Plover","824030",-122.966000761865,38.0996136416973,"GCS","NAD83","Garmin",2013-06-10,2013-06-13,"Round","SKWE","Yes","No","Yes","Yes","No","No","Yes","No","No","No","No","No","No",2013-06-07,"No",2013-07-07,2013-08-04,,3,3,2,,,,2013-07-09,3,"No",,,"No",,,"No",,,,,,,"Exclosed because it was probably the pair from NP01 and NP06 and both previous nests had failed. Ruled out NP08 being this pair based on the scrapes being so similar to NP01 and NP06.",,"Raw",2019-06-24 11:15:22,"swakamiya","Event","HumanObservation"
"PORE","Point Reyes National Seashore","NB13_2013","20130211164511-705547511.577606","NB","North Beach - South Parking",2013,"LCAC","Changed Loc_Code in Nest_ID from 'NP' to 'NB'","Charadrius nivosus","Western Snowy Plover","824030",-122.967484993841,38.0961351405216,"GCS","NAD83","Garmin",2013-06-17,,"None","RKE","No","Yes","Yes","No","No","No","Yes","No","No","No","No","No","No",2013-06-14,"No",2013-07-19,2013-08-16,,3,2,1,,,,2013-08-04,17,"Yes",,,"No",,,"No",,"wl:oo","ly:yo",2013-08-10,"USGS OR",,"Did not exclose because first nest at PORE, other un-exclosed nests in the area still active and later in the season so higher chance of survival. Chick died while hatching",,"Raw",2019-06-24 11:15:22,"swakamiya","Event","HumanObservation"
"PORE","Point Reyes National Seashore","NB14_2013","20130211164511-705547511.577606","NB","North Beach - South Parking",2013,"LCAC","Changed Loc_Code in Nest_ID from 'NP' to 'NB'","Charadrius nivosus","Western Snowy Plover","824030",-122.97011057241,38.0900432141169,"GCS","NAD83","Garmin",2013-06-26,,"None","RKWE","No","Yes","Yes","Yes","No","No","Yes","No","No","No","No","No","No",2013-06-25,"No",2013-07-25,2013-08-22,,3,3,2,,,,2013-07-27,3,"Yes",,,"No",,,"No",,,,,,,"Did not exclose because later in the season so chance of survival is higher.",,"Raw",2019-06-24 11:15:22,"swakamiya","Event","HumanObservation"
"PORE","Point Reyes National Seashore","NB15_2013","20130211164511-705547511.577606","NB","North Beach - South Parking",2013,"LCAC","Changed Loc_Code in Nest_ID from 'NP' to 'NB'","Charadrius nivosus","Western Snowy Plover","824030",-122.966400471867,38.0984691377331,"GCS","NAD83","Garmin",2013-07-12,2013-07-14,"Round","SKE","Yes","No","Yes","No","No","No","Yes","No","No","No","No","No","No",2013-07-09,"No",2013-08-10,2013-09-07,,3,3,2,,,,2013-08-16,7,"No",,,"No",,,"No",,,,,,,"Probably same pair as NP08, in the same area. Exclosed because previous nest hatched but chicks only survived several days, close to end of the season and most likely their last attempt.",,"Raw",2019-06-24 11:15:22,"swakamiya","Event","HumanObservation"
"PORE","Point Reyes National Seashore","NP01_1997","{764DC5D8-DDE7-49E6-B146-A9328A9BB8B6}","NP","North Beach - Abbott's",1997,,,"Charadrius nivosus","Western Snowy Plover","824030",-122.969060372046,38.0925304639378,"GCS","NAD83","Map",1997-03-31,,,,,,,,,,,,,,,"No","No",,"No",,,,3,3,2,,,,,,"No",,,"No",,,"No",,,,,,,,,"Raw",2019-06-24 11:15:22,"swakamiya","Event","HumanObservation"
"PORE","Point Reyes National Seashore","NP01_1998","{764DC5D8-DDE7-49E6-B146-A9328A9BB8B6}","NP","North Beach - Abbott's",1998,,,"Charadrius nivosus","Western Snowy Plover","824030",-122.967073916629,38.0972616199509,"GCS","NAD83","Map",1998-04-14,,"Triangle",,,,,,,,,,,,,"No","No",,"No",,,,3,3,3,,,,,,"No",,,"No",,,"No",,"AR/YL","GW/RB",,,,,,"Raw",2019-06-24 11:15:22,"swakamiya","Event","HumanObservation"
"PORE","Point Reyes National Seashore","NP01_1999","{764DC5D8-DDE7-49E6-B146-A9328A9BB8B6}","NP","North Beach - Abbott's",1999,,,"Charadrius nivosus","Western Snowy Plover","824030",-122.962197968686,38.1089767160537,"GCS","NAD83",,1999-04-14,,"Triangle",,,,,,,,,,,,,"No","No",,"No",,,,3,2,0,,,,,,"No",,,"No",,,"No",,"AR/YL",,,,,"chicks lost due to severe windstorm or atv",,"Raw",2019-06-24 11:15:22,"swakamiya","Event","HumanObservation"
"PORE","Point Reyes National Seashore","NP01_2000","{764DC5D8-DDE7-49E6-B146-A9328A9BB8B6}","NP","North Beach - Abbott's",2000,,,"Charadrius nivosus","Western Snowy Plover","824030",-122.970407358891,38.08933128103,"GCS","NAD83",,2000-03-29,,,,,,,,,,,,,,,"No","No",,"No",,,,3,3,1,,,,,,"No",,,"No",,,"No",,"AR/YL","YGY/R",,,,"Fledged 1",,"Raw",2019-06-24 11:15:22,"swakamiya","Event","HumanObservation"
"PORE","Point Reyes National Seashore","NP01_2001","{764DC5D8-DDE7-49E6-B146-A9328A9BB8B6}","NP","North Beach - Abbott's",2001,,,"Charadrius nivosus","Western Snowy Plover","824030",-122.969619875971,38.0908452240002,"GCS","NAD83","Pro Xr",2001-03-24,,"None",,,,,,,,,,,,,"No","No",,"No",,,,2,0,0,,,,,,"No",,,"No",,,"No",,"AR/YL","YGY/R",,,,"Buried by wind blown sand",,"Raw",2019-06-24 11:15:22,"swakamiya","Event","HumanObservation"
"PORE","Point Reyes National Seashore","NP01_2002","{764DC5D8-DDE7-49E6-B146-A9328A9BB8B6}","NP","North Beach - Abbott's",2002,,,"Charadrius nivosus","Western Snowy Plover","824030",-122.968569412048,38.0938822471317,"GCS","NAD83","Garmin 3+",2002-04-11,,"Square",,,,,,,,,,,,,"No","No",2002-04-10,"No",,,,3,3,1,,,,,,"No",,,"No",,,"No",,,,,,,"Fledged 1",,"Raw",2019-06-24 11:15:22,"swakamiya","Event","HumanObservation"
"PORE","Point Reyes National Seashore","NP01_2003","{764DC5D8-DDE7-49E6-B146-A9328A9BB8B6}","NP","North Beach - Abbott's",2003,,,"Charadrius nivosus","Western Snowy Plover","824030",-122.959639247599,38.115528117548,"GCS","NAD83","Garmin 3+",2003-04-14,,"Square",,,,,,,,,,,,,"No","No",2003-04-14,"No",,,,2,0,0,2003-04-18,"Wind",,,,"No",,,"No",,,"No",,,,,,,"abandoned/wind",,"Raw",2019-06-24 11:15:22,"swakamiya","Event","HumanObservation"
"PORE","Point Reyes National Seashore","NP01_2004","{764DC5D8-DDE7-49E6-B146-A9328A9BB8B6}","NP","North Beach - Abbott's",2004,,,"Charadrius nivosus","Western Snowy Plover","824030",-122.959284880713,38.1168348398245,"GCS","NAD83","Garmin 3+",2004-04-12,,"Square",,,,,,,,,,,,,"No","No",2004-04-12,"No",,,,3,0,0,,"Tide",,,,"No",,,"No",,,"No",,,,,,,"washed out by tide",,"Raw",2019-06-24 11:15:22,"swakamiya","Event","HumanObservation"
"PORE","Point Reyes National Seashore","NP01_2005","{764DC5D8-DDE7-49E6-B146-A9328A9BB8B6}","NP","North Beach - Abbott's",2005,,,"Charadrius nivosus","Western Snowy Plover","824030",,,,,,2005-04-16,,"Unknown",,,,,,,,,,,,,"No","No",,"No",,,,2,,,2005-04-20,"Wind",,,,"No",,,"No",,,"No",,"pa:ap",":b",,,,,,"Raw",2019-06-24 11:15:22,"swakamiya","Event","HumanObservation"
"PORE","Point Reyes National Seashore","NP01_2006","{764DC5D8-DDE7-49E6-B146-A9328A9BB8B6}","NP","North Beach - Abbott's",2006,,,"Charadrius nivosus","Western Snowy Plover","824030",,,,,,2006-04-20,,"Unknown",,,,,,,,,,,,,"No","No",,"No",2006-05-19,,,3,2,1,,,,,,"No",,,"No",,,"No",,,":b",,,,,,"Raw",2019-06-24 11:15:22,"swakamiya","Event","HumanObservation"
"PORE","Point Reyes National Seashore","NP01_2007","{764DC5D8-DDE7-49E6-B146-A9328A9BB8B6}","NP","North Beach - Abbott's",2007,,,"Charadrius nivosus","Western Snowy Plover","824030",,,,,,2007-04-03,,"Unknown",,,,,,,,,,,,,"No","No",,"No",2007-05-08,,,3,2,0,,,,,,"No",,,"No",,,"No",,,"go:br",,,,,,"Raw",2019-06-24 11:15:22,"swakamiya","Event","HumanObservation"
"PORE","Point Reyes National Seashore","NP01_2008","{764DC5D8-DDE7-49E6-B146-A9328A9BB8B6}","NP","North Beach - Abbott's",2008,,,"Charadrius nivosus","Western Snowy Plover","824030",,,,,,2008-04-07,,"Unknown",,,,,,,,,,,,,"No","No",,"No",,,,3,3,0,,,,,,"No",,,"No",,,"No",,,"bo:ov",,,,,,"Raw",2019-06-24 11:15:22,"swakamiya","Event","HumanObservation"
"PORE","Point Reyes National Seashore","NP01_2009","{764DC5D8-DDE7-49E6-B146-A9328A9BB8B6}","NP","North Beach - Abbott's",2009,,,"Charadrius nivosus","Western Snowy Plover","824030",-122.961764220292,38.1095353650712,"GCS","NAD83",,2009-04-16,2009-04-16,"Square","RTE","No","Yes","No","No","Yes","No","Yes","No","No","No","No","No","No",,"No",,,,3,0,0,2009-04-21,"Wind",,,,"No",,,"No",,,"No",,"wo/bo",,,,,"Nest found with 2 eggs blown out by 80+ mph winds, 1 egg in nest and female tending it, so exclosed nest.  9 days later, no eggs in nest and no tracks.",,"Raw",2019-06-24 11:15:22,"swakamiya","Event","HumanObservation"
"PORE","Point Reyes National Seashore","NP03_2017","{764DC5D8-DDE7-49E6-B146-A9328A9BB8B6}","NP","North Beach - Abbott's",2017,,,"Charadrius nivosus","Western Snowy Plover","824030",-122.969265893148,38.0919446885954,"GCS","NAD83","Garmin",2017-05-01,2017-05-01,"Round","SKWE","Yes","No","Yes","Yes","No","No","Yes","No","No","No","No","No","No",2017-04-29,"No",,,,3,0,0,2017-06-01,"Abandoned",,,,"No",,,"No",,,"No",,"as:ab","as:yy",,,,"Female abandoned or predated",,"Raw",2019-06-24 11:15:22,"swakamiya","Event","HumanObservation"
"PORE","Point Reyes National Seashore","NP03_2018","{764DC5D8-DDE7-49E6-B146-A9328A9BB8B6}","NP","North Beach - Abbott's",2018,,,"Charadrius nivosus","Western Snowy Plover","824030",-122.969711029461,38.0910345154907,"GCS","NAD83","Garmin",2018-04-18,,"None","RWKE","No","Yes","Yes","Yes","No","No","Yes","No","No","No","No","No","No",,"Yes",,,,3,0,0,2018-05-01,"Depredated by Known Predator","Common raven",,,"No",,,"No",,,"No",,"x:x","as:yy",,,,,,"Raw",2019-06-24 11:15:22,"swakamiya","Event","HumanObservation"
"PORE","Point Reyes National Seashore","NP03_2019","{764DC5D8-DDE7-49E6-B146-A9328A9BB8B6}","NP","North Beach - Abbott's",2019,,,"Charadrius nivosus","Western Snowy Plover","824030",-122.963374661086,38.1053810074928,"GCS","NAD83","Garmin",2019-04-24,,,"RWE","No","Yes","No","Yes","No","No","Yes","No","No","No","No","No","No",,"Yes",,,,2,,,2019-04-26,"Depredated by Known Predator","Common raven",,,"No",,,"No",,,"No",,"x:x","x:x",,,,,,"Raw",2019-08-23 13:24:29,"mlau","Event","HumanObservation"
"PORE","Point Reyes National Seashore","NP03_2020","{764DC5D8-DDE7-49E6-B146-A9328A9BB8B6}","NP","North Beach - Abbott's",2020,,,"Charadrius nivosus","Western Snowy Plover","824030",-122.972062362054,38.0854832352499,"GCS","NAD83","Garmin",2020-04-17,,"None","SWE","Yes","No","No","Yes","No","No","Yes","No","No","No","No","No","No",2020-04-16,"No",,,,3,0,0,2020-04-21,"Depredated by Known Predator","Common raven",,,"No",,,"No",,,"No",,"ao:by","x:x",,,,,,"Raw",2020-09-18 11:50:05,"mjayl","Event","HumanObservation"
"PORE","Point Reyes National Seashore","NP03_2021","{764DC5D8-DDE7-49E6-B146-A9328A9BB8B6}","NP","North Beach - Abbott's",2021,,,"Charadrius nivosus","Western Snowy Plover","824030",-122.970217752636,38.0900819962024,"GCS","NAD83",,2021-04-26,2021-04-26,"Mini-Exclosure","SWKE","Yes","No","Yes","Yes","No","No","Yes","No","No","No","No","No","No",2021-04-24,"No",,,,3,0,0,2021-05-03,"Tide",,,,"No",,,"No",,,"No",,"as:gy","as:yy",,,,,,"Accepted",2021-12-13 10:32:03,"EEdson","Event","HumanObservation"
"PORE","Point Reyes National Seashore","NP03_2022","{764DC5D8-DDE7-49E6-B146-A9328A9BB8B6}","NP","North Beach - Abbott's",2022,,,"Charadrius nivosus","Western Snowy Plover","824030",-122.969776171305,38.0906965537564,"GCS","NAD83",,2022-04-08,,"None","SWKVE","Yes","No","Yes","Yes","No","Yes","Yes","No","No","No","No","No","No",,"Yes",2022-05-09,2022-06-05,2022-05-09,3,2,2,,,,,,"No",,,"No",,,"No",,"x:x","av:or",,,,"Adult male captured and banded, violet tape put back on silver band = av:or. 8021-20787",,"Provisional",2022-08-19 15:54:49,"mlau","Event","HumanObservation"
"PORE","Point Reyes National Seashore","NP03_2023","{764DC5D8-DDE7-49E6-B146-A9328A9BB8B6}","NP","North Beach - Abbott's",2023,,,"Charadrius nivosus","Western Snowy Plover","824030",-122.970022609475,38.0904190228504,"GCS","WGS84",,2023-04-14,2023-04-14,"Mini-Exclosure","SVD","Yes","No","No","No","No","Yes","No","Yes","No","No","No","No","No",2023-04-12,"No",,,,3,0,0,2023-05-01,"Tide","Common raven",,,"No",,,"No",,,"No",,"va:va","as:oa",,,,"Tides likely washed eggs out of ME, into new scrape just outside of ME. CORA tracks lead up to fresh scrape outside of ME.",,"Raw",2023-09-13 13:14:50,"mjayl","Event","HumanObservation"
"PORE","Point Reyes National Seashore","NP03_2024","{764DC5D8-DDE7-49E6-B146-A9328A9BB8B6}","NP","North Beach - Abbott's",2024,,,"Charadrius nivosus","Western Snowy Plover","824030",-122.97512,38.07733,"GCS","WGS84",,2024-04-19,2024-04-19,"Mini-Exclosure","SKWE","Yes","No","Yes","Yes","No","No","Yes","No","No","No","No","No","No",2024-04-18,"No",2024-05-20,2024-06-16,2024-05-20,3,3,2,,,,,,"No",,,"No",,,"No",,"av:gg","av:yb",,,,,,"Accepted",2026-04-22 09:55:16,"ksherrill","Event","HumanObservation"
"PORE","Point Reyes National Seashore","NP03_2025","{764DC5D8-DDE7-49E6-B146-A9328A9BB8B6}","NP","North Beach - Abbott's",2025,,,"Charadrius nivosus","Western Snowy Plover","824030",-122.972132479772,38.0851499503478,"GCS","WGS84",,2025-04-08,2025-04-08,"Round","SWE","Yes","No","No","Yes","No","No","Yes","No","No","No","No","No","No",,"No",,,,3,0,0,2025-05-05,"Failed - Unknown",,,,"No",,,"No",,,"No",,"x:x","va:yw?",,,,"F inc. 2e crack/tap. 1 no sign-2025-04-29; Nest predated at hatch. Obvious CORA tracks circling exclosure and unviable egg shifted, but still at nest. Chicks likely taken not long after hatch-2025-05-05",,"Accepted",2026-04-22 09:53:34,"ksherrill","Event","HumanObservation"
"PORE","Point Reyes National Seashore","NP04_1997","{764DC5D8-DDE7-49E6-B146-A9328A9BB8B6}","NP","North Beach - Abbott's",1997,,,"Charadrius nivosus","Western Snowy Plover","824030",-122.963785653818,38.1046330776028,"GCS","NAD83","Map",1997-04-22,,,,,,,,,,,,,,,"No","No",,"No",,,,2,2,2,,,,,,"No",,,"No",,,"No",,,,,,,,,"Raw",2019-06-24 11:15:22,"swakamiya","Event","HumanObservation"
"PORE","Point Reyes National Seashore","NP04_1998","{764DC5D8-DDE7-49E6-B146-A9328A9BB8B6}","NP","North Beach - Abbott's",1998,,,"Charadrius nivosus","Western Snowy Plover","824030",-122.970030767718,38.0899891172233,"GCS","NAD83","Map",1998-05-17,,"Triangle",,,,,,,,,,,,,"No","No",,"No",,,,3,2,2,,,,,,"No",,,"No",,,"No",,,,,,,,,"Raw",2019-06-24 11:15:22,"swakamiya","Event","HumanObservation"
"PORE","Point Reyes National Seashore","NP04_1999","{764DC5D8-DDE7-49E6-B146-A9328A9BB8B6}","NP","North Beach - Abbott's",1999,,,"Charadrius nivosus","Western Snowy Plover","824030",-122.96611501475,38.0991810628449,"GCS","NAD83",,1999-04-20,,"Square",,,,,,,,,,,,,"No","No",,"No",,,,3,3,0,,,,,,"No",,,"No",,,"No",,,"GW/RB",,,,"chicks lost on weekend - bobcat tracks near exclos",,"Raw",2019-06-24 11:15:22,"swakamiya","Event","HumanObservation"
"PORE","Point Reyes National Seashore","NP04_2000","{764DC5D8-DDE7-49E6-B146-A9328A9BB8B6}","NP","North Beach - Abbott's",2000,,,"Charadrius nivosus","Western Snowy Plover","824030",-122.962506513393,38.1078772614895,"GCS","NAD83",,2000-04-05,,,,,,,,,,,,,,,"No","No",,"No",,,,3,0,0,,,,,,"No",,,"No",,,"No",,"Y/PV",,,,,"Abandoned 3 eggs",,"Raw",2019-06-24 11:15:22,"swakamiya","Event","HumanObservation"
"PORE","Point Reyes National Seashore","NP04_2001","{764DC5D8-DDE7-49E6-B146-A9328A9BB8B6}","NP","North Beach - Abbott's",2001,,,"Charadrius nivosus","Western Snowy Plover","824030",-122.96105603837,38.1113376784561,"GCS","NAD83","Pro Xr",2001-04-07,,"Square",,,,,,,,,,,,,"No","No",,"No",,,,3,0,0,,,,,,"No",,,"No",,,"No",,,,,,,"Predation: Unidentified raptor",,"Raw",2019-06-24 11:15:22,"swakamiya","Event","HumanObservation"
"PORE","Point Reyes National Seashore","NP04_2002","{764DC5D8-DDE7-49E6-B146-A9328A9BB8B6}","NP","North Beach - Abbott's",2002,,,"Charadrius nivosus","Western Snowy Plover","824030",-122.959296388752,38.1166545894095,"GCS","NAD83","Garmin 3+",2002-04-09,,"Square",,,,,,,,,,,,,"No","No",2002-04-08,"No",,,,3,0,0,,,,,,"No",,,"No",,,"No",,,,,,,"Predation: Raven",,"Raw",2019-06-24 11:15:22,"swakamiya","Event","HumanObservation"
>>>>>>> origin/main
"PORE","Point Reyes National Seashore","K03_2020","{39744D68-DFEE-4649-ACE2-806C077E64E2}","K","Kehoe Beach",2020,,,"Charadrius nivosus","Western Snowy Plover","824030",-122.951350213394,38.143239031581,"GCS","NAD83","Garmin",2020-06-07,,"None","SVD","Yes","No","No","No","No","Yes","No","Yes","No","No","No","No","No",2020-06-07,"No",,,,1,0,0,2020-06-08,"Depredated by Known Predator","Rodent",,,"No",,,"No",,,"No",,"x:s","x:x",,,,,,"Raw",2020-09-18 11:03:22,"mjayl","Event","HumanObservation"
"PORE","Point Reyes National Seashore","K03_2021","{39744D68-DFEE-4649-ACE2-806C077E64E2}","K","Kehoe Beach",2021,,,"Charadrius nivosus","Western Snowy Plover","824030",-122.951155282371,38.1446269031064,"GCS","NAD83",,2021-04-02,,"None","SKWD","Yes","No","Yes","Yes","No","No","No","Yes","No","No","No","No","No",2021-04-01,"No",,,,1,0,0,2021-04-05,"Unknown Depredation","Unknown predator type",,,"No",,,"No",,,"No",,"x:b","av:ry",,,,"Coyote tracks near nest when nest was found depredated, running parallel with ocean but none go up to nest scrape. One potential CORA track near nest, but unsure. Fresh SNPL tracks lead up to the nest.",,"Accepted",2021-12-13 10:32:03,"EEdson","Event","HumanObservation"
"PORE","Point Reyes National Seashore","K03_2022","{39744D68-DFEE-4649-ACE2-806C077E64E2}","K","Kehoe Beach",2022,,,"Charadrius nivosus","Western Snowy Plover","824030",-122.952061784907,38.1405814844492,"GCS","NAD83",,2022-06-24,2022-06-24,"Mini-Exclosure","SVD","Yes","No","No","No","No","Yes","No","Yes","No","No","No","No","No",2022-06-21,"No",,,,3,0,0,2022-07-11,"Failed - Unknown",,,,"No",,,"No",,,"No",,"x:b","av:or",,,,"Nest was on steep slope on foredune, eggs likely rolled out and depredated.",,"Provisional",2022-11-01 11:20:12,"mlau","Event","HumanObservation"
"PORE","Point Reyes National Seashore","K03_2023","{39744D68-DFEE-4649-ACE2-806C077E64E2}","K","Kehoe Beach",2023,,,"Charadrius nivosus","Western Snowy Plover","824030",-122.955861054898,38.1192084536532,"GCS","WGS84",,2023-05-30,2023-05-30,"Mini-Exclosure","SVE","Yes","No","No","No","No","Yes","Yes","No","No","No","No","Yes","No",,"Yes",2023-06-25,,2023-06-26,3,3,0,,,,,,"No",,,"No",,,"No",,"ak:aa","va:ga",,,,,,"Provisional",2023-09-13 12:59:12,"mjayl","Event","HumanObservation"
"PORE","Point Reyes National Seashore","K03_2024","{39744D68-DFEE-4649-ACE2-806C077E64E2}","K","Kehoe Beach",2024,,,"Charadrius nivosus","Western Snowy Plover","824030",-122.95272,38.13853,"GCS","WGS84",,2024-06-14,2024-06-14,"Mini-Exclosure","SKE","Yes","No","Yes","No","No","No","Yes","No","No","No","No","No","No",2024-06-12,"No",2024-07-14,2024-08-10,2024-07-15,3,3,0,,,,,,"No",,,"No",,,"No",,"rv:go","va:gr",,,,,,"Accepted",2026-04-22 09:55:16,"ksherrill","Event","HumanObservation"
"PORE","Point Reyes National Seashore","K03_2025","{39744D68-DFEE-4649-ACE2-806C077E64E2}","K","Kehoe Beach",2025,,,"Charadrius nivosus","Western Snowy Plover","824030",-122.9529051,38.137921,"GCS","WGS84",,2025-04-28,2025-04-28,"Mini-Exclosure","SE","Yes","No","No","No","No","No","Yes","No","No","No","No","No","No",,"Yes",,,,3,0,0,2025-05-06,"Wind",,,,"No",,,"No",,,"No",,"rv:go","x:x",,,,"All eggs found buried after windstorm",,"Accepted",2026-04-22 09:53:34,"ksherrill","Event","HumanObservation"
"PORE","Point Reyes National Seashore","K04_2000","{39744D68-DFEE-4649-ACE2-806C077E64E2}","K","Kehoe Beach",2000,,,"Charadrius nivosus","Western Snowy Plover","824030",-122.9547935509,38.1297934743748,"GCS","NAD83",,2000-05-12,,,,,,,,,,,,,,,"No","No",,"No",,,,3,3,0,,,,,,"No",,,"No",,,"No",,,,,,,"Fledged 0",,"Raw",2019-06-24 11:15:22,"swakamiya","Event","HumanObservation"
"PORE","Point Reyes National Seashore","K04_2001","{39744D68-DFEE-4649-ACE2-806C077E64E2}","K","Kehoe Beach",2001,,,"Charadrius nivosus","Western Snowy Plover","824030",-122.954050183001,38.1325330460971,"GCS","NAD83",,2001-05-23,,"Square",,,,,,,,,,,,,"No","No",,"No",,,,3,3,0,,,,,,"No",,,"No",,,"No",,,,,,,"Fledged 0",,"Raw",2019-06-24 11:15:22,"swakamiya","Event","HumanObservation"
"PORE","Point Reyes National Seashore","K04_2002","{39744D68-DFEE-4649-ACE2-806C077E64E2}","K","Kehoe Beach",2002,,,"Charadrius nivosus","Western Snowy Plover","824030",-122.95209469281,38.1391205417383,"GCS","NAD83","Garmin 3+",2002-04-25,,"Square",,,,,,,,,,,,,"No","No",2002-04-25,"No",2002-05-29,,,2,2,1,,,,,,"No",,,"No",,,"No",,,,,,,"Fledged 1",,"Raw",2019-06-24 11:15:22,"swakamiya","Event","HumanObservation"
"PORE","Point Reyes National Seashore","K04_2003","{39744D68-DFEE-4649-ACE2-806C077E64E2}","K","Kehoe Beach",2003,,,"Charadrius nivosus","Western Snowy Plover","824030",-122.951270442612,38.1430677576096,"GCS","NAD83","Garmin 3+",2003-04-23,,"Square",,,,,,,,,,,,,"No","No",2003-04-23,"No",2003-06-01,,,3,2,0,,,,,,"No",,,"No",,,"No",,,,,,,,,"Raw",2019-06-24 11:15:22,"swakamiya","Event","HumanObservation"
"PORE","Point Reyes National Seashore","K04_2004","{39744D68-DFEE-4649-ACE2-806C077E64E2}","K","Kehoe Beach",2004,,,"Charadrius nivosus","Western Snowy Plover","824030",-122.951258610814,38.1436986402241,"GCS","NAD83","Garmin 3+",2004-04-21,,"Square",,,,,,,,,,,,,"No","No",2004-04-21,"No",,,,2,0,0,2004-04-21,"Wind",,,,"No",,,"No",,,"No",,,,,,,"fail/wind",,"Raw",2019-06-24 11:15:22,"swakamiya","Event","HumanObservation"
"PORE","Point Reyes National Seashore","K04_2005","{39744D68-DFEE-4649-ACE2-806C077E64E2}","K","Kehoe Beach",2005,,,"Charadrius nivosus","Western Snowy Plover","824030",,,,,,2005-07-26,,,,,,,,,,,,,,,"No","No",,"No",,,,3,0,,2005-08-02,"Tide",,,,"No",,,"No",,,"No",,,,,,,,,"Raw",2019-06-24 11:15:22,"swakamiya","Event","HumanObservation"
"PORE","Point Reyes National Seashore","K04_2006","{39744D68-DFEE-4649-ACE2-806C077E64E2}","K","Kehoe Beach",2006,,,"Charadrius nivosus","Western Snowy Plover","824030",,,,,,2006-05-11,,"Unknown",,,,,,,,,,,,,"No","No",,"No",2006-06-16,,,2,1,1,,,,,,"No",,,"No",,,"No",,"gb:ag",,,,,,,"Raw",2019-06-24 11:15:22,"swakamiya","Event","HumanObservation"
"PORE","Point Reyes National Seashore","K04_2007","{39744D68-DFEE-4649-ACE2-806C077E64E2}","K","Kehoe Beach",2007,,,"Charadrius nivosus","Western Snowy Plover","824030",,,,,,2007-04-24,,"Unknown",,,,,,,,,,,,,"No","No",,"No",2007-05-27,,,3,3,0,,,,,,"No",,,"No",,,"No",,,,,,,,,"Raw",2019-06-24 11:15:22,"swakamiya","Event","HumanObservation"
"PORE","Point Reyes National Seashore","K04_2008","{39744D68-DFEE-4649-ACE2-806C077E64E2}","K","Kehoe Beach",2008,,,"Charadrius nivosus","Western Snowy Plover","824030",,,,,,2008-04-22,,,,,,,,,,,,,,,"No","No",,"No",,,,3,0,,,"Depredated by Known Predator","Common raven",,,"No",,,"No",,,"No",,,,,,,,,"Raw",2019-06-24 11:15:22,"swakamiya","Event","HumanObservation"
"PORE","Point Reyes National Seashore","K04_2009","{39744D68-DFEE-4649-ACE2-806C077E64E2}","K","Kehoe Beach",2009,,,"Charadrius nivosus","Western Snowy Plover","824030",-122.954987150139,38.1303973995779,"GCS","NAD83",,2009-06-14,2009-06-14,"Square","RPKE","No","Yes","Yes","No","No","No","Yes","No","Yes","No","No","No","No",2009-06-11,"No",,,,2,0,0,2009-06-20,"Tide",,,,"No",,,"No",,,"No",,,,,,,,,"Raw",2019-06-24 11:15:22,"swakamiya","Event","HumanObservation"
"PORE","Point Reyes National Seashore","K04_2010","{39744D68-DFEE-4649-ACE2-806C077E64E2}","K","Kehoe Beach",2010,,,"Charadrius nivosus","Western Snowy Plover","824030",-122.955273848954,38.1280271687623,"GCS","NAD83","Garmin",2010-06-04,2010-06-04,"Square","SVD","Yes","No","No","No","No","Yes","No","Yes","No","No","No","No","No",2010-05-31,"No",2010-07-03,2010-07-30,,3,1,1,,,,,,"No",,,"No",,,"No",,,,2010-07-03,"Wildlife Freezer",,"Initiation date is estimation, 2 eggs collected for analysis",,"Raw",2019-06-24 11:15:22,"swakamiya","Event","HumanObservation"
"PORE","Point Reyes National Seashore","K04_2013","{39744D68-DFEE-4649-ACE2-806C077E64E2}","K","Kehoe Beach",2013,,,"Charadrius nivosus","Western Snowy Plover","824030",-122.954839190917,38.1297934919286,"GCS","NAD83","Garmin",2013-06-01,,"None","SKWE","Yes","No","Yes","Yes","No","No","Yes","No","No","No","No","No","No",2013-05-31,"No",,,,1,,,2013-06-07,"Depredated by Known Predator","Red/grey fox",,,"No",,,"No",,,"No","fox","bw:yl",,,,,"Didn't exclose because previous nests on Kehoe had been exclosed, good location on beach, and CORA activity had reduced.  Same female from K03_2013",,"Raw",2019-06-24 11:15:22,"swakamiya","Event","HumanObservation"
"PORE","Point Reyes National Seashore","K04_2014","{39744D68-DFEE-4649-ACE2-806C077E64E2}","K","Kehoe Beach",2014,,,"Charadrius nivosus","Western Snowy Plover","824030",-122.952460268715,38.1384898022374,"GCS","NAD83","Garmin",2014-07-04,2014-07-05,"Round","SKWE","Yes","No","Yes","Yes","No","No","Yes","No","No","No","No","No","No",2014-07-03,"No",,,,1,0,0,2014-07-07,"Abandoned",,,,"No",,,"No",,,"No",,,"ow:wg",2014-07-14,"Wildlife freezer",,"Exclosed because late in the season and thought pair wouldn't renest again. Also, M ow:wg seemed to be with a different female and thought might not abandoned this time.",,"Raw",2019-06-24 11:15:22,"swakamiya","Event","HumanObservation"
"PORE","Point Reyes National Seashore","K04_2015","{39744D68-DFEE-4649-ACE2-806C077E64E2}","K","Kehoe Beach",2015,,,"Charadrius nivosus","Western Snowy Plover","824030",-122.951246616865,38.1445728649884,"GCS","NAD83","Garmin",2015-04-29,2015-04-29,"Round","SWKE","Yes","No","Yes","Yes","No","No","Yes","No","No","No","No","No","No",2015-04-25,"No",2015-05-29,,,3,3,0,,,,2015-05-31,3,"Yes",2015-06-06,9,"Yes",2015-06-06,9,"Yes",,":s",,,,,,,"Raw",2019-06-24 11:15:22,"swakamiya","Event","HumanObservation"
"PORE","Point Reyes National Seashore","K04_2016","{39744D68-DFEE-4649-ACE2-806C077E64E2}","K","Kehoe Beach",2016,,,"Charadrius nivosus","Western Snowy Plover","824030",-122.953695833302,38.1335243034006,"GCS","NAD83","Garmin",2016-05-17,2016-05-18,"Round","RWVE","No","Yes","No","Yes","No","Yes","Yes","No","No","No","No","No","No",2016-05-16,"No",,,,3,0,0,2016-05-25,"Abandoned",,,,"No",,,"No",,,"No",,"wr:ar","x:x",,,,,,"Raw",2019-06-24 11:15:22,"swakamiya","Event","HumanObservation"
"PORE","Point Reyes National Seashore","K04_2017","{39744D68-DFEE-4649-ACE2-806C077E64E2}","K","Kehoe Beach",2017,,,"Charadrius nivosus","Western Snowy Plover","824030",-122.951704909281,38.1418422125148,"GCS","NAD83","Garmin",2017-06-14,,"None","SWE","Yes","No","No","Yes","No","No","Yes","No","No","No","No","No","No",,"No",,,,3,0,0,2017-06-20,"Depredated by Known Predator","Common raven",,,"No",,,"No",,,"No",,"as:or","av:or",,,,"Brother-sister pair from 2016 NP nest",,"Raw",2019-06-24 11:15:22,"swakamiya","Event","HumanObservation"
"PORE","Point Reyes National Seashore","K04_2018","{39744D68-DFEE-4649-ACE2-806C077E64E2}","K","Kehoe Beach",2018,,,"Charadrius nivosus","Western Snowy Plover","824030",-122.95222035987,38.138904288464,"GCS","NAD83","Garmin",2018-05-04,2018-05-09,"Round","SWKE","Yes","No","Yes","Yes","No","No","Yes","No","No","No","No","No","No",2018-05-04,"No",2018-06-10,,,3,3,0,,"Unknown",,,,"No",,,"No",,,"No",,"as:or","av:or",,,,"All 3 eggs hatched. M. Lau came upon nest and found 1 chick barely outside of exclosure, laying upside down, legs up, covered in sand, barely breathing. The second chick had trouble walking, and couldn't lift itself up; instead, it splayed its legs outward from its body, and ""swam"" towards male. The third chick was still halfway out of the egg. There were too many CORA around to band chicks.",,"Raw",2019-06-24 11:15:22,"swakamiya","Event","HumanObservation"
"PORE","Point Reyes National Seashore","K04_2019","{39744D68-DFEE-4649-ACE2-806C077E64E2}","K","Kehoe Beach",2019,,,"Charadrius nivosus","Western Snowy Plover","824030",-122.951018250247,38.1447530235207,"GCS","NAD83","Garmin",2019-06-15,2019-06-21,"Round","SVD","Yes","No","No","No","No","Yes","No","Yes","No","No","No","No","No",2019-06-15,"No",2019-07-20,2019-08-16,2019-07-20,3,2,2,,,,,,"No",,,"No",,,"No",,"as:wy","av:ry",,,,"2 chicks were adopted by male of another brood (K03_2019) around 7/27/19. Biological parents were observed alone, without chicks on this day. The two chicks (av:wo) were both found associating with x:x, M from K03, with his 2 av:oy chicks.",,"Raw",2019-08-24 14:08:02,"mlau","Event","HumanObservation"
"PORE","Point Reyes National Seashore","K04_2020","{39744D68-DFEE-4649-ACE2-806C077E64E2}","K","Kehoe Beach",2020,,,"Charadrius nivosus","Western Snowy Plover","824030",-122.951750337192,38.1421757003817,"GCS","NAD83","Garmin",2020-06-08,,"Round","SVD","Yes","No","No","No","No","Yes","No","Yes","No","No","No","No","No",2020-06-08,"No",2020-07-13,2020-08-09,2020-07-13,3,2,2,,,,,,"No",,,"No",,,"No",,"x:s","x:x",,,,"2 chicks were banded on separate dates, 7/13 and 7/15",,"Raw",2020-09-18 10:40:28,"mjayl","Event","HumanObservation"
"PORE","Point Reyes National Seashore","K04_2021","{39744D68-DFEE-4649-ACE2-806C077E64E2}","K","Kehoe Beach",2021,,,"Charadrius nivosus","Western Snowy Plover","824030",-122.951703285671,38.1425740415225,"GCS","NAD83",,2021-04-29,2021-05-03,"Mini-Exclosure","SVD","Yes","No","No","No","No","Yes","No","Yes","No","No","No","No","No",2021-04-29,"No",,,,4,0,0,2021-05-24,"Wind",,,,"No",,,"No",,,"No",,"x:s","av:or",,,,"4 egg nest! Possible egg dump from a separate female. 4th egg was laid on 5/10/21, well outside 5-7 day egg-laying window for x:s female","Edited on 1/5/2022 by Matt Lau - corrected Date Exclosure and Exclosure Type (from None to me).","Accepted",2021-12-13 10:32:03,"EEdson","Event","HumanObservation"
"PORE","Point Reyes National Seashore","K04_2023","{39744D68-DFEE-4649-ACE2-806C077E64E2}","K","Kehoe Beach",2023,,,"Charadrius nivosus","Western Snowy Plover","824030",-122.954941918628,38.1297322440132,"GCS","WGS84",,2023-06-23,2023-06-27,"Mini-Exclosure","SVE","Yes","No","No","No","No","Yes","Yes","No","No","No","No","No","No",,"Yes",2023-07-10,2023-08-06,,3,3,2,,,,,,"No",,,"No",,,"No",,"av:ya","av:yb",,,,,,"Raw",2023-09-13 13:00:32,"mjayl","Event","HumanObservation"
<<<<<<< HEAD
"PORE","Point Reyes National Seashore","NP04_1999","{764DC5D8-DDE7-49E6-B146-A9328A9BB8B6}","NP","North Beach - Abbott's",1999,,,"Charadrius nivosus","Western Snowy Plover","824030",-122.96611501475,38.0991810628449,"GCS","NAD83",,1999-04-20,,"Square",,,,,,,,,,,,,"No","No",,"No",,,,3,3,0,,,,,,"No",,,"No",,,"No",,,"GW/RB",,,,"chicks lost on weekend - bobcat tracks near exclos",,"Raw",2019-06-24 11:15:22,"swakamiya","Event","HumanObservation"
"PORE","Point Reyes National Seashore","NP04_2000","{764DC5D8-DDE7-49E6-B146-A9328A9BB8B6}","NP","North Beach - Abbott's",2000,,,"Charadrius nivosus","Western Snowy Plover","824030",-122.962506513393,38.1078772614895,"GCS","NAD83",,2000-04-05,,,,,,,,,,,,,,,"No","No",,"No",,,,3,0,0,,,,,,"No",,,"No",,,"No",,"Y/PV",,,,,"Abandoned 3 eggs",,"Raw",2019-06-24 11:15:22,"swakamiya","Event","HumanObservation"
"PORE","Point Reyes National Seashore","NP04_2001","{764DC5D8-DDE7-49E6-B146-A9328A9BB8B6}","NP","North Beach - Abbott's",2001,,,"Charadrius nivosus","Western Snowy Plover","824030",-122.96105603837,38.1113376784561,"GCS","NAD83","Pro Xr",2001-04-07,,"Square",,,,,,,,,,,,,"No","No",,"No",,,,3,0,0,,,,,,"No",,,"No",,,"No",,,,,,,"Predation: Unidentified raptor",,"Raw",2019-06-24 11:15:22,"swakamiya","Event","HumanObservation"
"PORE","Point Reyes National Seashore","NP04_2002","{764DC5D8-DDE7-49E6-B146-A9328A9BB8B6}","NP","North Beach - Abbott's",2002,,,"Charadrius nivosus","Western Snowy Plover","824030",-122.959296388752,38.1166545894095,"GCS","NAD83","Garmin 3+",2002-04-09,,"Square",,,,,,,,,,,,,"No","No",2002-04-08,"No",,,,3,0,0,,,,,,"No",,,"No",,,"No",,,,,,,"Predation: Raven",,"Raw",2019-06-24 11:15:22,"swakamiya","Event","HumanObservation"
"PORE","Point Reyes National Seashore","NP04_2003","{764DC5D8-DDE7-49E6-B146-A9328A9BB8B6}","NP","North Beach - Abbott's",2003,,,"Charadrius nivosus","Western Snowy Plover","824030",-122.964824597665,38.1025694756446,"GCS","NAD83","Garmin 3+",2003-04-23,,"Square",,,,,,,,,,,,,"No","No",2003-04-23,"No",2003-05-17,,,3,3,0,,,,,,"No",,,"No",,,"No",,,,,,,"3 chicks lost at 4 days old time unknown",,"Raw",2019-06-24 11:15:22,"swakamiya","Event","HumanObservation"
"PORE","Point Reyes National Seashore","NP04_2004","{764DC5D8-DDE7-49E6-B146-A9328A9BB8B6}","NP","North Beach - Abbott's",2004,,,"Charadrius nivosus","Western Snowy Plover","824030",-122.966971219383,38.0973787568827,"GCS","NAD83","Garmin 3+",2004-04-30,,"Square",,,,,,,,,,,,,"No","No",2004-04-30,"No",2004-05-27,,,3,3,1,,,,,,"No",,,"No",,,"No",,,,,,,"under big log / 2 chicks lost at night",,"Raw",2019-06-24 11:15:22,"swakamiya","Event","HumanObservation"
"PORE","Point Reyes National Seashore","NP04_2005","{764DC5D8-DDE7-49E6-B146-A9328A9BB8B6}","NP","North Beach - Abbott's",2005,,,"Charadrius nivosus","Western Snowy Plover","824030",,,,,,2005-04-28,,"Unknown",,,,,,,,,,,,,"No","No",,"No",2005-05-31,,,3,3,0,,,,,,"No",,,"No",,,"No",,,,,,,,,"Raw",2019-06-24 11:15:22,"swakamiya","Event","HumanObservation"
"PORE","Point Reyes National Seashore","NP04_2006","{764DC5D8-DDE7-49E6-B146-A9328A9BB8B6}","NP","North Beach - Abbott's",2006,,,"Charadrius nivosus","Western Snowy Plover","824030",,,,,,2006-05-05,,"Unknown",,,,,,,,,,,,,"No","No",,"No",2006-05-31,,,3,3,1,,,,,,"No",,,"No",,,"No",,,,,,,,,"Raw",2019-06-24 11:15:22,"swakamiya","Event","HumanObservation"
"PORE","Point Reyes National Seashore","NP04_2007","{764DC5D8-DDE7-49E6-B146-A9328A9BB8B6}","NP","North Beach - Abbott's",2007,,,"Charadrius nivosus","Western Snowy Plover","824030",,,,,,2007-04-13,,"Unknown",,,,,,,,,,,,,"No","No",,"No",2007-05-13,,,3,2,0,,,,,,"No",,,"No",,,"No",,,,,,,,,"Raw",2019-06-24 11:15:22,"swakamiya","Event","HumanObservation"
"PORE","Point Reyes National Seashore","NP04_2008","{764DC5D8-DDE7-49E6-B146-A9328A9BB8B6}","NP","North Beach - Abbott's",2008,,,"Charadrius nivosus","Western Snowy Plover","824030",,,,,,2008-04-16,,"Unknown",,,,,,,,,,,,,"No","No",,"No",,,,3,0,,,"Failed - Unknown",,,,"No",,,"No",,,"No",,,,,,,,,"Raw",2019-06-24 11:15:22,"swakamiya","Event","HumanObservation"
"PORE","Point Reyes National Seashore","NP04_2009","{764DC5D8-DDE7-49E6-B146-A9328A9BB8B6}","NP","North Beach - Abbott's",2009,,,"Charadrius nivosus","Western Snowy Plover","824030",-122.974470744932,38.0787963050395,"GCS","NAD83",,2009-05-30,2009-05-30,"Square","RE","No","Yes","No","No","No","No","Yes","No","No","No","No","No","No",2009-05-29,"No",2009-07-01,2009-07-29,,3,3,1,,,,2009-07-09,8,"No",2009-07-09,8,"No",,,"No",,,,,,,"lost 2 chicks at 6-9 days old to unknown cause",,"Raw",2019-06-24 11:15:22,"swakamiya","Event","HumanObservation"
"PORE","Point Reyes National Seashore","NP04_2010","{764DC5D8-DDE7-49E6-B146-A9328A9BB8B6}","NP","North Beach - Abbott's",2010,,,"Charadrius nivosus","Western Snowy Plover","824030",-122.974664639339,38.078625104197,"GCS","NAD83","Garmin",2010-05-21,2010-05-21,"Square","RE","No","Yes","No","No","No","No","Yes","No","No","No","No","No","No",,"No",,,,3,0,0,2010-05-26,"Unknown Depredation",,,,"No",,,"No",,,"No",,,,,,,"Unknown initiation date",,"Raw",2019-06-24 11:15:22,"swakamiya","Event","HumanObservation"
"PORE","Point Reyes National Seashore","NP04_2011","{764DC5D8-DDE7-49E6-B146-A9328A9BB8B6}","NP","North Beach - Abbott's",2011,,,"Charadrius nivosus","Western Snowy Plover","824030",-122.972142413001,38.084879398733,"GCS","NAD83","Garmin",2011-05-23,,"None","RTDP","No","Yes","No","No","Yes","No","No","Yes","Yes","No","No","No","No",,"No",,,,3,0,0,2011-06-02,"Failed - Unknown",,,,"No",,,"No",,,"No",,,,,,,"Nest under log, too big to exclose. No female on nest or nearby on 6/2/11, did not check egg status. 6/6/11 no eggs, no sign of depredation except eggs gone well before estimated hatch date.",,"Raw",2019-06-24 11:15:22,"swakamiya","Event","HumanObservation"
"PORE","Point Reyes National Seashore","NP04_2012","{764DC5D8-DDE7-49E6-B146-A9328A9BB8B6}","NP","North Beach - Abbott's",2012,,,"Charadrius nivosus","Western Snowy Plover","824030",-122.966377570751,38.0986674116442,"GCS","NAD83","Garmin",2012-06-18,,"None","RWE","No","Yes","No","Yes","No","No","Yes","No","No","No","No","No","No",,"No",2012-07-13,2012-08-10,,3,3,2,,,,2012-07-20,7,"No",,,"No",,,"No",,"lg:yo",,,,,"nest under log, could not exclose",,"Raw",2019-06-24 11:15:22,"swakamiya","Event","HumanObservation"
"PORE","Point Reyes National Seashore","NP04_2014","{764DC5D8-DDE7-49E6-B146-A9328A9BB8B6}","NP","North Beach - Abbott's",2014,,,"Charadrius nivosus","Western Snowy Plover","824030",-122.967884645937,38.0950266818212,"GCS","NAD83","Garmin",2014-04-03,,"None","SWE","Yes","No","No","Yes","No","No","Yes","No","No","No","No","No","No",,"No",,,,3,0,0,2014-04-07,"Depredated by Known Predator","Common raven",,,"No",,,"No",,,"No",,,"ly:yo",,,,"Initiation date unknown. Did not exclose nest because found it as a 3 egg nest and it was early in the season. Additionally, in the AT&T area which had good success in 2013 of unexclosed nests.",,"Raw",2019-06-24 11:15:22,"swakamiya","Event","HumanObservation"
"PORE","Point Reyes National Seashore","NP04_2015","{764DC5D8-DDE7-49E6-B146-A9328A9BB8B6}","NP","North Beach - Abbott's",2015,,,"Charadrius nivosus","Western Snowy Plover","824030",-122.966331759874,38.0990819849251,"GCS","NAD83","Garmin",2015-04-14,,"None","RKE","No","Yes","Yes","No","No","No","Yes","No","No","No","No","No","No",2015-04-12,"No",,,,2,,,2015-04-16,"Depredated by Known Predator","Common raven",,,"No",,,"No",,,"No",,"Unknown","Unknown",,,,"Nest discovered after it was partially depredated, CORA activity in area before approaching and discovered nest with one egg and one shell. Know there was at least 2 eggs. CORA tracks around nest. Adults not observed. Didn't exclose because already starting to be depredated.",,"Raw",2019-06-24 11:15:22,"swakamiya","Event","HumanObservation"
"PORE","Point Reyes National Seashore","NP04_2016","{764DC5D8-DDE7-49E6-B146-A9328A9BB8B6}","NP","North Beach - Abbott's",2016,,,"Charadrius nivosus","Western Snowy Plover","824030",-122.97411736946,38.0785438699369,"GCS","NAD83","Garmin",2016-04-15,2016-04-15,"Round","SRTE","Yes","Yes","No","No","Yes","No","Yes","No","No","No","No","No","No",2016-04-15,"No",,,,1,0,0,2016-04-18,"Human Destroyed","Human",,,"No",,,"No",,,"No","Yes","x:x","x:x",,,,,,"Raw",2019-06-24 11:15:22,"swakamiya","Event","HumanObservation"
"PORE","Point Reyes National Seashore","NP04_2017","{764DC5D8-DDE7-49E6-B146-A9328A9BB8B6}","NP","North Beach - Abbott's",2017,,,"Charadrius nivosus","Western Snowy Plover","824030",-122.972827041343,38.0836718477962,"GCS","NAD83","Garmin",2017-05-05,,"None","SVE","Yes","No","No","No","No","Yes","Yes","No","No","No","No","No","No",,"Yes",,,,3,0,0,2017-05-06,"Depredated by Known Predator","Common raven",,,"No",,,"No",,,"No",,"x:x","unknown",,,,,,"Raw",2019-06-24 11:15:22,"swakamiya","Event","HumanObservation"
"PORE","Point Reyes National Seashore","NP04_2018","{764DC5D8-DDE7-49E6-B146-A9328A9BB8B6}","NP","North Beach - Abbott's",2018,,,"Charadrius nivosus","Western Snowy Plover","824030",-122.961741293765,38.1097516631548,"GCS","NAD83","Garmin",2018-04-20,,"None","RWE","No","Yes","No","Yes","No","No","Yes","No","No","No","No","Yes","Yes",,"Yes",,,,3,0,0,2018-04-25,"Depredated by Known Predator","Common raven",,,"No",,,"No",,,"No",,"av:ow","unk",,,,,,"Raw",2019-06-24 11:15:22,"swakamiya","Event","HumanObservation"
"PORE","Point Reyes National Seashore","NP04_2019","{764DC5D8-DDE7-49E6-B146-A9328A9BB8B6}","NP","North Beach - Abbott's",2019,,,"Charadrius nivosus","Western Snowy Plover","824030",-122.970601236465,38.0892952786409,"GCS","NAD83","Garmin",2019-04-29,,,"SKWEP","Yes","No","Yes","Yes","No","No","Yes","No","Yes","No","No","No","No",,"Yes",,,,3,,,2019-05-20,"Tide",,,,"No",,,"No",,,"No",,"x:x","as:yy",,,,,,"Raw",2019-08-23 13:28:42,"mlau","Event","HumanObservation"
"PORE","Point Reyes National Seashore","NP04_2020","{764DC5D8-DDE7-49E6-B146-A9328A9BB8B6}","NP","North Beach - Abbott's",2020,,,"Charadrius nivosus","Western Snowy Plover","824030",-122.973854394122,38.0805897122475,"GCS","NAD83","Garmin",2020-04-20,,"None","SKWE","Yes","No","Yes","Yes","No","No","Yes","No","No","No","No","No","No",2020-04-19,"No",,,,1,0,0,2020-04-21,"Depredated by Known Predator","Common raven",,,"No",,,"No",,,"No",,"x:x?","as:or?",,,,,,"Raw",2020-09-18 11:51:26,"mjayl","Event","HumanObservation"
"PORE","Point Reyes National Seashore","NP04_2021","{764DC5D8-DDE7-49E6-B146-A9328A9BB8B6}","NP","North Beach - Abbott's",2021,,,"Charadrius nivosus","Western Snowy Plover","824030",-122.970053590058,38.0899530719951,"GCS","NAD83",,2021-05-10,2021-05-12,"Mini-Exclosure","SVE","Yes","No","No","No","No","Yes","Yes","No","No","No","No","No","No",2021-05-10,"No",2021-06-13,2021-07-10,2021-06-13,3,3,3,,,,,,"No",,,"No",,,"No",,"x:x","as:or",,,,,,"Accepted",2021-12-13 10:32:03,"EEdson","Event","HumanObservation"
"PORE","Point Reyes National Seashore","NP04_2022","{764DC5D8-DDE7-49E6-B146-A9328A9BB8B6}","NP","North Beach - Abbott's",2022,,,"Charadrius nivosus","Western Snowy Plover","824030",-122.968754433786,38.0932477984509,"GCS","NAD83",,2022-04-13,2022-04-13,"Mini-Exclosure","SVE","Yes","No","No","No","No","Yes","Yes","No","No","No","No","No","No",,"Yes",2022-05-14,,,3,3,0,,,,,,"No",,,"No",,,"No",,"va:va","as:oa",,,,"Adult x:x female was captured and banded va:va. 8021-26966",,"Provisional",2022-08-19 15:56:40,"mlau","Event","HumanObservation"
"PORE","Point Reyes National Seashore","NP04_2023","{764DC5D8-DDE7-49E6-B146-A9328A9BB8B6}","NP","North Beach - Abbott's",2023,,,"Charadrius nivosus","Western Snowy Plover","824030",-122.959495988866,38.1146601420549,"GCS","WGS84",,2023-04-14,2023-04-14,"Mini-Exclosure","RWE","No","Yes","No","Yes","No","No","Yes","No","No","No","No","No","Yes",,"Yes",2023-05-08,2023-06-04,2023-05-08,3,3,0,,,,,,"No",,,"No",,,"No",,"av:ya","av:yb",,,,,,"Raw",2023-09-13 13:16:57,"mjayl","Event","HumanObservation"
"PORE","Point Reyes National Seashore","NP04_2024","{764DC5D8-DDE7-49E6-B146-A9328A9BB8B6}","NP","North Beach - Abbott's",2024,,,"Charadrius nivosus","Western Snowy Plover","824030",-122.97329,38.08264,"GCS","WGS84",,2024-04-19,2024-04-19,"Mini-Exclosure","SRWKE","Yes","Yes","Yes","Yes","No","No","Yes","No","No","No","No","No","No",,"Yes",2024-05-17,2024-06-13,2024-05-17,3,3,1,,,,,,"No",,,"No",,,"No",,"x:x","av:aw",,,,,,"Accepted",2026-04-22 09:55:16,"ksherrill","Event","HumanObservation"
"PORE","Point Reyes National Seashore","NP04_2025","{764DC5D8-DDE7-49E6-B146-A9328A9BB8B6}","NP","North Beach - Abbott's",2025,,,"Charadrius nivosus","Western Snowy Plover","824030",-122.9632169,38.1061621,"GCS","WGS84",,2025-04-11,2025-04-11,"Mini-Exclosure","SWE","Yes","No","No","Yes","No","No","Yes","No","No","No","No","No","Yes",,"No",2025-05-05,2025-06-02,2025-06-10,3,2,2,,,,,,"No",,,"No",,,"No",,"x:x","x:x",,,,"Nest abandoned after windstorm. Eggs dug out of sand and in the process of hatching. Eggs collected and taken to IBR (one egg hatched in transit). 2 viable eggs captive reared (3rd did not hatch). Released 6/30/25 at North Beach w/ 3 captive reared Montezuma salvage birds",,"Accepted",2026-04-22 09:53:34,"ksherrill","Event","HumanObservation"
=======
>>>>>>> origin/main
"PORE","Point Reyes National Seashore","K04_2024","{39744D68-DFEE-4649-ACE2-806C077E64E2}","K","Kehoe Beach",2024,,,"Charadrius nivosus","Western Snowy Plover","824030",-122.95346,38.13498,"GCS","WGS84",,2024-06-27,2024-06-28,"Mini-Exclosure","SWE","Yes","No","No","Yes","No","No","Yes","No","No","No","No","No","No",,"Yes",,2024-08-21,2024-07-25,3,3,2,,,,,,"No",,,"No",,,"No",,"av:oo","x:x",,,,"Microhabitat for nest included dried velella velella.",,"Accepted",2026-04-22 09:55:16,"ksherrill","Event","HumanObservation"
"PORE","Point Reyes National Seashore","K04_2025","{39744D68-DFEE-4649-ACE2-806C077E64E2}","K","Kehoe Beach",2025,,,"Charadrius nivosus","Western Snowy Plover","824030",-122.953016026704,38.1385649837827,"GCS","WGS84",,2025-05-09,2025-05-09,"Mini-Exclosure","SKW","Yes","No","Yes","Yes","No","No","No","No","No","No","No","No","No",2025-05-09,"No",2025-06-09,2025-07-07,2025-06-09,3,3,0,,,,,,"No",,,"No",,,"No",,"va:oy","x:x",,,,"2 eggs-2025-05-12; 3 eggs, ME good. va:oy f around. -2025-05-28; va:oy f around. all 3 had cracks, 1 with inconsistent tapping. -2025-06-06",,"Accepted",2026-04-22 09:53:34,"ksherrill","Event","HumanObservation"
"PORE","Point Reyes National Seashore","K05_2000","{39744D68-DFEE-4649-ACE2-806C077E64E2}","K","Kehoe Beach",2000,,,"Charadrius nivosus","Western Snowy Plover","824030",-122.956611385158,38.1236384825138,"GCS","NAD83",,2000-06-14,,,,,,,,,,,,,,,"No","No",,"No",,,,3,0,0,,,,,,"No",,,"No",,,"No",,,,,,,"Failed to hatch",,"Raw",2019-06-24 11:15:22,"swakamiya","Event","HumanObservation"
"PORE","Point Reyes National Seashore","K05_2001","{39744D68-DFEE-4649-ACE2-806C077E64E2}","K","Kehoe Beach",2001,,,"Charadrius nivosus","Western Snowy Plover","824030",-122.949954662116,38.1480331886133,"GCS","NAD83",,2001-06-01,,"Square",,,,,,,,,,,,,"No","No",,"No",,,,3,3,2,,,,,,"No",,,"No",,,"No",,,,,,,"Fledged 2",,"Raw",2019-06-24 11:15:22,"swakamiya","Event","HumanObservation"
"PORE","Point Reyes National Seashore","K05_2002","{39744D68-DFEE-4649-ACE2-806C077E64E2}","K","Kehoe Beach",2002,,,"Charadrius nivosus","Western Snowy Plover","824030",-122.953844125495,38.1335964633115,"GCS","NAD83","Garmin 3+",2002-04-25,,"Square",,,,,,,,,,,,,"No","No",2002-04-24,"No",2002-05-27,,,3,2,0,,,,,,"No",,,"No",,,"No",,,,,,,"Fledged 0",,"Raw",2019-06-24 11:15:22,"swakamiya","Event","HumanObservation"
"PORE","Point Reyes National Seashore","K05_2003","{39744D68-DFEE-4649-ACE2-806C077E64E2}","K","Kehoe Beach",2003,,,"Charadrius nivosus","Western Snowy Plover","824030",-122.952666400885,38.13736329956,"GCS","NAD83","Garmin 3+",2003-05-22,,"Square",,,,,,,,,,,,,"No","No",2003-05-22,"No",2003-06-21,,,3,3,0,,,,,,"No",,,"No",,,"No",,,,,,,,,"Raw",2019-06-24 11:15:22,"swakamiya","Event","HumanObservation"
"PORE","Point Reyes National Seashore","K05_2004","{39744D68-DFEE-4649-ACE2-806C077E64E2}","K","Kehoe Beach",2004,,,"Charadrius nivosus","Western Snowy Plover","824030",-122.955330936045,38.1279641015634,"GCS","NAD83","Garmin 3+",2004-04-23,,"None",,,,,,,,,,,,,"No","No",2004-04-23,"No",,,,3,3,1,,,,,,"No",,,"No",,,"No",,,,,,,"under log/ 2 lost in day",,"Raw",2019-06-24 11:15:22,"swakamiya","Event","HumanObservation"
"PORE","Point Reyes National Seashore","K05_2006","{39744D68-DFEE-4649-ACE2-806C077E64E2}","K","Kehoe Beach",2006,,,"Charadrius nivosus","Western Snowy Plover","824030",,,,,,2006-05-31,,"Unknown",,,,,,,,,,,,,"No","No",,"No",2006-06-16,,,3,3,2,,,,,,"No",,,"No",,,"No",,,,,,,,,"Raw",2019-06-24 11:15:22,"swakamiya","Event","HumanObservation"
"PORE","Point Reyes National Seashore","K05_2007","{39744D68-DFEE-4649-ACE2-806C077E64E2}","K","Kehoe Beach",2007,,,"Charadrius nivosus","Western Snowy Plover","824030",,,,,,2007-04-26,,"Unknown",,,,,,,,,,,,,"No","No",,"No",2007-05-28,,,3,3,3,,,,,,"No",,,"No",,,"No",,,,,,,,,"Raw",2019-06-24 11:15:22,"swakamiya","Event","HumanObservation"
"PORE","Point Reyes National Seashore","K05_2008","{39744D68-DFEE-4649-ACE2-806C077E64E2}","K","Kehoe Beach",2008,,,"Charadrius nivosus","Western Snowy Plover","824030",,,,,,2008-05-13,,,,,,,,,,,,,,,"No","No",,"No",,,,3,3,0,,,,,,"No",,,"No",,,"No",,,,,,,,,"Raw",2019-06-24 11:15:22,"swakamiya","Event","HumanObservation"
"PORE","Point Reyes National Seashore","K05_2009","{39744D68-DFEE-4649-ACE2-806C077E64E2}","K","Kehoe Beach",2009,,,"Charadrius nivosus","Western Snowy Plover","824030",-122.953078097949,38.135966497887,"GCS","NAD83",,2009-07-01,2009-07-01,"Square","RVE","No","Yes","No","No","No","Yes","Yes","No","No","No","No","No","No",2009-06-25,"No",2009-07-19,,,3,3,0,,,,2009-07-19,0,"Yes",2009-07-19,0,"Yes",2009-07-19,0,"Yes",,,,,,,"Initiation date=approximate based on hatch date.",,"Raw",2019-06-24 11:15:22,"swakamiya","Event","HumanObservation"
"PORE","Point Reyes National Seashore","K05_2010","{39744D68-DFEE-4649-ACE2-806C077E64E2}","K","Kehoe Beach",2010,,,"Charadrius nivosus","Western Snowy Plover","824030",-122.956804898207,38.1243866086583,"GCS","NAD83","Garmin",2010-06-11,2010-06-11,"Square","RKE","No","Yes","Yes","No","No","No","Yes","No","No","No","No","No","No",2010-06-09,"No",,,,3,0,0,2010-08-01,"Eggs Non-viable",,,,"No",,,"No",,,"No",,,,2010-08-01,"Wildlife Freezer",,"3 eggs collected for analysis",,"Raw",2019-06-24 11:15:22,"swakamiya","Event","HumanObservation"
<<<<<<< HEAD
"PORE","Point Reyes National Seashore","K05_2013","{39744D68-DFEE-4649-ACE2-806C077E64E2}","K","Kehoe Beach",2013,,,"Charadrius nivosus","Western Snowy Plover","824030",-122.953158308833,38.1354437938332,"GCS","NAD83","Garmin",2013-06-15,2013-06-15,"Round","SKWE","Yes","No","Yes","Yes","No","No","Yes","No","No","No","No","No","No",2013-06-12,"No",2013-07-12,2013-08-09,,3,2,2,,,,,,"No",,,"No",,,"No",,,,2013-07-15,"USGS OR",,"Nest inside exclosure for K01_2013",,"Raw",2019-06-24 11:15:22,"swakamiya","Event","HumanObservation"
"PORE","Point Reyes National Seashore","K05_2014","{39744D68-DFEE-4649-ACE2-806C077E64E2}","K","Kehoe Beach",2014,,,"Charadrius nivosus","Western Snowy Plover","824030",-122.953375396589,38.135002258311,"GCS","NAD83","Garmin",2014-07-05,2014-07-05,"Round","SWVD","Yes","No","No","Yes","No","Yes","No","Yes","No","No","No","No","No",2014-07-04,"No",2014-08-06,2014-09-02,,3,3,2,,,,2014-08-09,4,"Yes",,,"No",,,"No",,,,,,,"Pair nested in already established exclosure.",,"Raw",2019-06-24 11:15:22,"swakamiya","Event","HumanObservation"
"PORE","Point Reyes National Seashore","K05_2015","{39744D68-DFEE-4649-ACE2-806C077E64E2}","K","Kehoe Beach",2015,,,"Charadrius nivosus","Western Snowy Plover","824030",-122.953284069855,38.1350653108708,"GCS","NAD83","Garmin",2015-05-03,,"None","SVE","Yes","No","No","No","No","Yes","Yes","No","No","No","No","No","No",,"No",,,,3,0,0,2015-05-09,"Unknown Depredation",,,,"No",,,"No",,,"No",,,"Unknown",,,,,,"Raw",2019-06-24 11:15:22,"swakamiya","Event","HumanObservation"
"PORE","Point Reyes National Seashore","K05_2016","{39744D68-DFEE-4649-ACE2-806C077E64E2}","K","Kehoe Beach",2016,,,"Charadrius nivosus","Western Snowy Plover","824030",-122.955250721382,38.1285318712818,"GCS","NAD83","Garmin",2016-05-23,2016-05-23,"Round","SWVE","Yes","No","No","Yes","No","Yes","Yes","No","No","No","No","No","No",2016-05-23,"No",2016-06-25,2016-07-23,2016-06-24,3,3,2,,,,2016-07-08,13,"No",,,"No",,,"No",,"gy:yy","x:x",,,,,,"Raw",2019-06-24 11:15:22,"swakamiya","Event","HumanObservation"
"PORE","Point Reyes National Seashore","K05_2017","{39744D68-DFEE-4649-ACE2-806C077E64E2}","K","Kehoe Beach",2017,,,"Charadrius nivosus","Western Snowy Plover","824030",-122.954473309458,38.1310190777663,"GCS","NAD83","Garmin",2017-06-23,,"None","SWD","Yes","No","No","Yes","No","No","No","Yes","No","No","No","No","No",2017-06-23,"No",,,,2,0,0,2017-06-26,"Depredated by Known Predator","Common raven",,,"No",,,"No",,,"No",,"aw:yl","ow:wg",,,,,,"Raw",2019-06-24 11:15:22,"swakamiya","Event","HumanObservation"
"PORE","Point Reyes National Seashore","K05_2018","{39744D68-DFEE-4649-ACE2-806C077E64E2}","K","Kehoe Beach",2018,,,"Charadrius nivosus","Western Snowy Plover","824030",-122.953340871493,38.1354618918701,"GCS","NAD83","Garmin",2018-06-15,2018-06-20,"Round","SKE","Yes","No","Yes","No","No","No","Yes","No","No","No","No","No","No",2018-06-15,"No",,,,3,0,0,2018-06-28,"Abandoned",,,,"No",,,"No",,,"No",,"x:x","av:ry",,,,,,"Raw",2019-06-24 11:15:22,"swakamiya","Event","HumanObservation"
"PORE","Point Reyes National Seashore","K05_2019","{39744D68-DFEE-4649-ACE2-806C077E64E2}","K","Kehoe Beach",2019,,,"Charadrius nivosus","Western Snowy Plover","824030",-122.952002427032,38.1406075969916,"GCS","NAD83","Garmin",2019-07-08,2019-07-11,"Round","SVD","Yes","No","No","No","No","Yes","No","Yes","No","No","No","No","No",2019-07-06,"No",2019-08-03,2019-08-30,2019-08-04,2,2,1,,,,,,"No",,,"No",,,"No",,"x:x","av:or",,,,"1 chick lost sometime between 8/15 and 8/24.",,"Raw",2019-08-24 14:10:02,"mlau","Event","HumanObservation"
"PORE","Point Reyes National Seashore","K05_2020","{39744D68-DFEE-4649-ACE2-806C077E64E2}","K","Kehoe Beach",2020,,,"Charadrius nivosus","Western Snowy Plover","824030",-122.95218508461,38.1404995192849,"GCS","NAD83","Garmin",2020-07-01,2020-07-01,"Round","SVE","Yes","No","No","No","No","Yes","Yes","No","No","No","No","No","No",,"Yes",,,,3,0,0,2020-07-07,"Abandoned",,,,"No",,,"No",,,"No",,"av:rg","av:gr?",,,,"Abandoned, female observed far south of nest on NP and L earlier in the week. One of the abandoned eggs was taken by a coyote!",,"Raw",2020-09-18 10:44:05,"mjayl","Event","HumanObservation"
"PORE","Point Reyes National Seashore","K05_2021","{39744D68-DFEE-4649-ACE2-806C077E64E2}","K","Kehoe Beach",2021,,,"Charadrius nivosus","Western Snowy Plover","824030",-122.950795122564,38.145627159848,"GCS","NAD83",,2021-05-03,2021-05-03,"Mini-Exclosure","SVE","Yes","No","No","No","No","Yes","Yes","No","No","No","No","No","No",,"Yes",,,,3,0,0,2021-05-18,"Wind",,,,"No",,,"No",,,"No",,"x:b","av:ry",,,,,,"Accepted",2021-12-13 10:32:03,"EEdson","Event","HumanObservation"
"PORE","Point Reyes National Seashore","K05_2023","{39744D68-DFEE-4649-ACE2-806C077E64E2}","K","Kehoe Beach",2023,,,"Charadrius nivosus","Western Snowy Plover","824030",-122.952025179592,38.1407157574822,"GCS","WGS84",,2023-06-28,,"None","SV","Yes","No","No","No","No","Yes","No","No","No","No","No","No","No",2023-06-26,"No",,,,2,0,0,2023-06-29,"Depredated by Known Predator","Common raven",,,"No",,,"No",,,"No",,"av:ob","av:or",,,,,,"Raw",2023-09-13 13:03:47,"mjayl","Event","HumanObservation"
"PORE","Point Reyes National Seashore","K05_2024","{39744D68-DFEE-4649-ACE2-806C077E64E2}","K","Kehoe Beach",2024,,,"Charadrius nivosus","Western Snowy Plover","824030",-122.95754,38.12162,"GCS","WGS84",,2024-07-18,2024-07-19,"Mini-Exclosure","SW","Yes","No","No","Yes","No","No","No","No","No","No","No","No","No",,"Yes",,,,3,,,2024-08-13,"Abandoned",,,,"No",,,"No",,,"No",,"va:oy",,,,,"Male of nest never confirmed. Possibly rv:ao, va:ga.",,"Accepted",2026-04-22 09:55:16,"ksherrill","Event","HumanObservation"
"PORE","Point Reyes National Seashore","K05_2025","{39744D68-DFEE-4649-ACE2-806C077E64E2}","K","Kehoe Beach",2025,,,"Charadrius nivosus","Western Snowy Plover","824030",-122.955412522067,38.1285788649254,"GCS","WGS84",,2025-05-09,2025-05-09,"Mini-Exclosure","SV","Yes","No","No","No","No","Yes","No","No","No","No","No","No","No",2025-05-07,"No",2025-06-07,2025-07-05,2025-06-07,3,3,2,,,,,,"No",,,"No",,,"No",,"av:gg","av:yb",,,,"3 eggs. Fresh snpl prints nearby-2025-05-12; 3e me good. avgg nearby. av:yb male seen on return trip. -2025-05-28; avyb and avgg both broken wing display. all 3 eggs cracked and tapping -2025-06-06",,"Accepted",2026-04-22 09:53:34,"ksherrill","Event","HumanObservation"
"PORE","Point Reyes National Seashore","K06_2000","{39744D68-DFEE-4649-ACE2-806C077E64E2}","K","Kehoe Beach",2000,,,"Charadrius nivosus","Western Snowy Plover","824030",-122.956496850812,38.1243864949943,"GCS","NAD83",,2000-06-20,,,,,,,,,,,,,,,"No","No",,"No",,,,3,2,2,,,,,,"No",,,"No",,,"No",,,,,,,"Fledged 2",,"Raw",2019-06-24 11:15:22,"swakamiya","Event","HumanObservation"
"PORE","Point Reyes National Seashore","K06_2001","{39744D68-DFEE-4649-ACE2-806C077E64E2}","K","Kehoe Beach",2001,,,"Charadrius nivosus","Western Snowy Plover","824030",-122.953226768382,38.1354528338025,"GCS","NAD83",,2001-06-15,,"Square",,,,,,,,,,,,,"No","No",,"No",,,,3,3,2,,,,,,"No",,,"No",,,"No",,,,,,,"Fledged 2",,"Raw",2019-06-24 11:15:22,"swakamiya","Event","HumanObservation"
"PORE","Point Reyes National Seashore","K06_2002","{39744D68-DFEE-4649-ACE2-806C077E64E2}","K","Kehoe Beach",2002,,,"Charadrius nivosus","Western Snowy Plover","824030",-122.95155620921,38.1423648867752,"GCS","NAD83","Garmin 3+",2002-05-16,,"Square",,,,,,,,,,,,,"No","No",2002-05-16,"No",2002-06-15,,,3,3,0,,,,,,"No",,,"No",,,"No",,,,,,,"Fledged 0",,"Raw",2019-06-24 11:15:22,"swakamiya","Event","HumanObservation"
"PORE","Point Reyes National Seashore","K06_2003","{39744D68-DFEE-4649-ACE2-806C077E64E2}","K","Kehoe Beach",2003,,,"Charadrius nivosus","Western Snowy Plover","824030",-122.9530441538,38.1355158497877,"GCS","NAD83","Garmin 3+",2003-07-01,,"Square",,,,,,,,,,,,,"No","No",2003-07-01,"No",2003-08-02,,,3,3,2,,,,,,"No",,,"No",,,"No",,,,,,,,,"Raw",2019-06-24 11:15:22,"swakamiya","Event","HumanObservation"
"PORE","Point Reyes National Seashore","K06_2004","{39744D68-DFEE-4649-ACE2-806C077E64E2}","K","Kehoe Beach",2004,,,"Charadrius nivosus","Western Snowy Plover","824030",-122.957925339198,38.1203042569745,"GCS","NAD83","Garmin 3+",2004-04-26,,"Square",,,,,,,,,,,,,"No","No",2004-04-26,"No",2004-06-01,,,3,3,0,,,,,,"No",,,"No",,,"No",,,,,,,"n. abbott's 2 chick loss unknown 1 abbott's raven",,"Raw",2019-06-24 11:15:22,"swakamiya","Event","HumanObservation"
"PORE","Point Reyes National Seashore","K06_2006","{39744D68-DFEE-4649-ACE2-806C077E64E2}","K","Kehoe Beach",2006,,,"Charadrius nivosus","Western Snowy Plover","824030",,,,,,2006-06-20,,"Unknown",,,,,,,,,,,,,"No","No",,"No",,,,3,,,2006-06-22,"Depredated by Known Predator","Red/grey fox",,,"No",,,"No",,,"No",,,,,,,,,"Raw",2019-06-24 11:15:22,"swakamiya","Event","HumanObservation"
"PORE","Point Reyes National Seashore","K06_2007","{39744D68-DFEE-4649-ACE2-806C077E64E2}","K","Kehoe Beach",2007,,,"Charadrius nivosus","Western Snowy Plover","824030",,,,,,2007-04-30,,"Unknown",,,,,,,,,,,,,"No","No",,"No",2007-06-01,,,3,3,2,,,,,,"No",,,"No",,,"No",,"bg:wp",,,,,,,"Raw",2019-06-24 11:15:22,"swakamiya","Event","HumanObservation"
"PORE","Point Reyes National Seashore","K06_2008","{39744D68-DFEE-4649-ACE2-806C077E64E2}","K","Kehoe Beach",2008,,,"Charadrius nivosus","Western Snowy Plover","824030",,,,,,2008-05-16,,"Unknown",,,,,,,,,,,,,"No","No",,"No",,,,3,3,1,,,,,,"No",,,"No",,,"No",,,,,,,,,"Raw",2019-06-24 11:15:22,"swakamiya","Event","HumanObservation"
"PORE","Point Reyes National Seashore","K06_2009","{39744D68-DFEE-4649-ACE2-806C077E64E2}","K","Kehoe Beach",2009,,,"Charadrius nivosus","Western Snowy Plover","824030",-122.957764820315,38.121692157264,"GCS","NAD83",,2009-07-03,2009-07-03,"Square","RKE","No","Yes","Yes","No","No","No","Yes","No","No","No","No","No","No",2009-07-02,"No",2009-08-02,,,3,0,,,,,2009-08-05,3,"No",2009-08-05,3,"No",2009-08-05,3,"No",,,,,,,,,"Raw",2019-06-24 11:15:22,"swakamiya","Event","HumanObservation"
"PORE","Point Reyes National Seashore","K06_2010","{39744D68-DFEE-4649-ACE2-806C077E64E2}","K","Kehoe Beach",2010,,,"Charadrius nivosus","Western Snowy Plover","824030",-122.953134737777,38.1366154341682,"GCS","NAD83","Garmin",2010-06-29,2010-06-29,"Square","VE","No","No","No","No","No","Yes","Yes","No","No","No","No","No","No",2010-06-29,"No",2010-07-29,,,3,3,0,,,,2010-07-29,1,"No",2010-08-04,6,"No",2010-08-04,6,"No",,":Oy","yo:w",,,,,,"Raw",2019-06-24 11:15:22,"swakamiya","Event","HumanObservation"
"PORE","Point Reyes National Seashore","K06_2013","{39744D68-DFEE-4649-ACE2-806C077E64E2}","K","Kehoe Beach",2013,,,"Charadrius nivosus","Western Snowy Plover","824030",-122.95716058871,38.120952896026,"GCS","NAD83","Garmin",2013-06-22,,"None","RWVD","No","Yes","No","Yes","No","Yes","No","Yes","No","No","No","Yes","No",2013-06-19,"No",2013-07-19,2013-08-16,,3,3,3,,,,,,"No",,,"No",,,"No",,"bw:yl",,,,,"In the old Kehoe restroed area. Same female from K03_2013 and K04_2013. Did not exclose because nest was further back into dune and well hidden, close to Abbotts but thought exclosure would be too much of an attractant.",,"Raw",2019-06-24 11:15:22,"swakamiya","Event","HumanObservation"
"PORE","Point Reyes National Seashore","K06_2014","{39744D68-DFEE-4649-ACE2-806C077E64E2}","K","Kehoe Beach",2014,,,"Charadrius nivosus","Western Snowy Plover","824030",-122.953947217294,38.1329656151541,"GCS","NAD83","Garmin",2014-07-12,2014-07-14,"Square","SWE","Yes","No","No","Yes","No","No","Yes","No","No","No","No","No","No",2014-07-07,"No",2014-08-06,2014-09-02,,3,3,1,,,,2014-08-21,16,"No",2014-08-21,16,"No",,,"No",,"aw:yl",,,,,"Exclosed because late in the season and pair unlikely to re-nest.",,"Raw",2019-06-24 11:15:22,"swakamiya","Event","HumanObservation"
"PORE","Point Reyes National Seashore","K06_2015","{39744D68-DFEE-4649-ACE2-806C077E64E2}","K","Kehoe Beach",2015,,,"Charadrius nivosus","Western Snowy Plover","824030",-122.953912974465,38.1329836271151,"GCS","NAD83","Garmin",2015-05-18,2015-05-19,"Square","SWE","Yes","No","No","Yes","No","No","Yes","No","No","No","No","No","No",2015-05-17,"No",2015-06-19,,,3,3,0,,,,2015-06-21,3,"Yes",2015-06-28,10,"Yes",2015-07-01,13,"No",,"aw:yl",,,,,,,"Raw",2019-06-24 11:15:22,"swakamiya","Event","HumanObservation"
"PORE","Point Reyes National Seashore","K06_2016","{39744D68-DFEE-4649-ACE2-806C077E64E2}","K","Kehoe Beach",2016,,,"Charadrius nivosus","Western Snowy Plover","824030",-122.954964894773,38.1294780956785,"GCS","NAD83","Garmin",2016-05-23,,"Round","SVE","Yes","No","No","No","No","Yes","Yes","No","No","No","No","No","No",,"Yes",2016-06-09,,,3,0,0,2016-06-09,"Unknown Depredation","Unknown predator type",,,"No",,,"No",,,"No",,"aw:yl","x:x",,,,"Unsure if nest hatched and predated or eggs predated. Nest gone on day of scheduled hatch. Raven tracks and canid tracks in area around nest. Both adults showed no signs of having chicks.",,"Raw",2019-06-24 11:15:22,"swakamiya","Event","HumanObservation"
"PORE","Point Reyes National Seashore","K06_2019","{39744D68-DFEE-4649-ACE2-806C077E64E2}","K","Kehoe Beach",2019,,,"Charadrius nivosus","Western Snowy Plover","824030",-122.951132734289,38.1442123105718,"GCS","NAD83","Garmin",2019-07-18,2019-07-20,"Round","SVD","Yes","No","No","No","No","Yes","No","Yes","No","No","No","No","No",,"Yes",2019-08-09,2019-09-05,2019-08-09,3,2,2,,,,,,"No",,,"No",,,"No",,"x:s","x:x",,,,"Chicks lost sometime between 8/15-8/24.",,"Raw",2019-08-24 14:11:40,"mlau","Event","HumanObservation"
"PORE","Point Reyes National Seashore","K06_2020","{39744D68-DFEE-4649-ACE2-806C077E64E2}","K","Kehoe Beach",2020,,,"Charadrius nivosus","Western Snowy Plover","824030",-122.951956307501,38.1413285927495,"GCS","NAD83","Garmin",2020-07-07,2020-07-10,"Mini-Exclosure","SVE","Yes","No","No","No","No","Yes","Yes","No","No","No","No","No","No",2020-07-06,"No",,,,3,0,0,2020-07-21,"Abandoned",,,,"No",,,"No",,,"No",,"as:wy","av:or",,,,,,"Provisional",2020-09-18 10:46:41,"mjayl","Event","HumanObservation"
"PORE","Point Reyes National Seashore","K06_2021","{39744D68-DFEE-4649-ACE2-806C077E64E2}","K","Kehoe Beach",2021,,,"Charadrius nivosus","Western Snowy Plover","824030",-122.95138430615,38.1434553499913,"GCS","NAD83",,2021-05-24,2021-05-24,"Round","SKE","Yes","No","Yes","No","No","No","Yes","No","No","No","No","No","No",2021-05-24,"No",2021-06-25,,2021-06-25,3,3,0,,,,,,"No",,,"No",,,"No",,"x:b","av:ry",,,,,,"Accepted",2021-12-13 10:32:03,"EEdson","Event","HumanObservation"
"PORE","Point Reyes National Seashore","K06_2023","{39744D68-DFEE-4649-ACE2-806C077E64E2}","K","Kehoe Beach",2023,,,"Charadrius nivosus","Western Snowy Plover","824030",-122.954091090622,38.1328043432233,"GCS","WGS84",,2023-06-28,2023-06-28,"Mini-Exclosure","SWE","Yes","No","No","Yes","No","No","Yes","No","No","No","No","No","No",2023-06-28,"No",2023-07-30,2023-08-26,2023-07-31,3,3,0,,,,,,"No",,,"No",,,"No",,"av:oo","va:gr",,,,,,"Raw",2023-09-13 13:05:09,"mjayl","Event","HumanObservation"
"PORE","Point Reyes National Seashore","K06_2025","{39744D68-DFEE-4649-ACE2-806C077E64E2}","K","Kehoe Beach",2025,,,"Charadrius nivosus","Western Snowy Plover","824030",-122.953026491091,38.137498122056,"GCS","WGS84",,2025-05-12,2025-05-12,"Mini-Exclosure","SK","Yes","No","Yes","No","No","No","No","No","No","No","No","No","No",2025-05-12,"No",,,,1,0,0,2025-05-16,"Tide",,,,"No",,,"No",,,"No",,"x:x","va:bo?",,,,"xxF; ME mangled by tide",,"Accepted",2026-04-22 09:53:34,"ksherrill","Event","HumanObservation"
"PORE","Point Reyes National Seashore","K07_2000","{39744D68-DFEE-4649-ACE2-806C077E64E2}","K","Kehoe Beach",2000,,,"Charadrius nivosus","Western Snowy Plover","824030",-122.952860947564,38.136498159657,"GCS","NAD83",,2000-06-24,,,,,,,,,,,,,,,"No","No",,"No",,,,3,0,0,,,,,,"No",,,"No",,,"No",,,,,,,"Abandoned 3 eggs",,"Raw",2019-06-24 11:15:22,"swakamiya","Event","HumanObservation"
"PORE","Point Reyes National Seashore","K07_2001","{39744D68-DFEE-4649-ACE2-806C077E64E2}","K","Kehoe Beach",2001,,,"Charadrius nivosus","Western Snowy Plover","824030",-122.952300239826,38.1389043209275,"GCS","NAD83",,2001-07-13,,"Square",,,,,,,,,,,,,"No","No",,"No",,,,4,3,2,,,,,,"No",,,"No",,,"No",,,,,,,"Fledged 2",,"Raw",2019-06-24 11:15:22,"swakamiya","Event","HumanObservation"
"PORE","Point Reyes National Seashore","K07_2004","{39744D68-DFEE-4649-ACE2-806C077E64E2}","K","Kehoe Beach",2004,,,"Charadrius nivosus","Western Snowy Plover","824030",-122.951132752325,38.1441852725464,"GCS","NAD83","Garmin 3+",2004-04-30,,"Square",,,,,,,,,,,,,"No","No",2004-04-30,"No",2004-05-28,,,3,3,1,,,,,,"No",,,"No",,,"No",,,,,,,"2 day time losses",,"Raw",2019-06-24 11:15:22,"swakamiya","Event","HumanObservation"
"PORE","Point Reyes National Seashore","K07_2006","{39744D68-DFEE-4649-ACE2-806C077E64E2}","K","Kehoe Beach",2006,,,"Charadrius nivosus","Western Snowy Plover","824030",,,,,,2006-07-01,,"Unknown",,,,,,,,,,,,,"No","No",,"No",2006-07-26,,,3,3,0,,,,,,"No",,,"No",,,"No",,,,,,,,,"Raw",2019-06-24 11:15:22,"swakamiya","Event","HumanObservation"
"PORE","Point Reyes National Seashore","K07_2007","{39744D68-DFEE-4649-ACE2-806C077E64E2}","K","Kehoe Beach",2007,,,"Charadrius nivosus","Western Snowy Plover","824030",,,,,,2007-05-07,,"Unknown",,,,,,,,,,,,,"No","No",,"No",2007-06-06,,,3,3,2,,,,,,"No",,,"No",,,"No",,"wa:ry",,,,,,,"Raw",2019-06-24 11:15:22,"swakamiya","Event","HumanObservation"
"PORE","Point Reyes National Seashore","K07_2008","{39744D68-DFEE-4649-ACE2-806C077E64E2}","K","Kehoe Beach",2008,,,"Charadrius nivosus","Western Snowy Plover","824030",,,,,,2008-05-30,,"Unknown",,,,,,,,,,,,,"No","No",,"No",,,,3,3,1,,,,,,"No",,,"No",,,"No",,,,,,,,,"Raw",2019-06-24 11:15:22,"swakamiya","Event","HumanObservation"
"PORE","Point Reyes National Seashore","K07_2009","{39744D68-DFEE-4649-ACE2-806C077E64E2}","K","Kehoe Beach",2009,,,"Charadrius nivosus","Western Snowy Plover","824030",-122.955799196474,38.1271981988912,"GCS","NAD83",,2009-07-11,2009-07-11,"Square","RKE","No","Yes","Yes","No","No","No","Yes","No","No","No","No","No","No",2009-07-10,"No",2009-08-10,,,2,2,0,,,,2009-08-10,0,"No",2009-08-10,0,"No",,,"No",,,,,,,,,"Raw",2019-06-24 11:15:22,"swakamiya","Event","HumanObservation"
"PORE","Point Reyes National Seashore","K07_2010","{39744D68-DFEE-4649-ACE2-806C077E64E2}","K","Kehoe Beach",2010,,,"Charadrius nivosus","Western Snowy Plover","824030",-122.951900887378,38.1388320565992,"GCS","NAD83","Garmin",2010-07-06,2010-07-06,"Square","VE","No","No","No","No","No","Yes","Yes","No","No","No","No","No","No",2010-07-02,"No",2010-08-02,2010-08-30,,3,2,2,,,,,,"No",,,"No",,,"No",,,,,,,,,"Raw",2019-06-24 11:15:22,"swakamiya","Event","HumanObservation"
"PORE","Point Reyes National Seashore","K07_2015","{39744D68-DFEE-4649-ACE2-806C077E64E2}","K","Kehoe Beach",2015,,,"Charadrius nivosus","Western Snowy Plover","824030",-122.953351897999,38.1360657465257,"GCS","NAD83","Garmin",2015-05-27,2015-06-07,"Round","SKE","Yes","No","Yes","No","No","No","Yes","No","No","No","No","No","No",2015-05-26,"No",2015-06-29,2015-07-26,,3,3,1,,,,2015-07-04,6,"Yes",2015-07-13,15,"No",,,"No",,"ga:gg",,,,,,,"Raw",2019-06-24 11:15:22,"swakamiya","Event","HumanObservation"
"PORE","Point Reyes National Seashore","K07_2016","{39744D68-DFEE-4649-ACE2-806C077E64E2}","K","Kehoe Beach",2016,,,"Charadrius nivosus","Western Snowy Plover","824030",-122.955124943135,38.1289734456789,"GCS","NAD83","Garmin",2016-06-20,2016-06-20,"Round","SVE","Yes","No","No","No","No","Yes","Yes","No","No","No","No","No","No",,"Yes",2016-07-17,,2016-07-16,3,3,0,,,,2016-08-03,17,"No",2016-08-03,17,"No",,,"No",,"aw:yl","x:x",,,,,,"Raw",2019-06-24 11:15:22,"swakamiya","Event","HumanObservation"
"PORE","Point Reyes National Seashore","K07_2019","{39744D68-DFEE-4649-ACE2-806C077E64E2}","K","Kehoe Beach",2019,,,"Charadrius nivosus","Western Snowy Plover","824030",-122.95123570249,38.1438248082127,"GCS","NAD83","Garmin",2019-08-11,2019-08-11,"Round","SVD","Yes","No","No","No","No","Yes","No","Yes","No","No","No","No","No",,"Yes",,,,3,,,2019-08-15,"Abandoned",,,,"No",,,"No",,,"No",,"as:wy","av:ry?",,,,,,"Raw",2019-08-24 14:13:30,"mlau","Event","HumanObservation"
"PORE","Point Reyes National Seashore","K07_2021","{39744D68-DFEE-4649-ACE2-806C077E64E2}","K","Kehoe Beach",2021,,,"Charadrius nivosus","Western Snowy Plover","824030",-122.951972649124,38.1407716156524,"GCS","NAD83",,2021-05-26,2021-05-26,"Mini-Exclosure","SVD","Yes","No","No","No","No","Yes","No","Yes","No","No","No","No","No",2021-05-26,"No",2021-06-29,,2021-06-29,3,2,0,,,,2021-07-02,5,"No",2021-07-02,5,"No",,,"No",,"x:s","av:or",,,,"Unsure if when exactly the chicks were lost.",,"Accepted",2021-12-13 10:32:03,"EEdson","Event","HumanObservation"
"PORE","Point Reyes National Seashore","K07_2023","{39744D68-DFEE-4649-ACE2-806C077E64E2}","K","Kehoe Beach",2023,,,"Charadrius nivosus","Western Snowy Plover","824030",-122.954438922006,38.1312714189728,"GCS","WGS84",,2023-07-05,2023-07-05,"Mini-Exclosure","SVE","Yes","No","No","No","No","Yes","Yes","No","No","No","No","No","No",2023-07-05,"No",,,,1,0,0,2023-07-07,"Abandoned",,,,"No",,,"No",,,"No",,"unk","unk",,,,,,"Raw",2023-09-13 13:07:19,"mjayl","Event","HumanObservation"
"PORE","Point Reyes National Seashore","K07_2025","{39744D68-DFEE-4649-ACE2-806C077E64E2}","K","Kehoe Beach",2025,,,"Charadrius nivosus","Western Snowy Plover","824030",-122.952526813904,38.1388507245701,"GCS","WGS84",,2025-05-16,2025-05-16,"Mini-Exclosure","","No","No","No","No","No","No","No","No","No","No","No","No","No",2025-05-13,"No",2025-06-16,2025-07-14,2025-06-16,3,2,0,,,,,,"No",,,"No",,,"No",,"rv:go","x:x",,,,"rvgo f. 3 eggs, ME good. flushed off nest, returned to incubate. -2025-05-28; rvgo f broken wing display -2025-06-06",,"Accepted",2026-04-22 09:53:34,"ksherrill","Event","HumanObservation"
"PORE","Point Reyes National Seashore","K08_2000","{39744D68-DFEE-4649-ACE2-806C077E64E2}","K","Kehoe Beach",2000,,,"Charadrius nivosus","Western Snowy Plover","824030",-122.954690872006,38.1297754094183,"GCS","NAD83",,2000-06-27,,,,,,,,,,,,,,,"No","No",,"No",,,,3,3,1,,,,,,"No",,,"No",,,"No",,"WB/BO",,,,,"Fledged 1",,"Raw",2019-06-24 11:15:22,"swakamiya","Event","HumanObservation"
"PORE","Point Reyes National Seashore","K08_2001","{39744D68-DFEE-4649-ACE2-806C077E64E2}","K","Kehoe Beach",2001,,,"Charadrius nivosus","Western Snowy Plover","824030",-122.953169512377,38.1357682551736,"GCS","NAD83",,2001-07-20,,"Square",,,,,,,,,,,,,"No","No",,"No",,,,1,0,0,,,,,,"No",,,"No",,,"No",,,,,,,"abandoned 1 egg",,"Raw",2019-06-24 11:15:22,"swakamiya","Event","HumanObservation"
"PORE","Point Reyes National Seashore","K08_2004","{39744D68-DFEE-4649-ACE2-806C077E64E2}","K","Kehoe Beach",2004,,,"Charadrius nivosus","Western Snowy Plover","824030",-122.951933424775,38.1414187102085,"GCS","NAD83","Garmin 3+",2004-04-30,,"Square",,,,,,,,,,,,,"No","No",2004-04-30,"No",,,,3,0,0,2004-05-10,"Wind",,,,"No",,,"No",,,"No",,,,,,,"fail/wind",,"Raw",2019-06-24 11:15:22,"swakamiya","Event","HumanObservation"
"PORE","Point Reyes National Seashore","K08_2006","{39744D68-DFEE-4649-ACE2-806C077E64E2}","K","Kehoe Beach",2006,,,"Charadrius nivosus","Western Snowy Plover","824030",,,,,,2006-07-01,,"Unknown",,,,,,,,,,,,,"No","No",,"No",2006-07-26,,,3,2,0,,,,,,"No",,,"No",,,"No",,,,,,,,,"Raw",2019-06-24 11:15:22,"swakamiya","Event","HumanObservation"
"PORE","Point Reyes National Seashore","K08_2007","{39744D68-DFEE-4649-ACE2-806C077E64E2}","K","Kehoe Beach",2007,,,"Charadrius nivosus","Western Snowy Plover","824030",,,,,,2007-05-24,,,,,,,,,,,,,,,"No","No",,"No",,,,3,,,,"Failed - Unknown",,,,"No",,,"No",,,"No",,,,,,,,,"Raw",2019-06-24 11:15:22,"swakamiya","Event","HumanObservation"
"PORE","Point Reyes National Seashore","K08_2008","{39744D68-DFEE-4649-ACE2-806C077E64E2}","K","Kehoe Beach",2008,,,"Charadrius nivosus","Western Snowy Plover","824030",,,,,,2008-06-03,,,,,,,,,,,,,,,"No","No",,"No",,,,3,0,,,"Depredated by Known Predator","Common raven",,,"No",,,"No",,,"No",,,,,,,,,"Raw",2019-06-24 11:15:22,"swakamiya","Event","HumanObservation"
"PORE","Point Reyes National Seashore","K08_2009","{39744D68-DFEE-4649-ACE2-806C077E64E2}","K","Kehoe Beach",2009,,,"Charadrius nivosus","Western Snowy Plover","824030",-122.95284907259,38.1372191700107,"GCS","NAD83",,2009-07-17,2009-07-17,"Square","RKEP","No","Yes","Yes","No","No","No","Yes","No","Yes","No","No","No","No",2009-07-16,"No",,,,3,0,0,2009-08-08,"Depredated by Known Predator","Rodent",,,"No",,,"No",,,"No",,,,,,,"Depredated by rodent due to loss of eggs well before hatch date and no sign of breaking into exclosure, tracks, or high tide.",,"Raw",2019-06-24 11:15:22,"swakamiya","Event","HumanObservation"
"PORE","Point Reyes National Seashore","K08_2015","{39744D68-DFEE-4649-ACE2-806C077E64E2}","K","Kehoe Beach",2015,,,"Charadrius nivosus","Western Snowy Plover","824030",-122.956198990227,38.1264322687433,"GCS","NAD83","Garmin",2015-07-15,,"None","SKWE","Yes","No","Yes","Yes","No","No","Yes","No","No","No","No","No","No",2015-07-10,"No",,,,3,0,0,2015-07-19,"Unknown Depredation",,,,"No",,,"No",,,"No",,"aw:yl",,,,,"Initiation date is an estimate based on adult activity.",,"Raw",2019-06-24 11:15:22,"swakamiya","Event","HumanObservation"
"PORE","Point Reyes National Seashore","K08_2021","{39744D68-DFEE-4649-ACE2-806C077E64E2}","K","Kehoe Beach",2021,,,"Charadrius nivosus","Western Snowy Plover","824030",-122.950330864283,38.148655222613,"GCS","NAD83",,2021-06-29,2021-06-29,"Mini-Exclosure","SKD","Yes","No","Yes","No","No","No","No","Yes","No","No","No","No","No",,"Yes",2021-07-29,2021-08-25,2021-07-29,2,2,1,,,,2021-08-10,12,"No",,,"No",,,"No",,"x:x","av:gr",,,,"Unsure of exactly when 1 of the chicks was lost. Gap in between brood checks (8/4 to 8/10)",,"Accepted",2021-12-13 10:32:03,"EEdson","Event","HumanObservation"
"PORE","Point Reyes National Seashore","K08_2023","{39744D68-DFEE-4649-ACE2-806C077E64E2}","K","Kehoe Beach",2023,,,"Charadrius nivosus","Western Snowy Plover","824030",-122.954496101871,38.1310641490857,"GCS","WGS84",,2023-07-05,2023-07-05,"Mini-Exclosure","SKE","Yes","No","Yes","No","No","No","Yes","No","No","No","No","No","No",2023-07-05,"No",,,,3,0,0,2023-07-20,"Abandoned",,,,"No",,,"No",,,"No",,"unk","unk",,,,,,"Raw",2023-09-13 13:08:40,"mjayl","Event","HumanObservation"
"PORE","Point Reyes National Seashore","K08_2025","{39744D68-DFEE-4649-ACE2-806C077E64E2}","K","Kehoe Beach",2025,,,"Charadrius nivosus","Western Snowy Plover","824030",-122.953004753973,38.13736726566,"GCS","WGS84",,2025-05-28,2025-05-28,"Mini-Exclosure","SE","Yes","No","No","No","No","No","Yes","No","No","No","No","No","No",,"Yes",,,,3,0,0,2025-06-22,"Wind",,,,"No",,,"No",,,"No",,"x:x","unknown",,,,"xx f acting suspicious, saw her sit on a nest. 3 eggs, entirely on thick mat of velella. no males around. ME placed. Coyote walking from beach into dunes near nest as I was coming to place ME. watched f return to incubate after ME was placed. -2025-05-28;",,"Accepted",2026-04-22 09:53:34,"ksherrill","Event","HumanObservation"
"PORE","Point Reyes National Seashore","K09_2000","{39744D68-DFEE-4649-ACE2-806C077E64E2}","K","Kehoe Beach",2000,,,"Charadrius nivosus","Western Snowy Plover","824030",-122.953124450903,38.1348579553716,"GCS","NAD83",,2000-07-03,,,,,,,,,,,,,,,"No","No",,"No",,,,3,3,1,,,,,,"No",,,"No",,,"No",,,,,,,"Fledged 1",,"Raw",2019-06-24 11:15:22,"swakamiya","Event","HumanObservation"
"PORE","Point Reyes National Seashore","K09_2004","{39744D68-DFEE-4649-ACE2-806C077E64E2}","K","Kehoe Beach",2004,,,"Charadrius nivosus","Western Snowy Plover","824030",-122.950216937014,38.1483577562393,"GCS","NAD83","Garmin 3+",2004-04-30,,"Square",,,,,,,,,,,,,"No","No",2004-04-30,"No",2004-05-31,,,3,3,0,,,,,,"No",,,"No",,,"No",,,,,,,"3 lost overnight at 3 days",,"Raw",2019-06-24 11:15:22,"swakamiya","Event","HumanObservation"
"PORE","Point Reyes National Seashore","K09_2006","{39744D68-DFEE-4649-ACE2-806C077E64E2}","K","Kehoe Beach",2006,,,"Charadrius nivosus","Western Snowy Plover","824030",,,,,,2006-07-17,,"Unknown",,,,,,,,,,,,,"No","No",,"No",2006-08-10,,,2,2,0,,,,,,"No",,,"No",,,"No",,,,,,,,,"Raw",2019-06-24 11:15:22,"swakamiya","Event","HumanObservation"
"PORE","Point Reyes National Seashore","K09_2007","{39744D68-DFEE-4649-ACE2-806C077E64E2}","K","Kehoe Beach",2007,,,"Charadrius nivosus","Western Snowy Plover","824030",,,,,,2007-06-01,,"Unknown",,,,,,,,,,,,,"No","No",,"No",2007-06-28,,,3,3,2,,,,,,"No",,,"No",,,"No",,,"go:br",,,,,,"Raw",2019-06-24 11:15:22,"swakamiya","Event","HumanObservation"
"PORE","Point Reyes National Seashore","K09_2008","{39744D68-DFEE-4649-ACE2-806C077E64E2}","K","Kehoe Beach",2008,,,"Charadrius nivosus","Western Snowy Plover","824030",,,,,,2008-06-04,,"Unknown",,,,,,,,,,,,,"No","No",,"No",,,,3,0,,,"Failed - Unknown",,,,"No",,,"No",,,"No",,,,,,,,,"Raw",2019-06-24 11:15:22,"swakamiya","Event","HumanObservation"
"PORE","Point Reyes National Seashore","K09_2009","{39744D68-DFEE-4649-ACE2-806C077E64E2}","K","Kehoe Beach",2009,,,"Charadrius nivosus","Western Snowy Plover","824030",-122.958107880792,38.1202953094902,"GCS","NAD83",,2009-07-19,2009-07-19,"Square","RKE","No","Yes","Yes","No","No","No","Yes","No","No","No","No","No","No",2009-07-11,"No",2009-08-11,2020-09-08,,3,3,1,,,,2009-08-16,5,"Yes",2009-08-27,16,"No",,,"No",,,,,,,"Initiation date=approximate based on hatch. Lost one chick 4-6 days old, lost one 16 days old.",,"Raw",2019-06-24 11:15:22,"swakamiya","Event","HumanObservation"
"PORE","Point Reyes National Seashore","K09_2021","{39744D68-DFEE-4649-ACE2-806C077E64E2}","K","Kehoe Beach",2021,,,"Charadrius nivosus","Western Snowy Plover","824030",-122.952287830729,38.1404364722788,"GCS","NAD83",,2021-07-07,2021-07-07,"Mini-Exclosure","SKE","Yes","No","Yes","No","No","No","Yes","No","No","No","No","No","No",2021-07-06,"No",,,,3,0,0,2021-07-16,"Abandoned",,,,"No",,,"No",,,"No",,"x:b","av:ry",,,,"Unsure why nest was abandoned. Av:ry male disappeared before 7/16/21, which may have influenced x:b female to abandon nest (she was observed nearby on subsequent surveys, not tending to nest).",,"Accepted",2021-12-13 10:32:03,"EEdson","Event","HumanObservation"
=======
>>>>>>> origin/main
"PORE","Point Reyes National Seashore","K10_2000","{39744D68-DFEE-4649-ACE2-806C077E64E2}","K","Kehoe Beach",2000,,,"Charadrius nivosus","Western Snowy Plover","824030",-122.953158262747,38.1355158953439,"GCS","NAD83",,2000-07-03,,,,,,,,,,,,,,,"No","No",,"No",,,,3,3,1,,,,,,"No",,,"No",,,"No",,"AR/YL","YGY/R",,,,"Fledged 1",,"Raw",2019-06-24 11:15:22,"swakamiya","Event","HumanObservation"
"PORE","Point Reyes National Seashore","K10_2004","{39744D68-DFEE-4649-ACE2-806C077E64E2}","K","Kehoe Beach",2004,,,"Charadrius nivosus","Western Snowy Plover","824030",-122.950389192539,38.1467896241172,"GCS","NAD83","Garmin 3+",2004-04-30,,"Square",,,,,,,,,,,,,"No","No",2004-04-30,"No",2004-06-01,,,3,3,0,,,,,,"No",,,"No",,,"No",,,,,,,"3 lost unknown",,"Raw",2019-06-24 11:15:22,"swakamiya","Event","HumanObservation"
"PORE","Point Reyes National Seashore","K10_2006","{39744D68-DFEE-4649-ACE2-806C077E64E2}","K","Kehoe Beach",2006,,,"Charadrius nivosus","Western Snowy Plover","824030",,,,,,2006-07-29,,"Unknown",,,,,,,,,,,,,"No","No",,"No",2006-08-09,,,3,3,1,,,,,,"No",,,"No",,,"No",,,,,,,,,"Raw",2019-06-24 11:15:22,"swakamiya","Event","HumanObservation"
"PORE","Point Reyes National Seashore","K10_2007","{39744D68-DFEE-4649-ACE2-806C077E64E2}","K","Kehoe Beach",2007,,,"Charadrius nivosus","Western Snowy Plover","824030",,,,,,2007-06-15,,"Unknown",,,,,,,,,,,,,"No","No",,"No",2007-07-11,,,3,2,0,,,,,,"No",,,"No",,,"No",,,,,,,,,"Raw",2019-06-24 11:15:22,"swakamiya","Event","HumanObservation"
"PORE","Point Reyes National Seashore","K10_2008","{39744D68-DFEE-4649-ACE2-806C077E64E2}","K","Kehoe Beach",2008,,,"Charadrius nivosus","Western Snowy Plover","824030",,,,,,2008-06-28,,"Unknown",,,,,,,,,,,,,"No","No",,"No",,,,2,2,0,,,,,,"No",,,"No",,,"No",,,,,,,,,"Raw",2019-06-24 11:15:22,"swakamiya","Event","HumanObservation"
"PORE","Point Reyes National Seashore","K10_2021","{39744D68-DFEE-4649-ACE2-806C077E64E2}","K","Kehoe Beach",2021,,,"Charadrius nivosus","Western Snowy Plover","824030",-122.952379370035,38.1400579767058,"GCS","NAD83",,2021-07-12,2021-07-12,"Mini-Exclosure","SKWE","Yes","No","Yes","Yes","No","No","Yes","No","No","No","No","No","No",,"Yes",2021-08-09,,,3,3,0,,,,2021-08-10,1,"No",2021-08-10,1,"No",2021-08-10,1,"No",,"x:s","av:or",,,,"Chicks all depredated within 24 hours of hatching. Observed av:or male after confirmed hatching and he showed no sign of having a brood.",,"Accepted",2021-12-13 10:32:03,"EEdson","Event","HumanObservation"
"PORE","Point Reyes National Seashore","K11_2004","{39744D68-DFEE-4649-ACE2-806C077E64E2}","K","Kehoe Beach",2004,,,"Charadrius nivosus","Western Snowy Plover","824030",-122.954507847707,38.1305233927337,"GCS","NAD83","Garmin 3+",2004-04-30,,"Square",,,,,,,,,,,,,"No","No",2004-04-30,"No",2004-06-01,,,3,3,1,,,,,,"No",,,"No",,,"No",,,,,,,"2 lost overnight at 1 week",,"Raw",2019-06-24 11:15:22,"swakamiya","Event","HumanObservation"
<<<<<<< HEAD
"PORE","Point Reyes National Seashore","K11_2006","{39744D68-DFEE-4649-ACE2-806C077E64E2}","K","Kehoe Beach",2006,,,"Charadrius nivosus","Western Snowy Plover","824030",,,,,,2006-08-01,,"Unknown",,,,,,,,,,,,,"No","No",,"No",2006-08-07,,,3,3,2,,,,,,"No",,,"No",,,"No",,,,,,,,,"Raw",2019-06-24 11:15:22,"swakamiya","Event","HumanObservation"
"PORE","Point Reyes National Seashore","K11_2007","{39744D68-DFEE-4649-ACE2-806C077E64E2}","K","Kehoe Beach",2007,,,"Charadrius nivosus","Western Snowy Plover","824030",,,,,,2007-06-25,,"Unknown",,,,,,,,,,,,,"No","No",,"No",2007-07-14,,,3,3,0,,,,,,"No",,,"No",,,"No",,,,,,,,,"Raw",2019-06-24 11:15:22,"swakamiya","Event","HumanObservation"
"PORE","Point Reyes National Seashore","K11_2008","{39744D68-DFEE-4649-ACE2-806C077E64E2}","K","Kehoe Beach",2008,,,"Charadrius nivosus","Western Snowy Plover","824030",,,,,,2008-07-17,,"Unknown",,,,,,,,,,,,,"No","No",,"No",,,,3,3,3,,,,,,"No",,,"No",,,"No",,,,,,,,,"Raw",2019-06-24 11:15:22,"swakamiya","Event","HumanObservation"
"PORE","Point Reyes National Seashore","K12_2004","{39744D68-DFEE-4649-ACE2-806C077E64E2}","K","Kehoe Beach",2004,,,"Charadrius nivosus","Western Snowy Plover","824030",-122.949632115268,38.1523771568942,"GCS","NAD83","Garmin 3+",2004-05-12,,"Square",,,,,,,,,,,,,"No","No",2004-05-12,"No",2004-06-14,,,3,3,0,,,,,,"No",,,"No",,,"No",,"WG:RO",,,,,"3 lost day",,"Raw",2019-06-24 11:15:22,"swakamiya","Event","HumanObservation"
"PORE","Point Reyes National Seashore","K12_2007","{39744D68-DFEE-4649-ACE2-806C077E64E2}","K","Kehoe Beach",2007,,,"Charadrius nivosus","Western Snowy Plover","824030",,,,,,2007-06-25,,,,,,,,,,,,,,,"No","No",,"No",,,,3,,,,"Failed - Unknown",,,,"No",,,"No",,,"No",,,,,,,,,"Raw",2019-06-24 11:15:22,"swakamiya","Event","HumanObservation"
"PORE","Point Reyes National Seashore","K13_2004","{39744D68-DFEE-4649-ACE2-806C077E64E2}","K","Kehoe Beach",2004,,,"Charadrius nivosus","Western Snowy Plover","824030",-122.954016127005,38.1322536391984,"GCS","NAD83","Garmin 3+",2004-05-18,,"Square",,,,,,,,,,,,,"No","No",2004-05-18,"No",2004-06-18,,,3,3,0,,,,,,"No",,,"No",,,"No",,,,,,,"3 lost day",,"Raw",2019-06-24 11:15:22,"swakamiya","Event","HumanObservation"
"PORE","Point Reyes National Seashore","K13_2007","{39744D68-DFEE-4649-ACE2-806C077E64E2}","K","Kehoe Beach",2007,,,"Charadrius nivosus","Western Snowy Plover","824030",,,,,,2007-06-29,,"Unknown",,,,,,,,,,,,,"No","No",,"No",2007-07-23,,,3,3,0,,,,,,"No",,,"No",,,"No",,,,,,,,,"Raw",2019-06-24 11:15:22,"swakamiya","Event","HumanObservation"
"PORE","Point Reyes National Seashore","K14_2004","{39744D68-DFEE-4649-ACE2-806C077E64E2}","K","Kehoe Beach",2004,,,"Charadrius nivosus","Western Snowy Plover","824030",-122.952779914506,38.1382916520572,"GCS","NAD83","Garmin 3+",2004-06-04,,"None",,,,,,,,,,,,,"No","No",2004-06-04,"No",,,,3,0,0,2004-06-13,"Depredated by Known Predator","Red/grey fox",,,"No",,,"No",,,"No",,"OR:BB",,,,,"unable to exclose fox predation id tracks at nest",,"Raw",2019-06-24 11:15:22,"swakamiya","Event","HumanObservation"
"PORE","Point Reyes National Seashore","K14_2007","{39744D68-DFEE-4649-ACE2-806C077E64E2}","K","Kehoe Beach",2007,,,"Charadrius nivosus","Western Snowy Plover","824030",,,,,,2007-07-13,,"Unknown",,,,,,,,,,,,,"No","No",,"No",2007-08-02,,,3,3,0,,,,,,"No",,,"No",,,"No",,,,,,,,,"Raw",2019-06-24 11:15:22,"swakamiya","Event","HumanObservation"
"PORE","Point Reyes National Seashore","K15_2004","{39744D68-DFEE-4649-ACE2-806C077E64E2}","K","Kehoe Beach",2004,,,"Charadrius nivosus","Western Snowy Plover","824030",-122.957399295401,38.1224581058009,"GCS","NAD83","Garmin 3+",2004-06-14,,"Square",,,,,,,,,,,,,"No","No",2004-06-14,"No",2004-07-10,,,3,3,0,,,,,,"No",,,"No",,,"No",,,,,,,"day losses, saw juv. raven take 1",,"Raw",2019-06-24 11:15:22,"swakamiya","Event","HumanObservation"
"PORE","Point Reyes National Seashore","K16_2004","{39744D68-DFEE-4649-ACE2-806C077E64E2}","K","Kehoe Beach",2004,,,"Charadrius nivosus","Western Snowy Plover","824030",-122.953868716622,38.1307845117544,"GCS","NAD83","Garmin 3+",2004-06-14,,"Square",,,,,,,,,,,,,"No","No",2004-06-14,"No",2004-07-13,,,3,3,0,,,,,,"No",,,"No",,,"No",,,,,,,"day losses",,"Raw",2019-06-24 11:15:22,"swakamiya","Event","HumanObservation"
"PORE","Point Reyes National Seashore","K17_2004","{39744D68-DFEE-4649-ACE2-806C077E64E2}","K","Kehoe Beach",2004,,,"Charadrius nivosus","Western Snowy Plover","824030",-122.95243768,38.1381292856236,"GCS","NAD83","Garmin 3+",2004-06-23,,"Square",,,,,,,,,,,,,"No","No",2004-06-23,"No",,,,3,0,0,2004-07-11,"Abandoned",,,,"No",,,"No",,,"No","Unknown","WG:RO",,,,,"abandoned during inc. unknown cause",,"Raw",2019-06-24 11:15:22,"swakamiya","Event","HumanObservation"
"PORE","Point Reyes National Seashore","K18_2004","{39744D68-DFEE-4649-ACE2-806C077E64E2}","K","Kehoe Beach",2004,,,"Charadrius nivosus","Western Snowy Plover","824030",-122.954530405162,38.1309469982946,"GCS","NAD83","Garmin 3+",2004-06-24,,"Square",,,,,,,,,,,,,"No","No",2004-06-24,"No",2004-07-25,,,3,3,0,,,,,,"No",,,"No",,,"No",,,,,,,"day losses","Edited on 1/5/2022 by Matt Lau - Corrected UTME to the proper coordinates. It was off by 1km.","Raw",2019-06-24 11:15:22,"swakamiya","Event","HumanObservation"
"PORE","Point Reyes National Seashore","K19_2004","{39744D68-DFEE-4649-ACE2-806C077E64E2}","K","Kehoe Beach",2004,,,"Charadrius nivosus","Western Snowy Plover","824030",-122.953386469176,38.1355340115012,"GCS","NAD83","Garmin 3+",2004-06-25,,"Square",,,,,,,,,,,,,"No","No",2004-06-25,"No",2004-07-22,,,3,3,0,,,,,,"No",,,"No",,,"No",,,,,,,"3 day losses",,"Raw",2019-06-24 11:15:22,"swakamiya","Event","HumanObservation"
"PORE","Point Reyes National Seashore","K20_2004","{39744D68-DFEE-4649-ACE2-806C077E64E2}","K","Kehoe Beach",2004,,,"Charadrius nivosus","Western Snowy Plover","824030",-122.954850478786,38.1299917756623,"GCS","NAD83","Garmin 3+",2004-07-10,,"Square",,,,,,,,,,,,,"No","No",2004-07-10,"No",2004-08-09,,,3,3,1,,,,,,"No",,,"No",,,"No",,"WG:RO",,,,,"2 day losses",,"Raw",2019-06-24 11:15:22,"swakamiya","Event","HumanObservation"
"PORE","Point Reyes National Seashore","K21_2004","{39744D68-DFEE-4649-ACE2-806C077E64E2}","K","Kehoe Beach",2004,,,"Charadrius nivosus","Western Snowy Plover","824030",-122.953707226808,38.1335513459734,"GCS","NAD83","Garmin 3+",2004-07-27,,"Square",,,,,,,,,,,,,"No","No",2004-07-27,"No",2004-08-27,,,3,3,2,,,,,,"No",,,"No",,,"No",,,,,,,"1 day loss to abbott's raven",,"Raw",2019-06-24 11:15:22,"swakamiya","Event","HumanObservation"
"PORE","Point Reyes National Seashore","L01_1997","{AAECB23A-DD1B-4289-A95D-BD34276088B9}","L","Limantour Beach",1997,,,"Charadrius nivosus","Western Snowy Plover","824030",-122.913265911239,38.0292146185579,"GCS","NAD83","Map",1997-04-02,,,,,,,,,,,,,,,"No","No",,"No",,,,3,3,3,,,,,,"No",,,"No",,,"No",,,,,,,,,"Raw",2019-06-24 11:15:22,"swakamiya","Event","HumanObservation"
"PORE","Point Reyes National Seashore","L01_1998","{AAECB23A-DD1B-4289-A95D-BD34276088B9}","L","Limantour Beach",1998,,,"Charadrius nivosus","Western Snowy Plover","824030",-122.904594803502,38.0291988895227,"GCS","NAD83","Map",1998-05-18,,"Triangle",,,,,,,,,,,,,"No","No",,"No",,,,3,0,0,,,,,,"No",,,"No",,,"No",,"Y/PV",,,,,"high tides washed out",,"Raw",2019-06-24 11:15:22,"swakamiya","Event","HumanObservation"
"PORE","Point Reyes National Seashore","L01_1999","{AAECB23A-DD1B-4289-A95D-BD34276088B9}","L","Limantour Beach",1999,,,"Charadrius nivosus","Western Snowy Plover","824030",-122.905472216467,38.0291635467911,"GCS","NAD83",,1999-05-03,,"Triangle",,,,,,,,,,,,,"No","No",,"No",,,,3,2,0,,,,,,"No",,,"No",,,"No",,,,,,,,,"Raw",2019-06-24 11:15:22,"swakamiya","Event","HumanObservation"
"PORE","Point Reyes National Seashore","L01_2000","{AAECB23A-DD1B-4289-A95D-BD34276088B9}","L","Limantour Beach",2000,,,"Charadrius nivosus","Western Snowy Plover","824030",-122.905175533088,38.029496783422,"GCS","NAD83",,2000-03-30,,,,,,,,,,,,,,,"No","No",2000-03-26,"No",,,,3,0,0,2000-04-07,"Abandoned",,,,"No",,,"No",,,"No",,,,,,,"Abandoned 3 eggs",,"Raw",2019-06-24 11:15:22,"swakamiya","Event","HumanObservation"
"PORE","Point Reyes National Seashore","L01_2015","{AAECB23A-DD1B-4289-A95D-BD34276088B9}","L","Limantour Beach",2015,,,"Charadrius nivosus","Western Snowy Plover","824030",-122.896643458051,38.027822215153,"GCS","NAD83","Garmin",2015-04-24,,"None","SKE","Yes","No","Yes","No","No","No","Yes","No","No","No","No","No","No",2015-04-16,"No",,,,3,,,2015-05-14,"Failed - Unknown",,,,"No",,,"No",,,"No",,,"bg:bb",,,,"Unknown fate of nest, eggs gone close to hatch date and no chicks observed in area. Possible lost right before hatch or right after hatch.",,"Raw",2019-06-24 11:15:22,"swakamiya","Event","HumanObservation"
"PORE","Point Reyes National Seashore","L01_2016","{AAECB23A-DD1B-4289-A95D-BD34276088B9}","L","Limantour Beach",2016,,,"Charadrius nivosus","Western Snowy Plover","824030",-122.904059702941,38.0288649785725,"GCS","NAD83","Garmin",2016-05-18,2016-05-18,"Round","SKRE","Yes","Yes","Yes","No","No","No","Yes","No","No","No","No","No","No",,"Yes",2016-06-11,2016-07-09,,3,2,2,,,,,,"No",,,"No",,,"No",,"x:x","x:x",,,,,,"Raw",2019-06-24 11:15:22,"swakamiya","Event","HumanObservation"
"PORE","Point Reyes National Seashore","L01_2017","{AAECB23A-DD1B-4289-A95D-BD34276088B9}","L","Limantour Beach",2017,,,"Charadrius nivosus","Western Snowy Plover","824030",-122.908024689926,38.0290574169373,"GCS","NAD83","Garmin",2017-04-11,,"None","SWE","Yes","No","No","Yes","No","No","Yes","No","No","No","No","No","No",2017-04-11,"No",,,,1,0,0,2017-04-13,"Abandoned",,,,"No",,,"No",,,"No",,"x:x","x:x",,,,,,"Raw",2019-06-24 11:15:22,"swakamiya","Event","HumanObservation"
"PORE","Point Reyes National Seashore","L01_2018","{AAECB23A-DD1B-4289-A95D-BD34276088B9}","L","Limantour Beach",2018,,,"Charadrius nivosus","Western Snowy Plover","824030",-122.879636782321,38.0248768579124,"GCS","NAD83","Garmin",2018-04-17,,"None","SVE","Yes","No","No","No","No","Yes","Yes","No","No","No","No","No","No",2018-04-17,"No",2018-05-22,2018-06-18,2018-05-23,3,3,2,,,,,,"No",,,"No",,,"No",,"av:bb","wr:ol",,,,,,"Raw",2019-06-24 11:15:22,"swakamiya","Event","HumanObservation"
"PORE","Point Reyes National Seashore","L01_2019","{AAECB23A-DD1B-4289-A95D-BD34276088B9}","L","Limantour Beach",2019,,,"Charadrius nivosus","Western Snowy Plover","824030",-122.905882586629,38.0290286832085,"GCS","NAD83","Garmin",2019-04-25,,,"SVWE","Yes","No","No","Yes","No","Yes","Yes","No","No","No","No","No","No",,"Yes",,,,2,,,2019-04-30,"Depredated by Known Predator","Common raven",,,"No",,,"No",,,"No",,"unk","unk",,,,,,"Raw",2019-08-23 14:06:19,"mlau","Event","HumanObservation"
"PORE","Point Reyes National Seashore","L01_2020","{AAECB23A-DD1B-4289-A95D-BD34276088B9}","L","Limantour Beach",2020,,,"Charadrius nivosus","Western Snowy Plover","824030",-122.899537204566,38.0280951088686,"GCS","NAD83","Garmin",2020-05-01,,"None","SKE","Yes","No","Yes","No","No","No","Yes","No","No","No","No","No","No",,"Yes",,,,3,0,0,2020-05-14,"Tide",,,,"No",,,"No",,,"No",,"av:bg","av:ww",,,,,,"Raw",2020-09-18 11:19:04,"mjayl","Event","HumanObservation"
"PORE","Point Reyes National Seashore","L01_2021","{AAECB23A-DD1B-4289-A95D-BD34276088B9}","L","Limantour Beach",2021,,,"Charadrius nivosus","Western Snowy Plover","824030",-122.899559869913,38.0281852567676,"GCS","NAD83",,2021-04-07,2021-04-09,"Mini-Exclosure","SWKH","Yes","No","Yes","Yes","No","No","No","No","No","Yes","No","No","No",2021-04-07,"No",2021-05-08,2021-06-04,2021-05-08,3,3,1,,,,,,"No",,,"No",,,"No",,"av:bg","av:ww",,,,"Unable to get accurate chick loss data",,"Accepted",2021-12-13 10:32:03,"EEdson","Event","HumanObservation"
"PORE","Point Reyes National Seashore","L01_2022","{AAECB23A-DD1B-4289-A95D-BD34276088B9}","L","Limantour Beach",2022,,,"Charadrius nivosus","Western Snowy Plover","824030",-122.89578680523,38.027688970051,"GCS","NAD83",,2022-04-08,,"None","SWKE","Yes","No","Yes","Yes","No","No","Yes","No","No","No","No","No","No",,"Yes",,,,1,0,0,2022-04-11,"Unknown",,,,"No",,,"No",,,"No",,"unk","unk",,,,"Possible egg dump.",,"Provisional",2022-11-01 11:11:12,"mlau","Event","HumanObservation"
"PORE","Point Reyes National Seashore","L01_2023","{AAECB23A-DD1B-4289-A95D-BD34276088B9}","L","Limantour Beach",2023,,,"Charadrius nivosus","Western Snowy Plover","824030",-122.903855499611,38.0290522781046,"GCS","WGS84",,2023-04-17,2023-04-17,"Mini-Exclosure","SVWPE","Yes","No","No","Yes","No","Yes","Yes","No","Yes","No","No","No","No",2023-04-14,"No",2023-05-21,2023-06-27,2023-05-21,3,3,2,,,,,,"No",,,"No",,,"No",,"av:bg","av:ww",,,,,,"Provisional",2023-09-13 12:30:13,"mjayl","Event","HumanObservation"
"PORE","Point Reyes National Seashore","L01_2024","{AAECB23A-DD1B-4289-A95D-BD34276088B9}","L","Limantour Beach",2024,,,"Charadrius nivosus","Western Snowy Plover","824030",-122.90448,38.03006,"GCS","WGS84",,2024-04-03,2024-04-03,"Mini-Exclosure","SWE","Yes","No","No","Yes","No","No","Yes","No","No","No","No","No","No",2024-04-01,"No",,,,3,,,2024-04-19,"Abandoned",,,,"No",,,"No",,,"No",,"av:bg","oa:br",,,,,,"Accepted",2026-04-22 09:55:16,"ksherrill","Event","HumanObservation"
"PORE","Point Reyes National Seashore","L01_2025","{AAECB23A-DD1B-4289-A95D-BD34276088B9}","L","Limantour Beach",2025,,,"Charadrius nivosus","Western Snowy Plover","824030",-122.625905952357,38.2284427782354,"GCS","WGS84",,2025-04-23,,"Mini-Exclosure","SKWE","Yes","No","Yes","Yes","No","No","Yes","No","No","No","No","No","No",,"No",,,,3,0,0,2025-04-30,"Depredated by Known Predator","Common raven",,,"No",,,"No",,,"No",,"av:pa","unknown",,,,"In area where adult was lost last year. Did not exclose-2025-04-23; Nest depredated by CORA; tracks leading to nest-2025-04-30",,"Accepted",2026-04-22 09:53:34,"ksherrill","Event","HumanObservation"
"PORE","Point Reyes National Seashore","L02_1997","{AAECB23A-DD1B-4289-A95D-BD34276088B9}","L","Limantour Beach",1997,,,"Charadrius nivosus","Western Snowy Plover","824030",-122.912126161355,38.0294751449921,"GCS","NAD83","Map",1997-05-09,,,,,,,,,,,,,,,"No","No",,"No",,,,3,0,0,,,,,,"No",,,"No",,,"No",,,,,,,"washed out",,"Raw",2019-06-24 11:15:22,"swakamiya","Event","HumanObservation"
"PORE","Point Reyes National Seashore","L02_1998","{AAECB23A-DD1B-4289-A95D-BD34276088B9}","L","Limantour Beach",1998,,,"Charadrius nivosus","Western Snowy Plover","824030",-122.911988080462,38.0306016481376,"GCS","NAD83","Map",1998-06-15,,"Triangle",,,,,,,,,,,,,"No","No",,"No",,,,3,2,2,,,,,,"No",,,"No",,,"No",,"Y/PV",,,,,,,"Raw",2019-06-24 11:15:22,"swakamiya","Event","HumanObservation"
"PORE","Point Reyes National Seashore","L02_1999","{AAECB23A-DD1B-4289-A95D-BD34276088B9}","L","Limantour Beach",1999,,,"Charadrius nivosus","Western Snowy Plover","824030",-122.906110634587,38.0289026855948,"GCS","NAD83",,1999-06-14,,"Square",,,,,,,,,,,,,"No","No",,"No",,,,1,0,0,,,,,,"No",,,"No",,,"No",,,,,,,"abandoned nest",,"Raw",2019-06-24 11:15:22,"swakamiya","Event","HumanObservation"
"PORE","Point Reyes National Seashore","L02_2000","{AAECB23A-DD1B-4289-A95D-BD34276088B9}","L","Limantour Beach",2000,,,"Charadrius nivosus","Western Snowy Plover","824030",-122.910791998151,38.0303123355045,"GCS","NAD83",,2000-05-01,,,,,,,,,,,,,,,"No","No",,"No",,,,3,0,0,2000-05-08,"Abandoned",,,,"No",,,"No",,,"No",,"-/S",,,,,"Abandoned 3 eggs",,"Raw",2019-06-24 11:15:22,"swakamiya","Event","HumanObservation"
"PORE","Point Reyes National Seashore","L02_2015","{AAECB23A-DD1B-4289-A95D-BD34276088B9}","L","Limantour Beach",2015,,,"Charadrius nivosus","Western Snowy Plover","824030",-122.895299088806,38.0277218843252,"GCS","NAD83","Garmin",2015-07-21,,"None","SKWE","Yes","No","Yes","Yes","No","No","Yes","No","No","No","No","No","No",2015-07-02,"No",,,,3,,,2015-07-29,"Failed - Unknown",,,,"No",,,"No",,,"No",,"og:yr","Unknown",,,,"Nest fate is unknown, eggs gone close to hatch date, unsure if lost right before hatching or right after hatching. No sign of chicks. Male possibly nw:ny. Initiation date estimated based on adult behavior.",,"Raw",2019-06-24 11:15:22,"swakamiya","Event","HumanObservation"
"PORE","Point Reyes National Seashore","L02_2016","{AAECB23A-DD1B-4289-A95D-BD34276088B9}","L","Limantour Beach",2016,,,"Charadrius nivosus","Western Snowy Plover","824030",-122.913983893993,38.0290979789152,"GCS","NAD83","Garmin",2016-06-05,2016-06-05,"Round","SWE","Yes","No","No","Yes","No","No","Yes","No","No","No","No","No","No",,"Yes",2016-06-26,2016-07-24,2016-06-28,2,2,2,,,,,,"No",,,"No",,,"No",,"x:x","x:x",,,,,,"Raw",2019-06-24 11:15:22,"swakamiya","Event","HumanObservation"
"PORE","Point Reyes National Seashore","L02_2017","{AAECB23A-DD1B-4289-A95D-BD34276088B9}","L","Limantour Beach",2017,,,"Charadrius nivosus","Western Snowy Plover","824030",-122.8795797401,38.0249218637923,"GCS","NAD83","Garmin",2017-04-20,2017-04-21,"Round","SKWE","Yes","No","Yes","Yes","No","No","Yes","No","No","No","No","No","No",2017-04-19,"No",2017-05-21,2017-06-18,2017-05-22,3,3,3,,,,,,"No",,,"No",,,"No",,"av:bb","bg:bb",,,,,,"Raw",2019-06-24 11:15:22,"swakamiya","Event","HumanObservation"
"PORE","Point Reyes National Seashore","L02_2018","{AAECB23A-DD1B-4289-A95D-BD34276088B9}","L","Limantour Beach",2018,,,"Charadrius nivosus","Western Snowy Plover","824030",-122.904948227,38.0290459572766,"GCS","NAD83","Garmin",2018-04-17,,,"STE","Yes","No","No","No","Yes","No","Yes","No","No","No","No","No","No",2018-04-17,"No",,,,2,0,0,2018-04-23,"Unknown",,,,"No",,,"No",,,"No",,"av:bg","x:x",,,,,,"Raw",2019-06-24 11:15:22,"swakamiya","Event","HumanObservation"
"PORE","Point Reyes National Seashore","L02_2019","{AAECB23A-DD1B-4289-A95D-BD34276088B9}","L","Limantour Beach",2019,,,"Charadrius nivosus","Western Snowy Plover","824030",-122.879556864176,38.0249759175037,"GCS","NAD83","Garmin",2019-05-30,,,"SVE","Yes","No","No","No","No","Yes","Yes","No","No","No","No","No","No",,"Yes",,,,,,,2019-06-07,"Unknown Depredation",,,,"No",,,"No",,,"No",,"av:bg","x:x",,,,"6/7/19 - R. DiGaudio - Scrape and plover tracks erased by recent high winds (yesterday was very windy). There are skunk tracks leading past where nest was, but unclear if skunk is the culprit. Pair is roosting together in front of the main beach access.",,"Raw",2019-08-23 14:07:45,"mlau","Event","HumanObservation"
"PORE","Point Reyes National Seashore","L02_2020","{AAECB23A-DD1B-4289-A95D-BD34276088B9}","L","Limantour Beach",2020,,,"Charadrius nivosus","Western Snowy Plover","824030",-122.895800469256,38.0276952911587,"GCS","NAD83","Garmin",2020-05-18,,"None","SKE","Yes","No","Yes","No","No","No","Yes","No","No","No","No","No","No",2020-05-17,"No",,,,1,0,0,2020-05-28,"Abandoned",,,,"No",,,"No",,,"No",,"av:bg","av:ww",,,,,,"Raw",2020-09-18 11:11:21,"mjayl","Event","HumanObservation"
"PORE","Point Reyes National Seashore","L02_2021","{AAECB23A-DD1B-4289-A95D-BD34276088B9}","L","Limantour Beach",2021,,,"Charadrius nivosus","Western Snowy Plover","824030",-122.896535213572,38.0278221199523,"GCS","NAD83",,2021-05-19,2021-05-19,"Mini-Exclosure","SWKE","Yes","No","Yes","Yes","No","No","Yes","No","No","No","No","No","No",,"Yes",2021-06-15,2021-07-12,2021-06-16,3,3,1,,,,,,"No",,,"No",,,"No",,"av:bg","x:x",,,,,,"Accepted",2021-12-13 10:32:03,"EEdson","Event","HumanObservation"
"PORE","Point Reyes National Seashore","L02_2022","{AAECB23A-DD1B-4289-A95D-BD34276088B9}","L","Limantour Beach",2022,,,"Charadrius nivosus","Western Snowy Plover","824030",-122.898258866456,38.0280282158405,"GCS","NAD83",,2022-04-08,,"None","SKWE","Yes","No","Yes","Yes","No","No","Yes","No","No","No","No","No","No",,"Yes",,,,1,0,0,2022-04-11,"Unknown",,,,"No",,,"No",,,"No",,"unk","unk",,,,,,"Provisional",2022-11-01 11:11:19,"mlau","Event","HumanObservation"
"PORE","Point Reyes National Seashore","L02_2023","{AAECB23A-DD1B-4289-A95D-BD34276088B9}","L","Limantour Beach",2023,,,"Charadrius nivosus","Western Snowy Plover","824030",-122.907898137029,38.0291177029859,"GCS","WGS84",,2023-04-17,2023-04-18,"Mini-Exclosure","SWVE","Yes","No","No","Yes","No","Yes","Yes","No","No","No","No","No","No",2023-04-16,"No",2023-05-21,2023-06-17,2023-05-21,3,3,2,,,,,,"No",,,"No",,,"No",,"va:aa","av:vo",,,,,,"Provisional",2023-09-13 12:32:43,"mjayl","Event","HumanObservation"
"PORE","Point Reyes National Seashore","L02_2024","{AAECB23A-DD1B-4289-A95D-BD34276088B9}","L","Limantour Beach",2024,,,"Charadrius nivosus","Western Snowy Plover","824030",-122.90794,38.02908,"GCS","WGS84",,2024-04-03,2024-04-03,"Mini-Exclosure","SWKE","Yes","No","Yes","Yes","No","No","Yes","No","No","No","No","No","No",2024-04-03,"No",2024-05-10,2024-06-06,2024-05-10,3,2,2,,,,,,"No",,,"No",,,"No",,"va:aa","av:vo",,,,"Microhabitat of nest includes dried Velella velella.",,"Accepted",2026-04-22 09:55:16,"ksherrill","Event","HumanObservation"
"PORE","Point Reyes National Seashore","L02_2025","{AAECB23A-DD1B-4289-A95D-BD34276088B9}","L","Limantour Beach",2025,,,"Charadrius nivosus","Western Snowy Plover","824030",-122.905281555454,38.0296686941173,"GCS","WGS84",,2025-04-24,2025-04-30,"Round","SKWE","Yes","No","Yes","Yes","No","No","Yes","No","No","No","No","No","No",,"No",,,,3,0,0,2025-05-06,"Wind",,,,"No",,,"No",,,"No",,"x:x","unknown",,,,"no eggs found nearby or after digging around ME. no tracks seen nearby. xx f around, av:rv scraping next to ME. ME returned to cache. -2025-05-06",,"Accepted",2026-04-22 09:53:34,"ksherrill","Event","HumanObservation"
"PORE","Point Reyes National Seashore","L03_1997","{AAECB23A-DD1B-4289-A95D-BD34276088B9}","L","Limantour Beach",1997,,,"Charadrius nivosus","Western Snowy Plover","824030",-122.903512716489,38.0289095952389,"GCS","NAD83","Map",1997-05-23,,,,,,,,,,,,,,,"No","No",,"No",,,,3,0,0,,,,,,"No",,,"No",,,"No",,,,,,,"washed out",,"Raw",2019-06-24 11:15:22,"swakamiya","Event","HumanObservation"
"PORE","Point Reyes National Seashore","L03_1999","{AAECB23A-DD1B-4289-A95D-BD34276088B9}","L","Limantour Beach",1999,,,"Charadrius nivosus","Western Snowy Plover","824030",-122.905186660331,38.0297040879833,"GCS","NAD83",,1999-06-17,,"Triangle",,,,,,,,,,,,,"No","No",,"No",,,,4,0,0,,,,,,"No",,,"No",,,"No",,,,,,,"abandoned nest - unknown - high tide close to nest",,"Raw",2019-06-24 11:15:22,"swakamiya","Event","HumanObservation"
"PORE","Point Reyes National Seashore","L03_2000","{AAECB23A-DD1B-4289-A95D-BD34276088B9}","L","Limantour Beach",2000,,,"Charadrius nivosus","Western Snowy Plover","824030",-122.920820112531,38.0294723083003,"GCS","NAD83",,2000-05-26,,,,,,,,,,,,,,,"No","No",,"No",,,,3,0,0,2000-06-13,"Wind",,,,"No",,,"No",,,"No",,,"PR/YO",,,,"Abandoned 3 eggs, wind/high tide",,"Raw",2019-06-24 11:15:22,"swakamiya","Event","HumanObservation"
"PORE","Point Reyes National Seashore","L03_2016","{AAECB23A-DD1B-4289-A95D-BD34276088B9}","L","Limantour Beach",2016,,,"Charadrius nivosus","Western Snowy Plover","824030",-122.907865225453,38.0290122278248,"GCS","NAD83","Garmin",2016-06-25,,"None","SVE","Yes","No","No","No","No","Yes","Yes","No","No","No","No","No","No",2016-06-22,"No",2016-07-25,2016-08-22,2016-07-13,3,2,1,,,,,,"No",,,"No",,,"No",,"wr:ar","x:x",,,,"Nest was washed over by high tide; single egg remained in cup. ML/TK found 2nd egg and returned it to cup. Third egg was found a week later, nearby, and put back in cup.",,"Raw",2019-06-24 11:15:22,"swakamiya","Event","HumanObservation"
"PORE","Point Reyes National Seashore","L03_2017","{AAECB23A-DD1B-4289-A95D-BD34276088B9}","L","Limantour Beach",2017,"OUC","Predator Type for Skunk unsure","Charadrius nivosus","Western Snowy Plover","824030",-122.88009213346,38.0251206702884,"GCS","NAD83","Garmin",2017-04-26,2017-04-28,"Round","SWE","Yes","No","No","Yes","No","No","Yes","No","No","No","No","No","No",2017-04-26,"No",,,,3,0,0,2017-05-25,"Unknown Depredation","Skunk",,,"No",,,"No",,,"No",,"ab:rl","x:x",,,,,,"Raw",2019-06-24 11:15:22,"swakamiya","Event","HumanObservation"
"PORE","Point Reyes National Seashore","L03_2018","{AAECB23A-DD1B-4289-A95D-BD34276088B9}","L","Limantour Beach",2018,,,"Charadrius nivosus","Western Snowy Plover","824030",-122.906817048582,38.0289302861217,"GCS","NAD83","Garmin",2018-04-17,2018-04-19,"Round","SRE","Yes","Yes","No","No","No","No","Yes","No","No","No","No","No","No",2018-04-08,"No",2018-05-16,,2018-05-16,3,3,0,,"Unknown",,,,"No",,,"No",,,"No",,"x:x","x:x",,,,,,"Raw",2019-06-24 11:15:22,"swakamiya","Event","HumanObservation"
"PORE","Point Reyes National Seashore","L03_2019","{AAECB23A-DD1B-4289-A95D-BD34276088B9}","L","Limantour Beach",2019,,,"Charadrius nivosus","Western Snowy Plover","824030",-122.906851117454,38.0290204416441,"GCS","NAD83","Garmin",2019-06-07,,,"SWD","Yes","No","No","Yes","No","No","No","Yes","No","No","No","No","No",,"Yes",2019-07-01,2019-07-28,2019-07-01,3,3,1,,,,2019-07-06,6,"No",2019-07-06,6,"No",,,"No",,"x:x","x:x",,,,,,"Raw",2019-08-23 14:09:59,"mlau","Event","HumanObservation"
"PORE","Point Reyes National Seashore","L03_2020","{AAECB23A-DD1B-4289-A95D-BD34276088B9}","L","Limantour Beach",2020,,,"Charadrius nivosus","Western Snowy Plover","824030",-122.896882583729,38.0279305793552,"GCS","NAD83","Garmin",2020-05-28,2020-05-28,"Round",,,,,,,,,,,,,"No","No",,"Yes",2020-06-22,2020-07-19,2020-06-25,3,3,0,,,,,,"No",,,"No",,,"No",,"av:bg","av:ww",,,,"No microshabitat code recorded.",,"Provisional",2020-09-18 11:08:50,"mjayl","Event","HumanObservation"
"PORE","Point Reyes National Seashore","L03_2021","{AAECB23A-DD1B-4289-A95D-BD34276088B9}","L","Limantour Beach",2021,,,"Charadrius nivosus","Western Snowy Plover","824030",-122.907660229081,38.028930951335,"GCS","NAD83",,2021-07-12,2021-07-13,"Mini-Exclosure","SKWE","Yes","No","Yes","Yes","No","No","Yes","No","No","No","No","No","No",,"Yes",2021-08-07,2021-09-05,2021-08-09,3,3,1,,,,2021-08-08,1,"No",2021-08-08,1,"No",,,"No",,"av:bg","av:ww",,,,,,"Accepted",2021-12-13 10:32:03,"EEdson","Event","HumanObservation"
"PORE","Point Reyes National Seashore","L03_2022","{AAECB23A-DD1B-4289-A95D-BD34276088B9}","L","Limantour Beach",2022,,,"Charadrius nivosus","Western Snowy Plover","824030",-122.897518285663,38.027997830267,"GCS","NAD83",,2022-04-11,2022-04-15,"Mini-Exclosure","SRVWKE","Yes","Yes","Yes","Yes","No","Yes","Yes","No","No","No","No","No","No",2022-04-11,"No",2022-05-16,2022-06-12,2022-05-16,3,3,1,,,,,,"No",,,"No",,,"No",,"av:bg","av:ww",,,,"Two of the three chicks hatched with abnormal injuries - One chick had an injury on top of its head and over left eye, where the skin was broken and pulled back revealing the skull. The other chick had something wrong with its eyes such that they appeared swollen shut- its left eye had a black injury or tumor below its eyelid, and the right eye appeared stuck shut (photos taken). Decided not to band chicks given their condition.",,"Provisional",2022-08-20 17:56:38,"mlau","Event","HumanObservation"
"PORE","Point Reyes National Seashore","L03_2023","{AAECB23A-DD1B-4289-A95D-BD34276088B9}","L","Limantour Beach",2023,,,"Charadrius nivosus","Western Snowy Plover","824030",-122.905499050045,38.0295628367063,"GCS","WGS84",,2023-05-16,2023-05-16,"Mini-Exclosure","SWVE","Yes","No","No","Yes","No","Yes","Yes","No","No","No","No","No","No",2023-05-14,"No",2023-06-16,2023-07-14,2023-06-20,3,3,2,,,,,,"No",,,"No",,,"No",,"yb:by","oa:br",,,,,,"Provisional",2023-09-13 12:35:08,"mjayl","Event","HumanObservation"
"PORE","Point Reyes National Seashore","L03_2024","{AAECB23A-DD1B-4289-A95D-BD34276088B9}","L","Limantour Beach",2024,,,"Charadrius nivosus","Western Snowy Plover","824030",-122.903767,38.02886,"GCS","WGS84",,2024-05-06,2024-05-06,"Mini-Exclosure","SW","Yes","No","No","Yes","No","No","No","No","No","No","No","No","No",,"Yes",,,,2,,,2024-05-21,"Wind",,,,"No",,,"No",,,"No",,"x:x",,,,,"Male unconfirmed. Va:ba or x:x?",,"Accepted",2026-04-22 09:55:16,"ksherrill","Event","HumanObservation"
"PORE","Point Reyes National Seashore","L03_2025","{AAECB23A-DD1B-4289-A95D-BD34276088B9}","L","Limantour Beach",2025,,,"Charadrius nivosus","Western Snowy Plover","824030",-122.902118907101,38.0286328389854,"GCS","WGS84",,2025-04-24,2025-04-30,"Square","SKW","Yes","No","Yes","Yes","No","No","No","No","No","No","No","No","No",,"No",2025-05-26,2025-06-23,,3,3,3,,,,,,"No",,,"No",,,"No",,"rb:vw","x:x",,,,"3 eggs, ME fine. vw:rb F flushed off nest and returned to incubate. as:pv M nearby, chasing xx M. -2025-05-06; f incubating on first pass. returned on walk back, flushed rbvw off, 3 eggs, me good. -2025-05-09; 3 eggs, ME good. rbvw nearby-2025-05-20; xx a",,"Accepted",2026-04-22 09:53:34,"ksherrill","Event","HumanObservation"
"PORE","Point Reyes National Seashore","L04_1997","{AAECB23A-DD1B-4289-A95D-BD34276088B9}","L","Limantour Beach",1997,,,"Charadrius nivosus","Western Snowy Plover","824030",-122.905779922083,38.029118729509,"GCS","NAD83","Map",1997-05-29,,,,,,,,,,,,,,,"No","No",,"No",,,,3,2,1,,,,,,"No",,,"No",,,"No",,,,,,,,,"Raw",2019-06-24 11:15:22,"swakamiya","Event","HumanObservation"
"PORE","Point Reyes National Seashore","L04_1999","{AAECB23A-DD1B-4289-A95D-BD34276088B9}","L","Limantour Beach",1999,,,"Charadrius nivosus","Western Snowy Plover","824030",-122.9049025564,38.0291180231664,"GCS","NAD83",,1999-06-29,,,,,,,,,,,,,,,"No","No",,"No",,,,3,0,0,,,,,,"No",,,"No",,,"No",,,,,,,"not exclosed - washed out by high tide",,"Raw",2019-06-24 11:15:22,"swakamiya","Event","HumanObservation"
"PORE","Point Reyes National Seashore","L04_2017","{AAECB23A-DD1B-4289-A95D-BD34276088B9}","L","Limantour Beach",2017,,,"Charadrius nivosus","Western Snowy Plover","824030",-122.906771414149,38.0289753142104,"GCS","NAD83","Garmin",2017-05-09,,"None","SWTE","Yes","No","No","Yes","Yes","No","Yes","No","No","No","No","No","No",2017-05-08,"No",,,,3,0,0,2017-05-26,"Depredated by Known Predator","Common raven",,,"No",,,"No",,,"No",,"x:x","x:x",,,,,,"Raw",2019-06-24 11:15:22,"swakamiya","Event","HumanObservation"
"PORE","Point Reyes National Seashore","L04_2018","{AAECB23A-DD1B-4289-A95D-BD34276088B9}","L","Limantour Beach",2018,,,"Charadrius nivosus","Western Snowy Plover","824030",-122.880650821025,38.0248778915624,"GCS","NAD83","Garmin",2018-04-23,,"None","SKE","Yes","No","Yes","No","No","No","Yes","No","No","No","No","No","No",,"Yes",2018-05-22,,,3,3,0,,"Unknown",,,,"No",,,"No",,,"No",,"ab:rl","x:x",,,,"Nest hatched on extremely windy day. R. DiGaudio attempted to go band on day of hatch but didn't make an attempt due to wind; couldn't find chicks. On proceeding days, RD went to nest cup and found a single dead chick skeleton, right at nest cup.",,"Raw",2019-06-24 11:15:22,"swakamiya","Event","HumanObservation"
"PORE","Point Reyes National Seashore","NP02_2024","{764DC5D8-DDE7-49E6-B146-A9328A9BB8B6}","NP","North Beach - Abbott's",2024,,,"Charadrius nivosus","Western Snowy Plover","824030",-122.97009,38.090039,"GCS","WGS84",,2024-04-12,2024-04-12,"Mini-Exclosure","SKWE","Yes","No","Yes","Yes","No","No","Yes","No","No","No","No","No","No",,"Yes",2024-05-14,2024-06-10,2024-05-14,3,3,1,,,,,,"No",,,"No",,,"No",,"va:va","as:oa",,,,,,"Accepted",2026-04-22 09:55:16,"ksherrill","Event","HumanObservation"
"PORE","Point Reyes National Seashore","NP02_2025","{764DC5D8-DDE7-49E6-B146-A9328A9BB8B6}","NP","North Beach - Abbott's",2025,,,"Charadrius nivosus","Western Snowy Plover","824030",-122.961121,38.110958,"GCS","WGS84",,2025-04-02,,,"SVE","Yes","No","No","No","No","Yes","Yes","No","No","No","No","Yes","Yes",,"No",,,,3,0,0,2025-04-11,"Failed - Unknown",,,,"No",,,"No",,,"No",,"av:ya?","x:x",,,,"Processed from SFN_SNPLPORE_Survey2024v1 Feature Layer - KRS 20250425",,"Accepted",2026-04-22 09:53:34,"ksherrill","Event","HumanObservation"
"PORE","Point Reyes National Seashore","NP03_1997","{764DC5D8-DDE7-49E6-B146-A9328A9BB8B6}","NP","North Beach - Abbott's",1997,,,"Charadrius nivosus","Western Snowy Plover","824030",-122.962586566412,38.1074717139698,"GCS","NAD83","Map",1997-04-18,,,,,,,,,,,,,,,"No","No",,"No",,,,1,0,0,,,,,,"No",,,"No",,,"No",,,,,,,"depredated",,"Raw",2019-06-24 11:15:22,"swakamiya","Event","HumanObservation"
"PORE","Point Reyes National Seashore","NP03_1998","{764DC5D8-DDE7-49E6-B146-A9328A9BB8B6}","NP","North Beach - Abbott's",1998,,,"Charadrius nivosus","Western Snowy Plover","824030",-122.969734012084,38.0906109216813,"GCS","NAD83","Map",1998-04-20,,"Triangle",,,,,,,,,,,,,"No","No",,"No",,,,3,3,3,,,,,,"No",,,"No",,,"No",,,"YGY/R",,,,,,"Raw",2019-06-24 11:15:22,"swakamiya","Event","HumanObservation"
"PORE","Point Reyes National Seashore","NP03_1999","{764DC5D8-DDE7-49E6-B146-A9328A9BB8B6}","NP","North Beach - Abbott's",1999,,,"Charadrius nivosus","Western Snowy Plover","824030",-122.9612729357,38.1110313173698,"GCS","NAD83",,1999-04-19,,"Triangle",,,,,,,,,,,,,"No","No",,"No",,,,3,3,2,,,,,,"No",,,"No",,,"No",,,,,,,,,"Raw",2019-06-24 11:15:22,"swakamiya","Event","HumanObservation"
"PORE","Point Reyes National Seashore","NP03_2000","{764DC5D8-DDE7-49E6-B146-A9328A9BB8B6}","NP","North Beach - Abbott's",2000,,,"Charadrius nivosus","Western Snowy Plover","824030",-122.958931354219,38.1166184114983,"GCS","NAD83",,2000-04-03,,,,,,,,,,,,,,,"No","No",,"No",,,,3,0,0,,,,,,"No",,,"No",,,"No",,,,,,,"Abandoned 2E",,"Raw",2019-06-24 11:15:22,"swakamiya","Event","HumanObservation"
"PORE","Point Reyes National Seashore","NP03_2001","{764DC5D8-DDE7-49E6-B146-A9328A9BB8B6}","NP","North Beach - Abbott's",2001,,,"Charadrius nivosus","Western Snowy Plover","824030",-122.968660889866,38.093314467939,"GCS","NAD83","Pro Xr",2001-04-05,,"None",,,,,,,,,,,,,"No","No",,"No",,,,2,0,0,,,,,,"No",,,"No",,,"No",,"AR/YL","YGY/R",,,,"Predation: Unknown predator",,"Raw",2019-06-24 11:15:22,"swakamiya","Event","HumanObservation"
"PORE","Point Reyes National Seashore","NP03_2002","{764DC5D8-DDE7-49E6-B146-A9328A9BB8B6}","NP","North Beach - Abbott's",2002,,,"Charadrius nivosus","Western Snowy Plover","824030",-122.96013016944,38.1148162800816,"GCS","NAD83","Garmin 3+",2002-04-09,,"Square",,,,,,,,,,,,,"No","No",2002-04-08,"No",,,,3,0,0,,,,,,"No",,,"No",,,"No",,"RGR/W",,,,,"Predation: Raven",,"Raw",2019-06-24 11:15:22,"swakamiya","Event","HumanObservation"
"PORE","Point Reyes National Seashore","NP03_2003","{764DC5D8-DDE7-49E6-B146-A9328A9BB8B6}","NP","North Beach - Abbott's",2003,,,"Charadrius nivosus","Western Snowy Plover","824030",-122.961478973233,38.1096794755992,"GCS","NAD83","Garmin 3+",2003-04-17,,"Square",,,,,,,,,,,,,"No","No",2003-04-17,"No",,,,3,0,0,2003-05-08,"Abandoned",,,,"No",,,"No",,,"No","Unknown",,,,,,"abandoned/unknown cause",,"Raw",2019-06-24 11:15:22,"swakamiya","Event","HumanObservation"
"PORE","Point Reyes National Seashore","NP03_2004","{764DC5D8-DDE7-49E6-B146-A9328A9BB8B6}","NP","North Beach - Abbott's",2004,,,"Charadrius nivosus","Western Snowy Plover","824030",-122.959399374754,38.1160868236391,"GCS","NAD83","Garmin 3+",2004-04-23,,"Square",,,,,,,,,,,,,"No","No",2004-04-23,"No",2004-05-22,,,3,3,1,,,,,,"No",,,"No",,,"No",,"OR:BB","OY:AV",,,,"in restoration/ 2 day/observed raven take 1",,"Raw",2019-06-24 11:15:22,"swakamiya","Event","HumanObservation"
"PORE","Point Reyes National Seashore","NP03_2005","{764DC5D8-DDE7-49E6-B146-A9328A9BB8B6}","NP","North Beach - Abbott's",2005,,,"Charadrius nivosus","Western Snowy Plover","824030",,,,,,2005-04-26,,"Unknown",,,,,,,,,,,,,"No","No",,"No",2005-05-31,,,3,3,2,,,,,,"No",,,"No",,,"No",,,,,,,,,"Raw",2019-06-24 11:15:22,"swakamiya","Event","HumanObservation"
"PORE","Point Reyes National Seashore","NP03_2006","{764DC5D8-DDE7-49E6-B146-A9328A9BB8B6}","NP","North Beach - Abbott's",2006,,,"Charadrius nivosus","Western Snowy Plover","824030",,,,,,2006-04-27,,"Unknown",,,,,,,,,,,,,"No","No",,"No",2006-05-31,,,3,3,0,,,,,,"No",,,"No",,,"No",,,,,,,,,"Raw",2019-06-24 11:15:22,"swakamiya","Event","HumanObservation"
"PORE","Point Reyes National Seashore","NP03_2007","{764DC5D8-DDE7-49E6-B146-A9328A9BB8B6}","NP","North Beach - Abbott's",2007,,,"Charadrius nivosus","Western Snowy Plover","824030",,,,,,2007-04-10,,"Unknown",,,,,,,,,,,,,"No","No",,"No",2007-05-09,,,3,3,0,,,,,,"No",,,"No",,,"No",,,,,,,,,"Raw",2019-06-24 11:15:22,"swakamiya","Event","HumanObservation"
"PORE","Point Reyes National Seashore","NP03_2008","{764DC5D8-DDE7-49E6-B146-A9328A9BB8B6}","NP","North Beach - Abbott's",2008,,,"Charadrius nivosus","Western Snowy Plover","824030",,,,,,2008-04-14,,"Unknown",,,,,,,,,,,,,"No","No",,"No",,,,2,0,,,"Wind",,,,"No",,,"No",,,"No",,,,,,,,,"Raw",2019-06-24 11:15:22,"swakamiya","Event","HumanObservation"
"PORE","Point Reyes National Seashore","NP03_2009","{764DC5D8-DDE7-49E6-B146-A9328A9BB8B6}","NP","North Beach - Abbott's",2009,,,"Charadrius nivosus","Western Snowy Plover","824030",-122.960118350062,38.1155733447623,"GCS","NAD83",,2009-05-14,2009-05-14,"Square","RKE","No","Yes","Yes","No","No","No","Yes","No","No","No","No","No","No",2009-05-13,"No",2009-06-14,,,3,2,0,,,,2009-07-05,21,"Yes",2009-07-07,23,"No",,,"No",,,"bo/ov",,,,"lost one chick at 20-21 days, lost one chick at 22-23 days.",,"Raw",2019-06-24 11:15:22,"swakamiya","Event","HumanObservation"
"PORE","Point Reyes National Seashore","NP03_2010","{764DC5D8-DDE7-49E6-B146-A9328A9BB8B6}","NP","North Beach - Abbott's",2010,,,"Charadrius nivosus","Western Snowy Plover","824030",-122.966194648003,38.0996227103823,"GCS","NAD83","Garmin",2010-05-18,2010-05-18,"Square","RKE","No","Yes","Yes","No","No","No","Yes","No","No","No","No","No","No",2010-05-16,"No",2010-06-17,,,3,2,0,,,,2010-06-19,2,"Yes",2010-06-19,2,"Yes",,,"No",,,,,,,,,"Raw",2019-06-24 11:15:22,"swakamiya","Event","HumanObservation"
"PORE","Point Reyes National Seashore","NP03_2011","{764DC5D8-DDE7-49E6-B146-A9328A9BB8B6}","NP","North Beach - Abbott's",2011,,,"Charadrius nivosus","Western Snowy Plover","824030",-122.974573404203,38.0786791611684,"GCS","NAD83","Garmin",2011-05-09,2011-05-09,"Square","R","No","Yes","No","No","No","No","No","No","No","No","No","No","No",2011-05-07,"No",2011-06-09,2011-07-07,,3,3,1,,,,2011-06-12,3,"Yes",2011-06-18,9,"Yes",,,"No",,"w:av",,,,,,,"Raw",2019-06-24 11:15:22,"swakamiya","Event","HumanObservation"
"PORE","Point Reyes National Seashore","NP03_2012","{764DC5D8-DDE7-49E6-B146-A9328A9BB8B6}","NP","North Beach - Abbott's",2012,,,"Charadrius nivosus","Western Snowy Plover","824030",-122.967964489929,38.0949996653537,"GCS","NAD83","Garmin",2012-05-30,,"None","RWE","No","Yes","No","Yes","No","No","Yes","No","No","No","No","No","No",2012-05-07,"No",2012-06-07,2012-07-05,,3,3,2,,,,2012-06-09,2,"Yes",,,"No",,,"No",,,,,,,"Nest was found by Lynne Stenzel and was judged be be at least two weeks old, made the decision not to exclose because it had lasted that long without one.",,"Raw",2019-06-24 11:15:22,"swakamiya","Event","HumanObservation"
"PORE","Point Reyes National Seashore","NP03_2014","{764DC5D8-DDE7-49E6-B146-A9328A9BB8B6}","NP","North Beach - Abbott's",2014,,,"Charadrius nivosus","Western Snowy Plover","824030",-122.966297722183,38.0986944270144,"GCS","NAD83","Garmin",2014-03-25,,"None","SWE","Yes","No","No","Yes","No","No","Yes","No","No","No","No","No","No",,"No",,,,3,0,0,2014-04-07,"Unknown Depredation",,,,"No",,,"No",,,"No",,,,,,,"Initiation date unknown. Did not exclose nest because found it as a 3 egg nest and it was early in the season. Additionally, in the AT&T area which had good success in 2013 of unexclosed nests",,"Raw",2019-06-24 11:15:22,"swakamiya","Event","HumanObservation"
"PORE","Point Reyes National Seashore","NP03_2015","{764DC5D8-DDE7-49E6-B146-A9328A9BB8B6}","NP","North Beach - Abbott's",2015,,,"Charadrius nivosus","Western Snowy Plover","824030",-122.965270130892,38.1010734927974,"GCS","NAD83","Garmin",2015-04-06,,"None","SVE","Yes","No","No","No","No","Yes","Yes","No","No","No","No","No","No",2015-04-05,"No",,,,1,,,2015-04-10,"Unknown Depredation",,,,"No",,,"No",,,"No",,,,,,,,,"Raw",2019-06-24 11:15:22,"swakamiya","Event","HumanObservation"
"PORE","Point Reyes National Seashore","NP03_2016","{764DC5D8-DDE7-49E6-B146-A9328A9BB8B6}","NP","North Beach - Abbott's",2016,,,"Charadrius nivosus","Western Snowy Plover","824030",-122.966605821689,38.0983430177908,"GCS","NAD83","Garmin",2016-04-05,,"None","SWE","Yes","No","No","Yes","No","No","Yes","No","No","No","No","No","No",,"Yes",,,,1,0,0,2016-04-09,"Unknown",,,,"No",,,"No",,,"No",,"x:x","x:x",,,,,,"Raw",2019-06-24 11:15:22,"swakamiya","Event","HumanObservation"
"PORE","Point Reyes National Seashore","NP10_2022","{764DC5D8-DDE7-49E6-B146-A9328A9BB8B6}","NP","North Beach - Abbott's",2022,,,"Charadrius nivosus","Western Snowy Plover","824030",-122.973070206686,38.0828950028311,"GCS","NAD83",,2022-05-20,2022-05-20,"Mini-Exclosure","SVD","Yes","No","No","No","No","Yes","No","Yes","No","No","No","No","No",,"Yes",2022-06-25,2022-07-22,2022-06-25,3,3,3,,,,,,"No",,,"No",,,"No",,"x:x","av:aw",,,,"Adult x:w male was captured and banded av:aw, 2381-12093 (possibly 2581-12093, hard to read)",,"Provisional",2022-08-19 16:10:53,"mlau","Event","HumanObservation"
"PORE","Point Reyes National Seashore","NP10_2023","{764DC5D8-DDE7-49E6-B146-A9328A9BB8B6}","NP","North Beach - Abbott's",2023,,,"Charadrius nivosus","Western Snowy Plover","824030",-122.971407203978,38.0870729288196,"GCS","WGS84",,2023-05-08,2023-05-08,"Mini-Exclosure",,,,,,,,,,,,,"No","No",2023-05-07,"No",2023-06-10,,2023-06-10,3,3,0,,,,,,"No",,,"No",,,"No",,"x:x","va:wv",,,,,,"Raw",2023-09-13 13:29:32,"mjayl","Event","HumanObservation"
"PORE","Point Reyes National Seashore","NP10_2024","{764DC5D8-DDE7-49E6-B146-A9328A9BB8B6}","NP","North Beach - Abbott's",2024,,,"Charadrius nivosus","Western Snowy Plover","824030",-122.95943,38.11481,"GCS","WGS84",,2024-05-20,2024-05-20,"Mini-Exclosure","SWVE","Yes","No","No","Yes","No","Yes","Yes","No","No","No","No","No","Yes",,"Yes",2024-06-11,2024-07-08,2024-06-11,3,3,1,,,,,,"No",,,"No",,,"No",,"av:ob","av:ry",,,,,,"Accepted",2026-04-22 09:55:16,"ksherrill","Event","HumanObservation"
"PORE","Point Reyes National Seashore","NP10_2025","{764DC5D8-DDE7-49E6-B146-A9328A9BB8B6}","NP","North Beach - Abbott's",2025,,,"Charadrius nivosus","Western Snowy Plover","824030",-122.973761090694,38.0817976080324,"GCS","WGS84",,2025-05-01,,,"SWE","Yes","No","No","Yes","No","No","Yes","No","No","No","No","No","No",2025-05-01,"No",,,,1,0,0,2025-05-05,"Wind",,,,"No",,,"No",,,"No",,"va:oo","x:x",,,,"One egg on Thursday scrape completely gone after wind event",,"Accepted",2026-04-22 09:53:34,"ksherrill","Event","HumanObservation"
"PORE","Point Reyes National Seashore","NP11_1997","{764DC5D8-DDE7-49E6-B146-A9328A9BB8B6}","NP","North Beach - Abbott's",1997,,,"Charadrius nivosus","Western Snowy Plover","824030",-122.962483861528,38.1075618085663,"GCS","NAD83","Map",1997-05-30,,,,,,,,,,,,,,,"No","No",,"No",,,,3,3,2,,,,,,"No",,,"No",,,"No",,,,,,,,,"Raw",2019-06-24 11:15:22,"swakamiya","Event","HumanObservation"
"PORE","Point Reyes National Seashore","NP11_1999","{764DC5D8-DDE7-49E6-B146-A9328A9BB8B6}","NP","North Beach - Abbott's",1999,,,"Charadrius nivosus","Western Snowy Plover","824030",-122.963682789305,38.1050566445659,"GCS","NAD83",,1999-05-31,,"Square",,,,,,,,,,,,,"No","No",,"No",,,,2,0,0,,,,,,"No",,,"No",,,"No",,,,,,,"eggs abandoned during laying period",,"Raw",2019-06-24 11:15:22,"swakamiya","Event","HumanObservation"
"PORE","Point Reyes National Seashore","NP11_2000","{764DC5D8-DDE7-49E6-B146-A9328A9BB8B6}","NP","North Beach - Abbott's",2000,,,"Charadrius nivosus","Western Snowy Plover","824030",-122.967576204132,38.0961982549876,"GCS","NAD83",,2000-05-19,,,,,,,,,,,,,,,"No","No",,"No",,,,3,3,1,,,,,,"No",,,"No",,,"No",,,,,,,"Fledged 1",,"Raw",2019-06-24 11:15:22,"swakamiya","Event","HumanObservation"
=======
>>>>>>> origin/main
"PORE","Point Reyes National Seashore","L04_2019","{AAECB23A-DD1B-4289-A95D-BD34276088B9}","L","Limantour Beach",2019,,,"Charadrius nivosus","Western Snowy Plover","824030",-122.880263171432,38.0250397288741,"GCS","NAD83","Garmin",2019-06-17,,,"SVE","Yes","No","No","No","No","Yes","Yes","No","No","No","No","No","No",,"Yes",,,,2,,,2019-06-19,"Depredated by Known Predator","Common raven",,,"No",,,"No",,,"No",,"av:bg","x:x",,,,,,"Raw",2019-08-24 13:50:18,"mlau","Event","HumanObservation"
"PORE","Point Reyes National Seashore","L04_2022","{AAECB23A-DD1B-4289-A95D-BD34276088B9}","L","Limantour Beach",2022,,,"Charadrius nivosus","Western Snowy Plover","824030",-122.895515641464,38.0276770126898,"GCS","NAD83",,2022-04-29,2022-04-29,"Mini-Exclosure","SKVE","Yes","No","Yes","No","No","Yes","Yes","No","No","No","No","No","No",2022-04-28,"No",2022-06-02,2022-06-29,2022-06-02,3,3,1,,,,,,"No",,,"No",,,"No",,"va:ab","oa:br",,,,"Captured x:x female, banded va:ab, 8021-26968",,"Provisional",2022-08-20 18:00:16,"mlau","Event","HumanObservation"
"PORE","Point Reyes National Seashore","L04_2023","{AAECB23A-DD1B-4289-A95D-BD34276088B9}","L","Limantour Beach",2023,,,"Charadrius nivosus","Western Snowy Plover","824030",-122.904788472828,38.0292260840674,"GCS","WGS84",,2023-06-06,2023-06-06,"Mini-Exclosure","SKE","Yes","No","Yes","No","No","No","Yes","No","No","No","No","No","No",,"Yes",2023-07-02,2023-07-29,2023-07-03,3,3,0,,,,,,"No",,,"No",,,"No",,"va:aa","va:ba",,,,,,"Provisional",2023-09-13 12:39:34,"mjayl","Event","HumanObservation"
"PORE","Point Reyes National Seashore","L04_2024","{AAECB23A-DD1B-4289-A95D-BD34276088B9}","L","Limantour Beach",2024,,,"Charadrius nivosus","Western Snowy Plover","824030",-122.90548,38.0298,"GCS","WGS84",,2024-05-17,2024-05-17,"Mini-Exclosure","SWE","Yes","No","No","Yes","No","No","Yes","No","No","No","No","No","No",2024-05-17,"No",,,,3,,,2024-06-02,"Tide",,,,"No",,,"No",,,"No",,"va:aa","oa:br",,,,,,"Accepted",2026-04-22 09:55:16,"ksherrill","Event","HumanObservation"
"PORE","Point Reyes National Seashore","L04_2025","{AAECB23A-DD1B-4289-A95D-BD34276088B9}","L","Limantour Beach",2025,,,"Charadrius nivosus","Western Snowy Plover","824030",-122.90496879587,38.0288631867554,"GCS","WGS84",,2025-04-30,2025-05-12,"Mini-Exclosure","SE","Yes","No","No","No","No","No","Yes","No","No","No","No","No","No",,"No",2025-05-26,2025-06-23,2025-05-26,3,2,2,,,,,,"No",,,"No",,,"No",,"x:x","as:pv",,,,"15 0 0-2025-04-30; 3 eggs a little buried but still visible on first pass. re-placed them on nest cup. after checking L02, F seen incubating-2025-05-06; xx f on nest. flushed, 3 eggs seen in binos -2025-05-09; Incubation -2025-05-15; f on nest. 3 eggs, ME",,"Accepted",2026-04-22 09:53:34,"ksherrill","Event","HumanObservation"
"PORE","Point Reyes National Seashore","L05_1997","{AAECB23A-DD1B-4289-A95D-BD34276088B9}","L","Limantour Beach",1997,,,"Charadrius nivosus","Western Snowy Plover","824030",-122.909574233073,38.0291307216768,"GCS","NAD83","Map",1997-06-12,,,,,,,,,,,,,,,"No","No",,"No",,,,1,0,0,,,,,,"No",,,"No",,,"No",,,,,,,"wind blown",,"Raw",2019-06-24 11:15:22,"swakamiya","Event","HumanObservation"
"PORE","Point Reyes National Seashore","L05_1999","{AAECB23A-DD1B-4289-A95D-BD34276088B9}","L","Limantour Beach",1999,,,"Charadrius nivosus","Western Snowy Plover","824030",-122.905095795417,38.0294786933842,"GCS","NAD83",,1999-07-19,,"Triangle",,,,,,,,,,,,,"No","No",,"No",,,,3,3,2,,,,,,"No",,,"No",,,"No",,,,,,,"1 chick lost on weekend",,"Raw",2019-06-24 11:15:22,"swakamiya","Event","HumanObservation"
"PORE","Point Reyes National Seashore","L05_2017","{AAECB23A-DD1B-4289-A95D-BD34276088B9}","L","Limantour Beach",2017,,,"Charadrius nivosus","Western Snowy Plover","824030",-122.903341777906,38.0289274805438,"GCS","NAD83","Garmin",2017-05-24,2017-05-24,"Round","SWVE","Yes","No","No","Yes","No","Yes","Yes","No","No","No","No","No","No",2017-05-21,"No",2017-06-21,2017-07-20,2017-06-22,3,3,2,,,,2017-07-04,14,"No",,,"No",,,"No",,"ao:rw","x:x",,,,"1 chick lost 7/4 - 7/7 (holiday loss)",,"Raw",2019-06-24 11:15:22,"swakamiya","Event","HumanObservation"
"PORE","Point Reyes National Seashore","L05_2018","{AAECB23A-DD1B-4289-A95D-BD34276088B9}","L","Limantour Beach",2018,,,"Charadrius nivosus","Western Snowy Plover","824030",-122.879750424646,38.0250572313264,"GCS","NAD83","Garmin",2018-04-24,,"None","SWVTE","Yes","No","No","Yes","Yes","Yes","Yes","No","No","No","No","No","No",2018-04-24,"No",,,,3,0,0,2018-05-03,"Depredated by Known Predator","Common raven",,,"No",,,"No",,,"No",,"ao:rw","x:x",,,,,,"Raw",2019-06-24 11:15:22,"swakamiya","Event","HumanObservation"
"PORE","Point Reyes National Seashore","L05_2019","{AAECB23A-DD1B-4289-A95D-BD34276088B9}","L","Limantour Beach",2019,,,"Charadrius nivosus","Western Snowy Plover","824030",-122.905529431356,38.0289743228733,"GCS","NAD83","Garmin",2019-06-25,,,"SVE","Yes","No","No","No","No","Yes","Yes","No","No","No","No","No","No",2019-06-25,"No",,,,3,,,2019-07-08,"Depredated by Known Predator","Common raven",,,"No",,,"No",,,"No",,"av:bg","x:x",,,,"An x:x, F was once observed incubating nest. Av:bg, F was seen incubating multiple times.",,"Raw",2019-08-24 13:52:53,"mlau","Event","HumanObservation"
"PORE","Point Reyes National Seashore","L05_2022","{AAECB23A-DD1B-4289-A95D-BD34276088B9}","L","Limantour Beach",2022,,,"Charadrius nivosus","Western Snowy Plover","824030",-122.889717405305,38.0267533074005,"GCS","NAD83",,2022-05-25,2022-05-25,"Mini-Exclosure","SVPE","Yes","No","No","No","No","Yes","Yes","No","Yes","No","No","No","No",2022-05-24,"No",2022-06-24,2022-07-22,2022-06-25,3,2,2,,,,,,"No",,,"No",,,"No",,"av:bg","av:vo",,,,"Captured x:x male and banded av:vo, 2851-04807",,"Provisional",2022-08-20 18:02:25,"mlau","Event","HumanObservation"
"PORE","Point Reyes National Seashore","L05_2023","{AAECB23A-DD1B-4289-A95D-BD34276088B9}","L","Limantour Beach",2023,,,"Charadrius nivosus","Western Snowy Plover","824030",-122.911271558358,38.0294925278874,"GCS","WGS84",,2023-06-29,2023-06-30,"Mini-Exclosure","SE","Yes","No","No","No","No","No","Yes","No","No","No","No","No","No",2023-06-27,"No",,,,3,0,0,2023-07-11,"Wind","Common raven",,,"No",,,"No",,,"No",,"x:x","x:x",,,,"Eggs were blown out of ME. Adults made new scrape and new scrape was found empty on a nest visit, clear CORA tracks leading up to the new scrape just outside of the ME.",,"Raw",2023-09-13 12:41:58,"mjayl","Event","HumanObservation"
"PORE","Point Reyes National Seashore","L05_2024","{AAECB23A-DD1B-4289-A95D-BD34276088B9}","L","Limantour Beach",2024,,,"Charadrius nivosus","Western Snowy Plover","824030",-122.91161,38.02951,"GCS","WGS84",,2024-05-31,2024-05-31,"Mini-Exclosure",,,,,,,,,,,,,"No","No",2024-05-31,"No",,,,1,,,2024-06-02,"Wind",,,,"No",,,"No",,,"No",,,,,,,"Unconfirmed male and female. Likely rv:rb male, and x:x female.",,"Accepted",2026-04-22 09:55:16,"ksherrill","Event","HumanObservation"
"PORE","Point Reyes National Seashore","L05_2025","{AAECB23A-DD1B-4289-A95D-BD34276088B9}","L","Limantour Beach",2025,,,"Charadrius nivosus","Western Snowy Plover","824030",-122.905263788296,38.0297725609827,"GCS","WGS84",,2025-05-09,,,"SE","Yes","No","No","No","No","No","Yes","No","No","No","No","No","No",,"Yes",,,,3,0,0,2025-05-19,"Tide",,,,"No",,,"No",,,"No",,"x:x","av:rv",,,,"one egg found, near L02, and where I saw avrv M scraping 3 days ago. no birds around but avrv M and xx F on outer beach-2025-05-09",,"Accepted",2026-04-22 09:53:34,"ksherrill","Event","HumanObservation"
"PORE","Point Reyes National Seashore","L06_1997","{AAECB23A-DD1B-4289-A95D-BD34276088B9}","L","Limantour Beach",1997,,,"Charadrius nivosus","Western Snowy Plover","824030",-122.910998234049,38.0293751552295,"GCS","NAD83","Map",1997-06-16,,,,,,,,,,,,,,,"No","No",,"No",,,,2,0,0,,,,,,"No",,,"No",,,"No",,,,,,,"washed out",,"Raw",2019-06-24 11:15:22,"swakamiya","Event","HumanObservation"
"PORE","Point Reyes National Seashore","L06_2017","{AAECB23A-DD1B-4289-A95D-BD34276088B9}","L","Limantour Beach",2017,,,"Charadrius nivosus","Western Snowy Plover","824030",-122.905757098725,38.0291457497747,"GCS","NAD83","Garmin",2017-05-31,2017-06-11,"Round","SKE","Yes","No","Yes","No","No","No","Yes","No","No","No","No","No","No",2017-05-31,"No",2017-06-28,2017-07-27,,3,3,3,,,,,,"No",,,"No",,,"No",,"x:x","x:x",,,,"Chicks hatched 3 days early; left unbanded",,"Raw",2019-06-24 11:15:22,"swakamiya","Event","HumanObservation"
"PORE","Point Reyes National Seashore","L06_2018","{AAECB23A-DD1B-4289-A95D-BD34276088B9}","L","Limantour Beach",2018,,,"Charadrius nivosus","Western Snowy Plover","824030",-122.910884006164,38.0296094028642,"GCS","NAD83","Garmin",2018-04-26,,"None","SKEP","Yes","No","Yes","No","No","No","Yes","No","Yes","No","No","No","No",,"Yes",,,,3,0,0,2018-05-16,"Tide",,,,"No",,,"No",,,"No",,"x:x","unk",,,,,,"Raw",2019-06-24 11:15:22,"swakamiya","Event","HumanObservation"
"PORE","Point Reyes National Seashore","L06_2019","{AAECB23A-DD1B-4289-A95D-BD34276088B9}","L","Limantour Beach",2019,,,"Charadrius nivosus","Western Snowy Plover","824030",-122.904196246981,38.0290092955507,"GCS","NAD83","Garmin",2019-07-16,2019-07-21,"Round","SWVE","Yes","No","No","Yes","No","Yes","Yes","No","No","No","No","No","No",2019-07-14,"No",2019-08-15,2019-09-11,2019-08-16,3,3,1,,,,,,"No",,,"No",,,"No",,"x:x","av:ww",,,,"2 chicks were lost sometime between 8/16-8/26. Brood was not observed between first day banded (8/16) and 8/26.",,"Raw",2019-08-24 13:54:38,"mlau","Event","HumanObservation"
"PORE","Point Reyes National Seashore","L06_2022","{AAECB23A-DD1B-4289-A95D-BD34276088B9}","L","Limantour Beach",2022,,,"Charadrius nivosus","Western Snowy Plover","824030",-122.907626102673,38.0288858602647,"GCS","NAD83",,2022-07-10,2022-07-10,"Mini-Exclosure",,,,,,,,,,,,,"No","No",2022-07-08,"No",,,,2,0,0,2022-07-13,"Tide",,,,"No",,,"No",,,"No",,"av:bg","av:ww",,,,"No Microhabitat data recorded",,"Provisional",2022-11-01 11:13:21,"mlau","Event","HumanObservation"
"PORE","Point Reyes National Seashore","L06_2023","{AAECB23A-DD1B-4289-A95D-BD34276088B9}","L","Limantour Beach",2023,,,"Charadrius nivosus","Western Snowy Plover","824030",-122.90378636893,38.0287656128422,"GCS","WGS84",,2023-06-30,2023-06-30,"Mini-Exclosure","SRE","Yes","Yes","No","No","No","No","Yes","No","No","No","No","No","No",2023-06-30,"No",,,,2,0,0,2023-07-07,"Tide",,,,"No",,,"No",,,"No",,"av:bg","av:ww",,,,"Tides washed over nest between 7/3-7/5",,"Raw",2023-09-13 12:43:31,"mjayl","Event","HumanObservation"
"PORE","Point Reyes National Seashore","L06_2024","{AAECB23A-DD1B-4289-A95D-BD34276088B9}","L","Limantour Beach",2024,,,"Charadrius nivosus","Western Snowy Plover","824030",-122.914875,38.029254,"GCS","WGS84",,2024-06-11,2024-06-11,"Mini-Exclosure","SWVE","Yes","No","No","Yes","No","Yes","Yes","No","No","No","No","No","No",,"Yes",,,,3,,,2024-06-24,"Depredated by Known Predator","Common raven",,,"No",,,"No",,,"No",,"x:x","rv:rb",,,,,,"Accepted",2026-04-22 09:55:16,"ksherrill","Event","HumanObservation"
"PORE","Point Reyes National Seashore","L06_2025","{AAECB23A-DD1B-4289-A95D-BD34276088B9}","L","Limantour Beach",2025,,,"Charadrius nivosus","Western Snowy Plover","824030",-122.903787666544,38.0287609323956,"GCS","WGS84",,2025-06-02,2025-06-02,"Square","SK","Yes","No","Yes","No","No","No","No","No","No","No","No","No","No",,"No",,,,3,0,0,2025-06-10,"Abandoned",,,,"No",,,"No",,,"No",,"wn:ob","av:rv",,,,"2 egg nest. wnob f and asrv m nearby, watching. square exclosure deployed. -2025-06-02; 3e inc wnobF-2025-06-04; CORA tracks around ME. Fresh feathers scattered around. some in nest cup, caught in ME, and a bigger pile right outside of ME. 3 eggs cold. No",,"Accepted",2026-04-22 09:53:34,"ksherrill","Event","HumanObservation"
"PORE","Point Reyes National Seashore","L07_1997","{AAECB23A-DD1B-4289-A95D-BD34276088B9}","L","Limantour Beach",1997,,,"Charadrius nivosus","Western Snowy Plover","824030",-122.912639220515,38.0292141545947,"GCS","NAD83","Map",1997-06-19,,,,,,,,,,,,,,,"No","No",,"No",,,,3,3,2,,,,,,"No",,,"No",,,"No",,,,,,,,,"Raw",2019-06-24 11:15:22,"swakamiya","Event","HumanObservation"
"PORE","Point Reyes National Seashore","L07_2017","{AAECB23A-DD1B-4289-A95D-BD34276088B9}","L","Limantour Beach",2017,"ODEC","Original 'Predator_Type' was 'Mammal'","Charadrius nivosus","Western Snowy Plover","824030",-122.879089988742,38.0248132069153,"GCS","NAD83","Garmin",2017-06-06,2017-06-06,"Round","SVWE","Yes","No","No","Yes","No","Yes","Yes","No","No","No","No","No","No",2017-05-29,"No",,,,3,0,0,2017-06-25,"Unknown Depredation","Other unlisted predator type",,,"No",,,"No",,,"No",,"av:bb","x:x",,,,,,"Raw",2019-06-24 11:15:22,"swakamiya","Event","HumanObservation"
"PORE","Point Reyes National Seashore","L07_2018","{AAECB23A-DD1B-4289-A95D-BD34276088B9}","L","Limantour Beach",2018,,,"Charadrius nivosus","Western Snowy Plover","824030",-122.902202764359,38.0286110888251,"GCS","NAD83","Garmin",2018-05-15,,"None","SVWE","Yes","No","No","Yes","No","Yes","Yes","No","No","No","No","No","No",2018-05-15,"No",,,,2,0,0,2018-05-23,"Depredated by Known Predator","Common raven",,,"No",,,"No",,,"No",,"wr:ar","x:x",,,,,,"Raw",2019-06-24 11:15:22,"swakamiya","Event","HumanObservation"
"PORE","Point Reyes National Seashore","L07_2022","{AAECB23A-DD1B-4289-A95D-BD34276088B9}","L","Limantour Beach",2022,,,"Charadrius nivosus","Western Snowy Plover","824030",-122.895322030974,38.0276137505047,"GCS","NAD83",,2022-07-22,2022-07-22,"Mini-Exclosure","SKE","Yes","No","Yes","No","No","No","Yes","No","No","No","No","No","No",2022-07-19,"No",,,,3,0,0,2022-08-01,"Depredated by Known Predator","Racoon",,,"No",,,"No",,,"No",,"av:bg","av:ww",,,,,,"Provisional",2022-11-01 11:14:15,"mlau","Event","HumanObservation"
"PORE","Point Reyes National Seashore","L07_2023","{AAECB23A-DD1B-4289-A95D-BD34276088B9}","L","Limantour Beach",2023,,,"Charadrius nivosus","Western Snowy Plover","824030",-122.90796887452,38.0290438529836,"GCS","WGS84",,2023-07-11,2023-07-11,"Mini-Exclosure","SE","Yes","No","No","No","No","No","Yes","No","No","No","No","No","No",2023-07-10,"No",2023-08-10,2023-09-06,2023-08-10,3,3,1,,,,,,"No",,,"No",,,"No",,"va:aa","av:vo",,,,,,"Provisional",2023-09-13 12:46:24,"mjayl","Event","HumanObservation"
"PORE","Point Reyes National Seashore","L07_2024","{AAECB23A-DD1B-4289-A95D-BD34276088B9}","L","Limantour Beach",2024,,,"Charadrius nivosus","Western Snowy Plover","824030",-122.909209,38.029321,"GCS","WGS84",,2024-06-14,2024-06-14,"Mini-Exclosure","SWKTPE","Yes","No","Yes","Yes","Yes","No","Yes","No","Yes","No","No","No","No",,"No",,,,3,,,2024-06-27,"Unknown Depredation",,,,"No",,,"No",,,"No",,"va:aa","av:vo",,,,"Female, av:vo likely depredated by CORA on 6/20/24, ME removed 6/24/24.",,"Accepted",2026-04-22 09:55:16,"ksherrill","Event","HumanObservation"
"PORE","Point Reyes National Seashore","L07_2025","{AAECB23A-DD1B-4289-A95D-BD34276088B9}","L","Limantour Beach",2025,,,"Charadrius nivosus","Western Snowy Plover","824030",-122.952849090966,38.1385474569983,"GCS","WGS84",,2025-07-09,,,"SKWE","Yes","No","Yes","Yes","No","No","Yes","No","No","No","No","No","No",,"No",2025-08-04,2025-09-01,2025-08-04,3,3,2,,,,,,"No",,,"No",,,"No",,"wn:ob","as:pv",,,,"3e ME ok. F present-2025-06-09; 3 eggs -2025-07-14; Both adults present and return to eggs-2025-07-22; 3e ok. WnobF further west-2025-07-29",,"Accepted",2026-04-22 09:53:34,"ksherrill","Event","HumanObservation"
"PORE","Point Reyes National Seashore","L08_2017","{AAECB23A-DD1B-4289-A95D-BD34276088B9}","L","Limantour Beach",2017,"ODEC","Original 'Predator_Type' was 'Mammal'","Charadrius nivosus","Western Snowy Plover","824030",-122.878828112154,38.0247047830493,"GCS","NAD83","Garmin",2017-06-06,2017-06-06,"Round","SVWE","Yes","No","No","Yes","No","Yes","Yes","No","No","No","No","No","No",2017-06-03,"No",,,,3,0,0,2017-06-25,"Unknown Depredation","Other unlisted predator type",,,"No",,,"No",,,"No",,"ab:rl","x:x",,,,,,"Raw",2019-06-24 11:15:22,"swakamiya","Event","HumanObservation"
"PORE","Point Reyes National Seashore","L08_2018","{AAECB23A-DD1B-4289-A95D-BD34276088B9}","L","Limantour Beach",2018,,,"Charadrius nivosus","Western Snowy Plover","824030",-122.905141094152,38.0296950383789,"GCS","NAD83","Garmin",2018-05-23,2018-05-23,"Round","SKWE","Yes","No","Yes","Yes","No","No","Yes","No","No","No","No","No","No",,"Yes",2018-06-06,,,3,2,0,2018-06-06,"Unknown",,,,"No",,,"No",,,"No",,"av:bg","x:x",,,,"Nest was found with 2 eggs on 6/6/18, 1 egg likely hatched and left with adults, but other 2 eggs were cracked and peeping. On 6/8/18, there was 1 egg still in scrape and 1 dead chick laying upside down (found by R. DiGaudio) just inside of the exclosure. Tides then washed over nest.",,"Raw",2019-06-24 11:15:22,"swakamiya","Event","HumanObservation"
"PORE","Point Reyes National Seashore","L08_2023","{AAECB23A-DD1B-4289-A95D-BD34276088B9}","L","Limantour Beach",2023,,,"Charadrius nivosus","Western Snowy Plover","824030",-122.900607906178,38.0283573905816,"GCS","WGS84",,2023-07-14,2023-07-15,"Mini-Exclosure","SWE","Yes","No","No","Yes","No","No","Yes","No","No","No","No","No","No",2023-07-14,"No",,,,1,0,0,2023-07-18,"Abandoned",,,,"No",,,"No",,,"No",,"av:bg","av:ww",,,,"Egg dump.",,"Provisional",2023-09-13 12:50:00,"mjayl","Event","HumanObservation"
"PORE","Point Reyes National Seashore","L08_2025","{39744D68-DFEE-4649-ACE2-806C077E64E2}","K","Kehoe Beach",2025,,,"Charadrius nivosus","Western Snowy Plover","824030",-122.953007619678,38.137341509445,"GCS","WGS84",,2025-07-28,,,"SKWE","Yes","No","Yes","Yes","No","No","Yes","No","No","No","No","No","No",,"No",2025-08-04,2025-09-01,,1,1,1,,,,,,"No",,,"No",,,"No",,"unknown","x:x",,,,"3e ME ok. Lots of CORA tracks in area-2025-06-09; 3 egg nest in scrape i found last week. wn:ob f and aspv m were around here last week. -2025-07-09; saw a xx chick in the wrack line. walked ahead and found a xx male, head bobbing, alert. he ran back towa",,"Accepted",2026-04-22 09:53:34,"ksherrill","Event","HumanObservation"
"PORE","Point Reyes National Seashore","L09_2017","{AAECB23A-DD1B-4289-A95D-BD34276088B9}","L","Limantour Beach",2017,,,"Charadrius nivosus","Western Snowy Plover","824030",-122.878942152618,38.0246418105146,"GCS","NAD83","Garmin",2017-07-01,2017-07-01,"Round","SWE","Yes","No","No","Yes","No","No","Yes","No","No","No","No","No","No",,"Yes",,,,2,0,0,2017-07-03,"Depredated by Known Predator","Skunk",,,"No",,,"No",,,"No",,"ab:rl","x:x",,,,,,"Raw",2019-06-24 11:15:22,"swakamiya","Event","HumanObservation"
"PORE","Point Reyes National Seashore","L09_2018","{AAECB23A-DD1B-4289-A95D-BD34276088B9}","L","Limantour Beach",2018,,,"Charadrius nivosus","Western Snowy Plover","824030",-122.903683418984,38.0290719665421,"GCS","NAD83","Garmin",2018-05-27,2018-05-30,"Round","SVWE","Yes","No","No","Yes","No","Yes","Yes","No","No","No","No","No","No",2018-05-26,"No",2018-06-29,2018-07-26,2018-06-29,3,2,2,,,,,,"No",,,"No",,,"No",,"x:x","av:bg",,,,,,"Raw",2019-06-24 11:15:22,"swakamiya","Event","HumanObservation"
"PORE","Point Reyes National Seashore","L09_2023","{AAECB23A-DD1B-4289-A95D-BD34276088B9}","L","Limantour Beach",2023,,,"Charadrius nivosus","Western Snowy Plover","824030",-122.904658384742,38.0302534437131,"GCS","WGS84",,2023-08-04,2023-08-04,"Mini-Exclosure","SVE","Yes","No","No","No","No","Yes","Yes","No","No","No","No","No","No",,"Yes",,,,2,0,0,2023-08-23,"Abandoned",,,,"No",,,"No",,,"No",,"av:bg","av:ww",,,,"Tidal damage to eggs? Male and female were found on outer beach, well away from nest past hatch date. One egg had an odd crack on top of the egg.",,"Raw",2023-09-13 12:52:20,"mjayl","Event","HumanObservation"
"PORE","Point Reyes National Seashore","L10_2017","{AAECB23A-DD1B-4289-A95D-BD34276088B9}","L","Limantour Beach",2017,,,"Charadrius nivosus","Western Snowy Plover","824030",-122.899149690603,38.0281758928087,"GCS","NAD83",,2017-07-06,2017-07-06,"Round","SWVE","Yes","No","No","Yes","No","Yes","Yes","No","No","No","No","No","No",2017-07-01,"No",2017-07-30,2017-08-27,2017-08-03,3,3,1,,,,2017-08-20,21,"No",2017-08-20,21,"No",,,"No",,"av:bb","x:x",,,,"Chicks banded at 4 days old; 2 chicks lost 8/20 - 8/24 at ~ 3 weeks old",,"Raw",2019-06-24 11:15:22,"swakamiya","Event","HumanObservation"
"PORE","Point Reyes National Seashore","L10_2018","{AAECB23A-DD1B-4289-A95D-BD34276088B9}","L","Limantour Beach",2018,,,"Charadrius nivosus","Western Snowy Plover","824030",-122.881288606123,38.0250407686295,"GCS","NAD83","Garmin",2018-05-28,,"None","SKE","Yes","No","Yes","No","No","No","Yes","No","No","No","No","No","No",2018-05-28,"No",,,,3,0,0,2018-06-06,"Unknown",,,,"No",,,"No",,,"No",,"av:bb","x:x",,,,,,"Raw",2019-06-24 11:15:22,"swakamiya","Event","HumanObservation"
"PORE","Point Reyes National Seashore","L11_2017","{AAECB23A-DD1B-4289-A95D-BD34276088B9}","L","Limantour Beach",2017,,,"Charadrius nivosus","Western Snowy Plover","824030",-122.879488516689,38.0249668346164,"GCS","NAD83","Garmin",2017-07-07,,"None","SKWE","Yes","No","Yes","Yes","No","No","Yes","No","No","No","No","No","No",,"Yes",,,,3,0,0,2017-08-01,"Depredated by Known Predator","Common raven",,,"No",,,"No",,,"No",,"ao:rw","bg:bb",,,,"8/2/17 - CORA tracks leading up to and all around nest; nest destroyed; kelp disturbed.",,"Raw",2019-06-24 11:15:22,"swakamiya","Event","HumanObservation"
"PORE","Point Reyes National Seashore","L11_2018","{AAECB23A-DD1B-4289-A95D-BD34276088B9}","L","Limantour Beach",2018,,,"Charadrius nivosus","Western Snowy Plover","824030",-122.905380180502,38.0298484494992,"GCS","NAD83","Garmin",2018-06-08,2018-06-11,"Round","SKE","Yes","No","Yes","No","No","No","Yes","No","No","No","No","No","No",,"Yes",,,,3,0,0,2018-06-14,"Tide",,,,"No",,,"No",,,"No",,"wr:ar","x:x",,,,,,"Raw",2019-06-24 11:15:22,"swakamiya","Event","HumanObservation"
"PORE","Point Reyes National Seashore","L12_2018","{AAECB23A-DD1B-4289-A95D-BD34276088B9}","L","Limantour Beach",2018,,,"Charadrius nivosus","Western Snowy Plover","824030",-122.899126939254,38.0281488347318,"GCS","NAD83","Garmin",2018-06-14,2018-07-01,"Round","SVWE","Yes","No","No","Yes","No","Yes","Yes","No","No","No","No","No","No",2018-06-14,"No",2018-07-16,2018-07-12,2018-07-16,2,2,2,,,,,,"No",,,"No",,,"No",,"av:bb","x:x",,,,"Chicks banded by R. DiGaudio",,"Raw",2019-06-24 11:15:22,"swakamiya","Event","HumanObservation"
"PORE","Point Reyes National Seashore","L13_2018","{AAECB23A-DD1B-4289-A95D-BD34276088B9}","L","Limantour Beach",2018,,,"Charadrius nivosus","Western Snowy Plover","824030",-122.897110593233,38.0278406505619,"GCS","NAD83","Garmin",2018-06-18,2018-06-18,"Round","SKE","Yes","No","Yes","No","No","No","Yes","No","No","No","No","No","No",,"Yes",,,,3,0,0,2018-07-13,"Tide",,,,"No",,,"No",,,"No",,"av:bg","x:x",,,,,,"Raw",2019-06-24 11:15:22,"swakamiya","Event","HumanObservation"
"PORE","Point Reyes National Seashore","L14_2018","{AAECB23A-DD1B-4289-A95D-BD34276088B9}","L","Limantour Beach",2018,,,"Charadrius nivosus","Western Snowy Plover","824030",-122.909175474888,38.0290943629169,"GCS","NAD83","Garmin",2018-06-18,2018-06-21,"Round","SWE","Yes","No","No","Yes","No","No","Yes","No","No","No","No","No","No",2018-06-18,"No",2018-07-18,2018-08-14,2018-07-18,3,1,1,,,,,,"No",,,"No",,,"No",,"x:x","vg:yw",,,,"Chicks banded by R. DiGaudio.",,"Raw",2019-06-24 11:15:22,"swakamiya","Event","HumanObservation"
"PORE","Point Reyes National Seashore","L15_2018","{AAECB23A-DD1B-4289-A95D-BD34276088B9}","L","Limantour Beach",2018,,,"Charadrius nivosus","Western Snowy Plover","824030",-122.904743303789,38.0289105986465,"GCS","NAD83","Garmin",2018-06-27,,"None","SWE","Yes","No","No","Yes","No","No","Yes","No","No","No","No","No","No",2018-06-27,"No",2018-07-28,,2018-07-29,3,3,2,,,,,,"No",,,"No",,,"No",,"x:x","x:x",,,,"Chicks banded by M. Lau.",,"Raw",2019-06-24 11:15:22,"swakamiya","Event","HumanObservation"
"PORE","Point Reyes National Seashore","NB01_2013","20130211164511-705547511.577606","NB","North Beach - South Parking",2013,"LCAC","Changed Loc_Code in Nest_ID from 'NP' to 'NB'","Charadrius nivosus","Western Snowy Plover","824030",-122.967142422977,38.0970903968686,"GCS","NAD83","Garmin",2013-04-29,,"None","RWE","No","Yes","No","Yes","No","No","Yes","No","No","No","No","No","No",2013-04-28,"No",,,,3,,,2013-05-07,"Depredated by Known Predator","Red/grey fox",,,"No",,,"No",,,"No","Predator",,,,,,"Did not exclose because predator activity had seemed lower. Possible fox tracks leading to and from scrape, shell fragments and sand cemented together",,"Raw",2019-06-24 11:15:22,"swakamiya","Event","HumanObservation"
"PORE","Point Reyes National Seashore","NB01_2015","20130211164511-705547511.577606","NB","North Beach - South Parking",2015,,,"Charadrius nivosus","Western Snowy Plover","824030",-122.983699346942,38.0593303125057,"GCS","NAD83","Garmin",2015-05-25,2015-05-26,"Round","RKWE","No","Yes","Yes","Yes","No","No","Yes","No","No","No","No","No","No",2015-05-18,"No",2015-06-17,2015-07-14,,3,3,1,,,,2015-06-17,2,"No",2015-06-26,10,"No",,,"No",,,,,,,,,"Raw",2019-06-24 11:15:22,"swakamiya","Event","HumanObservation"
"PORE","Point Reyes National Seashore","NB01_2017","20130211164511-705547511.577606","NB","North Beach - South Parking",2017,,,"Charadrius nivosus","Western Snowy Plover","824030",-122.979798540036,38.0678017410154,"GCS","NAD83","Garmin",2017-07-02,,"None","RWE","No","Yes","No","Yes","No","No","Yes","No","No","No","No","No","No",,"Yes",2017-07-14,2017-08-10,2017-07-14,3,3,2,,,,2017-07-30,14,"Yes",,,"No",,,"No",,"x:x","x:x",,,,,,"Raw",2019-06-24 11:15:22,"swakamiya","Event","HumanObservation"
"PORE","Point Reyes National Seashore","NB01_2018","20130211164511-705547511.577606","NB","North Beach - South Parking",2018,,,"Charadrius nivosus","Western Snowy Plover","824030",-122.979969616879,38.0675403992099,"GCS","NAD83","Garmin",2018-06-15,2018-06-16,"Round","SVWE","Yes","No","No","Yes","No","Yes","Yes","No","No","No","No","No","No",,"Yes",2018-07-11,2018-08-07,2018-07-11,3,2,1,,,,,,"No",,,"No",,,"No",,"as:gy","x:y",,,,"Female ended up taking care of the brood and male left.",,"Raw",2019-06-24 11:15:22,"swakamiya","Event","HumanObservation"
"PORE","Point Reyes National Seashore","NB01_2019","20130211164511-705547511.577606","NB","North Beach - South Parking",2019,,,"Charadrius nivosus","Western Snowy Plover","824030",-122.983186092387,38.060628084543,"GCS","NAD83","Garmin",2019-04-17,,,"SWKE","Yes","No","Yes","Yes","No","No","Yes","No","No","No","No","No","No",2019-04-16,"No",,,,1,,,2019-04-23,"Unknown",,,,"No",,,"No",,,"No",,"x:x","x:x",,,,,,"Raw",2019-08-23 13:47:10,"mlau","Event","HumanObservation"
"PORE","Point Reyes National Seashore","NB01_2020","20130211164511-705547511.577606","NB","North Beach - South Parking",2020,,,"Charadrius nivosus","Western Snowy Plover","824030",-122.982843994675,38.06114176508,"GCS","NAD83","Garmin",2020-04-13,,"None","SKWE","Yes","No","Yes","Yes","No","No","Yes","No","No","No","No","No","No",2020-04-12,"No",,,,2,0,0,2020-04-29,"Depredated by Known Predator","Common raven",,,"No",,,"No",,,"No",,"x:x","x:x",,,,,,"Raw",2020-09-18 11:26:10,"mjayl","Event","HumanObservation"
"PORE","Point Reyes National Seashore","NB01_2021","20130211164511-705547511.577606","NB","North Beach - South Parking",2021,,,"Charadrius nivosus","Western Snowy Plover","824030",-122.980936897495,38.0654883460115,"GCS","NAD83",,2021-05-13,,"None","RKWVPE","No","Yes","Yes","Yes","No","Yes","Yes","No","Yes","No","No","No","No",2021-05-12,"No",,,,1,0,0,2021-05-17,"Abandoned",,,,"No",,,"No",,,"No",,"as:gy?","as:yy",,,,"as:yy M was only adult plover seen associated with nest, though we know he was paired with as:gy female shortly before nest was found. Could not find as:gy female on subsequent surveys or for the rest of the season.",,"Accepted",2021-12-13 10:32:03,"EEdson","Event","HumanObservation"
"PORE","Point Reyes National Seashore","NB01_2023","20130211164511-705547511.577606","NB","North Beach - South Parking",2023,,,"Charadrius nivosus","Western Snowy Plover","824030",-122.981043008544,38.0651359617067,"GCS","WGS84",,2023-04-26,2023-04-26,"Mini-Exclosure","SWPE","Yes","No","No","Yes","No","No","Yes","No","Yes","No","No","No","No",,"Yes",2023-05-21,2023-06-17,2023-05-22,3,2,0,,,,,,"No",,,"No",,,"No",,"av:br","va:go",,,,,,"Provisional",2023-09-13 11:15:41,"mjayl","Event","HumanObservation"
"PORE","Point Reyes National Seashore","NB01_2024","20130211164511-705547511.577606","NB","North Beach - South Parking",2024,,,"Charadrius nivosus","Western Snowy Plover","824030",-122.980879,38.06608,"GCS","WGS84",,2024-04-09,2024-04-09,"Mini-Exclosure","SKWE","Yes","No","Yes","Yes","No","No","Yes","No","No","No","No","No","No",,"Yes",,,,1,,,2024-05-01,"Abandoned",,,,"No",,,"No",,,"No",,"av:br","va:go",,,,"Nest microhabitat included dried Velella velella.",,"Accepted",2026-04-22 09:55:16,"ksherrill","Event","HumanObservation"
"PORE","Point Reyes National Seashore","NB02_2013","20130211164511-705547511.577606","NB","North Beach - South Parking",2013,"LCAC","Changed Loc_Code in Nest_ID from 'NP' to 'NB'","Charadrius nivosus","Western Snowy Plover","824030",-122.965612537795,38.1005598670475,"GCS","NAD83","Garmin",2013-05-05,,"None","SVE","Yes","No","No","No","No","Yes","Yes","No","No","No","No","No","No",2013-04-27,"No",,,,3,,,2013-05-10,"Depredated by Known Predator","Coyote",,,"No",,,"No",,,"No","predator",,,,,,"Did not exclose because in the vegetation, predator activity seemed low and found as a 3 egg nest. Initiation date estimate since found as 3 egg nest and it didn't hatch. Possible coyote tracks in area, sand cemented in scrape, no eggs",,"Raw",2019-06-24 11:15:22,"swakamiya","Event","HumanObservation"
"PORE","Point Reyes National Seashore","NB02_2018","20130211164511-705547511.577606","NB","North Beach - South Parking",2018,,,"Charadrius nivosus","Western Snowy Plover","824030",-122.979022866943,38.0693698313978,"GCS","NAD83","Garmin",2018-06-18,,"None","SWPD","Yes","No","No","Yes","No","No","No","Yes","Yes","No","No","No","No",2018-06-18,"No",,,,1,0,0,2018-06-22,"Depredated by Known Predator","Common raven",,,"No",,,"No",,,"No",,"as:or","av:or",,,,"Brother-sister pair. Both hatched in 2016.",,"Raw",2019-06-24 11:15:22,"swakamiya","Event","HumanObservation"
"PORE","Point Reyes National Seashore","NB02_2019","20130211164511-705547511.577606","NB","North Beach - South Parking",2019,,,"Charadrius nivosus","Western Snowy Plover","824030",-122.980437342462,38.0663688143626,"GCS","NAD83","Garmin",2019-04-27,2019-04-29,"Round","SKWE","Yes","No","Yes","Yes","No","No","Yes","No","No","No","No","No","No",,"Yes",2019-05-27,2019-06-23,2019-05-27,3,3,2,,,,2019-06-01,4,"No",,,"No",,,"No",,"as:wy","av:or",,,,,,"Raw",2019-08-23 13:49:22,"mlau","Event","HumanObservation"
"PORE","Point Reyes National Seashore","NB02_2020","20130211164511-705547511.577606","NB","North Beach - South Parking",2020,,,"Charadrius nivosus","Western Snowy Plover","824030",-122.980482959821,38.0663057323596,"GCS","NAD83","Garmin",2020-05-12,,"None","SWD","Yes","No","No","Yes","No","No","No","Yes","No","No","No","No","No",,"Yes",,,,3,0,0,2020-05-22,"Depredated by Known Predator","Common raven",,,"No",,,"No",,,"No",,"as:wy","av:or",,,,,,"Provisional",2020-09-18 11:24:12,"mjayl","Event","HumanObservation"
"PORE","Point Reyes National Seashore","NB02_2021","20130211164511-705547511.577606","NB","North Beach - South Parking",2021,,,"Charadrius nivosus","Western Snowy Plover","824030",-122.987416902693,38.0507866201793,"GCS","NAD83",,2021-05-17,,"None","SKE","Yes","No","Yes","No","No","No","Yes","No","No","No","No","No","No",,"Yes",,,,2,0,0,2021-05-18,"Depredated by Known Predator","Common raven",,,"No",,,"No",,,"No",,"av:wo","as:vv",,,,,,"Accepted",2021-12-13 10:32:03,"EEdson","Event","HumanObservation"
"PORE","Point Reyes National Seashore","NB02_2023","20130211164511-705547511.577606","NB","North Beach - South Parking",2023,,,"Charadrius nivosus","Western Snowy Plover","824030",-122.980761189315,38.066053418876,"GCS","WGS84",,2023-05-30,2023-05-30,"Mini-Exclosure",,,,,,,,,,,,,"No","No",,"Yes",,,,1,0,0,2023-06-07,"Abandoned",,,,"No",,,"No",,,"No",,"av:br","va:go?",,,,,,"Raw",2023-09-13 11:19:41,"mjayl","Event","HumanObservation"
"PORE","Point Reyes National Seashore","NB02_2024","20130211164511-705547511.577606","NB","North Beach - South Parking",2024,,,"Charadrius nivosus","Western Snowy Plover","824030",-122.97878,38.07097,"GCS","WGS84",,2024-05-10,2024-05-10,"Mini-Exclosure","SWKE","Yes","No","Yes","Yes","No","No","Yes","No","No","No","No","No","No",2024-05-10,"No",,,,3,,,2024-06-06,"Tide",,,,"No",,,"No",,,"No",,"x:x","va:yw",,,,,,"Accepted",2026-04-22 09:55:16,"ksherrill","Event","HumanObservation"
"PORE","Point Reyes National Seashore","NB03_2013","20130211164511-705547511.577606","NB","North Beach - South Parking",2013,"LCAC","Changed Loc_Code in Nest_ID from 'NP' to 'NB'","Charadrius nivosus","Western Snowy Plover","824030",-122.964356567016,38.1033804813341,"GCS","NAD83","Garmin",2013-05-07,,"None","SKE","Yes","No","Yes","No","No","No","Yes","No","No","No","No","No","Yes",2013-05-06,"No",,,,1,,,2013-05-10,"Unknown Depredation","Unknown predator type",,,"No",,,"No",,,"No","predator",,,,,,"Did not exclose because predator activity had seemed lower. No adults, no eggs, no tracks, scrape intact",,"Raw",2019-06-24 11:15:22,"swakamiya","Event","HumanObservation"
"PORE","Point Reyes National Seashore","NB03_2018","20130211164511-705547511.577606","NB","North Beach - South Parking",2018,,,"Charadrius nivosus","Western Snowy Plover","824030",-122.982593004256,38.0620069574983,"GCS","NAD83","Garmin",2018-06-30,2018-06-30,"Round","SWKPE","Yes","No","Yes","Yes","No","No","Yes","No","Yes","No","No","No","No",,"Yes",2018-07-24,2018-08-21,2018-07-25,3,2,2,,,,,,"No",,,"No",,,"No",,"x:x","x:x",,,,,,"Raw",2019-06-24 11:15:22,"swakamiya","Event","HumanObservation"
"PORE","Point Reyes National Seashore","NB03_2019","20130211164511-705547511.577606","NB","North Beach - South Parking",2019,,,"Charadrius nivosus","Western Snowy Plover","824030",-122.979159715235,38.0692256510459,"GCS","NAD83","Garmin",2019-04-29,2019-05-01,"Round","SVKHP","Yes","No","Yes","No","No","Yes","No","No","Yes","Yes","No","No","No",2019-04-29,"No",2019-06-04,2019-07-01,2019-06-06,3,3,3,,,,,,"No",,,"No",,,"No",,"x:x","x:x",,,,,,"Raw",2019-08-23 13:50:51,"mlau","Event","HumanObservation"
"PORE","Point Reyes National Seashore","NB03_2020","20130211164511-705547511.577606","NB","North Beach - South Parking",2020,,,"Charadrius nivosus","Western Snowy Plover","824030",-122.979627307008,38.0686218758206,"GCS","NAD83","Garmin",2020-05-12,,"None","SRWE","Yes","Yes","No","Yes","No","No","Yes","No","No","No","No","No","No",,"Yes",,,,3,0,0,2020-05-14,"Depredated by Known Predator","Common raven",,,"No",,,"No",,,"No",,"x:x","x:x",,,,,,"Raw",2020-09-18 11:22:33,"mjayl","Event","HumanObservation"
"PORE","Point Reyes National Seashore","NB03_2021","20130211164511-705547511.577606","NB","North Beach - South Parking",2021,,,"Charadrius nivosus","Western Snowy Plover","824030",-122.984821535273,38.0568077770184,"GCS","NAD83",,2021-06-01,2021-06-01,"Mini-Exclosure","SRKE","Yes","Yes","Yes","No","No","No","Yes","No","No","No","No","No","No",,"Yes",,,,3,0,0,2021-06-09,"Abandoned",,,,"No",,,"No",,,"No",,"av:wo","as:vv",,,,"Unsure if abandoned due to high wind event or because female was depredated. We could not find av:wo female anywhere during this time period, but found as:vv male.",,"Accepted",2021-12-13 10:32:03,"EEdson","Event","HumanObservation"
"PORE","Point Reyes National Seashore","NB03_2023","20130211164511-705547511.577606","NB","North Beach - South Parking",2023,,,"Charadrius nivosus","Western Snowy Plover","824030",-122.98065400701,38.0661345164697,"GCS","WGS84",,2023-06-20,,"None","SWVE","Yes","No","No","Yes","No","Yes","Yes","No","No","No","No","No","No",,"Yes",2023-07-11,2023-08-07,2023-07-11,3,3,3,,,,,,"No",,,"No",,,"No",,"av:br","va:go",,,,,,"Raw",2023-09-13 11:20:51,"mjayl","Event","HumanObservation"
"PORE","Point Reyes National Seashore","NB03_2024","20130211164511-705547511.577606","NB","North Beach - South Parking",2024,,,"Charadrius nivosus","Western Snowy Plover","824030",-122.97884,38.07059,"GCS","WGS84",,2024-06-04,2024-06-04,"Mini-Exclosure","SKWE","Yes","No","Yes","Yes","No","No","Yes","No","No","No","No","No","No",,"Yes",,,,3,,,2024-06-07,"Tide",,,,"No",,,"No",,,"No",,"x:x","va:go",,,,,,"Accepted",2026-04-22 09:55:16,"ksherrill","Event","HumanObservation"
"PORE","Point Reyes National Seashore","NB04_2013","20130211164511-705547511.577606","NB","North Beach - South Parking",2013,"LCAC","Changed Loc_Code in Nest_ID from 'NP' to 'NB'","Charadrius nivosus","Western Snowy Plover","824030",-122.959606007151,38.1137435868971,"GCS","NAD83","Garmin",2013-05-16,2013-05-16,"Round","RWVD","No","Yes","No","Yes","No","Yes","No","Yes","No","No","No","Yes","No",2013-05-15,"No",,,,2,,,2013-05-24,"Abandoned",,,,"No",,,"No",,,"No",,,,2013-07-01,"USGS OR",,"Exclosed because first in the RA sector and near Abbotts, CORA activity high on recent surveys.",,"Raw",2019-06-24 11:15:22,"swakamiya","Event","HumanObservation"
"PORE","Point Reyes National Seashore","NB04_2019","20130211164511-705547511.577606","NB","North Beach - South Parking",2019,,,"Charadrius nivosus","Western Snowy Plover","824030",-122.982729965278,38.0612949660831,"GCS","NAD83","Garmin",2019-05-10,,,"SWVE","Yes","No","No","Yes","No","Yes","Yes","No","No","No","No","No","No",,"Yes",2019-06-09,,2019-06-09,3,2,0,,,,2019-06-17,8,"Yes",2019-06-17,8,"Yes",,,"No",,"x:x","as:or",,,,"Nest hit by tide on 5/21, washing away one egg. Nest moved ~4m away from original coordinates.",,"Raw",2019-08-23 13:55:02,"mlau","Event","HumanObservation"
"PORE","Point Reyes National Seashore","NB04_2020","20130211164511-705547511.577606","NB","North Beach - South Parking",2020,,,"Charadrius nivosus","Western Snowy Plover","824030",-122.985284570352,38.0555631663207,"GCS","NAD83","Garmin",2020-05-22,,"None","SWE","Yes","No","No","Yes","No","No","Yes","No","No","No","No","No","No",2020-05-22,"No",,,,1,0,0,2020-05-26,"Depredated by Known Predator","Common raven",,,"No",,,"No",,,"No",,"x:x","x:x",,,,,,"Raw",2020-09-18 11:20:32,"mjayl","Event","HumanObservation"
"PORE","Point Reyes National Seashore","NB05_2013","20130211164511-705547511.577606","NB","North Beach - South Parking",2013,"LCAC","Changed Loc_Code in Nest_ID from 'NP' to 'NB'","Charadrius nivosus","Western Snowy Plover","824030",-122.959697871429,38.1126440659218,"GCS","NAD83","Garmin",2013-05-17,,"None","RWD","No","Yes","No","Yes","No","No","No","Yes","No","No","No","Yes","No",2013-05-16,"No",,,,3,,,2013-05-29,"Unknown Depredation","Unknown predator type",,,"No",,,"No",,,"No",,,,,,,"Did not exclose because further South than NP04 and wanted to try an unexclosed nest in RA. Depredated because eggs were gone. Unknown because there were no tracks and scrape was still intact. Possible it was either a NOHA or CORA..",,"Raw",2019-06-24 11:15:22,"swakamiya","Event","HumanObservation"
"PORE","Point Reyes National Seashore","NB05_2019","20130211164511-705547511.577606","NB","North Beach - South Parking",2019,,,"Charadrius nivosus","Western Snowy Plover","824030",-122.983585277849,38.0596817961673,"GCS","NAD83","Garmin",2019-06-17,2019-06-30,"Round","SKWE","Yes","No","Yes","Yes","No","No","Yes","No","No","No","No","No","No",2019-06-16,"No",2019-07-19,2019-08-15,2019-07-19,3,3,1,,,,,,"No",,,"No",,,"No",,"x:x","as:or",,,,,,"Raw",2019-08-23 13:57:50,"mlau","Event","HumanObservation"
"PORE","Point Reyes National Seashore","NB06_2013","20130211164511-705547511.577606","NB","North Beach - South Parking",2013,"LCAC","Changed Loc_Code in Nest_ID from 'NP' to 'NB'","Charadrius nivosus","Western Snowy Plover","824030",-122.967210703491,38.0974238877014,"GCS","NAD83","Garmin",2013-05-17,2013-05-17,"Round","RKWE","No","Yes","Yes","Yes","No","No","Yes","No","No","No","No","No","No",2013-05-16,"No",,,,3,,,2013-05-24,"Tide",,,,"No",,,"No",,,"No","tide",,,,,,"Probably same pair as NP01, same fenced area. Exclosed because it was probably the same pair and the previous nest was depredated. Dead CORA found inside exclosure, no holes found in exclosure, high tide washed over nest, kelp and wood along back of exclosure, no eggs, tracks found around the outside.",,"Raw",2019-06-24 11:15:22,"swakamiya","Event","HumanObservation"
"PORE","Point Reyes National Seashore","NB07_2013","20130211164511-705547511.577606","NB","North Beach - South Parking",2013,"LCAC","Changed Loc_Code in Nest_ID from 'NP' to 'NB'","Charadrius nivosus","Western Snowy Plover","824030",-122.964607527174,38.103317468006,"GCS","NAD83","Garmin",2013-05-31,2013-06-26,"Round","RKWD","No","Yes","Yes","Yes","No","No","No","Yes","No","No","No","No","Yes",2013-05-29,"No",2013-06-28,2013-07-26,,3,3,2,,,,2013-07-04,7,"Yes",,,"No",,,"No",,,,,,,"Did not exclose because predator activity seemed to decrease. Only exclosed several days before hatch date. Probably same pair as NP03_2013, same fenced area.",,"Raw",2019-06-24 11:15:22,"swakamiya","Event","HumanObservation"
"PORE","Point Reyes National Seashore","NB08_2013","20130211164511-705547511.577606","NB","North Beach - South Parking",2013,"LCAC","Changed Loc_Code in Nest_ID from 'NP' to 'NB'","Charadrius nivosus","Western Snowy Plover","824030",-122.96635489679,38.0983699844597,"GCS","NAD83","Garmin",2013-05-31,2013-05-31,"Round","SKE","Yes","No","Yes","No","No","No","Yes","No","No","No","No","No","No",2013-05-29,"No",2013-06-29,,,3,2,0,,,,2013-07-02,4,"No",2013-07-02,4,"No",,,"No",,,,2013-07-14,"USGS OR",,"Exclosed because thought it was the same pair from NP01 and NP06, previous two nest failed.",,"Raw",2019-06-24 11:15:22,"swakamiya","Event","HumanObservation"
"PORE","Point Reyes National Seashore","NB09_2013","20130211164511-705547511.577606","NB","North Beach - South Parking",2013,"LCAC","Changed Loc_Code in Nest_ID from 'NP' to 'NB'","Charadrius nivosus","Western Snowy Plover","824030",-122.974242753952,38.078652050832,"GCS","NAD83","Garmin",2013-06-03,2013-06-04,"Round","RE","No","Yes","No","No","No","No","Yes","No","No","No","No","No","No",2013-05-30,"No",2013-06-29,,,3,3,0,,,,2013-07-02,4,"No",2013-07-02,4,"No",2013-07-02,4,"No",,,,,,,"Exclosed because in hardpan area right next to the parking lot.",,"Raw",2019-06-24 11:15:22,"swakamiya","Event","HumanObservation"
"PORE","Point Reyes National Seashore","NB10_2013","20130211164511-705547511.577606","NB","North Beach - South Parking",2013,"LCAC","Changed Loc_Code in Nest_ID from 'NP' to 'NB'","Charadrius nivosus","Western Snowy Plover","824030",-122.958599358318,38.1186822075648,"GCS","NAD83","Garmin",2013-06-03,2013-06-03,"Round","SKD","Yes","No","Yes","No","No","No","No","Yes","No","No","No","No","No",2013-06-02,"No",,,,3,,,2013-06-14,"Abandoned",,,,"No",,,"No",,,"No",,,,2013-07-01,"USGS OR",,"Exclosed because right at the mouth of Abbotts Lagoon.",,"Raw",2019-06-24 11:15:22,"swakamiya","Event","HumanObservation"
<<<<<<< HEAD
"PORE","Point Reyes National Seashore","NB11_2013","20130211164511-705547511.577606","NB","North Beach - South Parking",2013,"LCAC","Changed Loc_Code in Nest_ID from 'NP' to 'NB'","Charadrius nivosus","Western Snowy Plover","824030",-122.965441044163,38.1014340529517,"GCS","NAD83","Garmin",2013-06-07,,"None","SKE","Yes","No","Yes","No","No","No","Yes","No","No","No","No","No","No",2013-06-03,"No",2013-07-03,2013-07-31,,3,3,1,,,,2013-07-04,2,"Yes",2013-07-06,4,"Yes",,,"No",,,,,,,"Did not exclose because found as a 3 egg nest and other unexclosed nest in area still active.",,"Raw",2019-06-24 11:15:22,"swakamiya","Event","HumanObservation"
"PORE","Point Reyes National Seashore","NB12_2013","20130211164511-705547511.577606","NB","North Beach - South Parking",2013,"LCAC","Changed Loc_Code in Nest_ID from 'NP' to 'NB'","Charadrius nivosus","Western Snowy Plover","824030",-122.966000761865,38.0996136416973,"GCS","NAD83","Garmin",2013-06-10,2013-06-13,"Round","SKWE","Yes","No","Yes","Yes","No","No","Yes","No","No","No","No","No","No",2013-06-07,"No",2013-07-07,2013-08-04,,3,3,2,,,,2013-07-09,3,"No",,,"No",,,"No",,,,,,,"Exclosed because it was probably the pair from NP01 and NP06 and both previous nests had failed. Ruled out NP08 being this pair based on the scrapes being so similar to NP01 and NP06.",,"Raw",2019-06-24 11:15:22,"swakamiya","Event","HumanObservation"
"PORE","Point Reyes National Seashore","NB13_2013","20130211164511-705547511.577606","NB","North Beach - South Parking",2013,"LCAC","Changed Loc_Code in Nest_ID from 'NP' to 'NB'","Charadrius nivosus","Western Snowy Plover","824030",-122.967484993841,38.0961351405216,"GCS","NAD83","Garmin",2013-06-17,,"None","RKE","No","Yes","Yes","No","No","No","Yes","No","No","No","No","No","No",2013-06-14,"No",2013-07-19,2013-08-16,,3,2,1,,,,2013-08-04,17,"Yes",,,"No",,,"No",,"wl:oo","ly:yo",2013-08-10,"USGS OR",,"Did not exclose because first nest at PORE, other un-exclosed nests in the area still active and later in the season so higher chance of survival. Chick died while hatching",,"Raw",2019-06-24 11:15:22,"swakamiya","Event","HumanObservation"
"PORE","Point Reyes National Seashore","NB14_2013","20130211164511-705547511.577606","NB","North Beach - South Parking",2013,"LCAC","Changed Loc_Code in Nest_ID from 'NP' to 'NB'","Charadrius nivosus","Western Snowy Plover","824030",-122.97011057241,38.0900432141169,"GCS","NAD83","Garmin",2013-06-26,,"None","RKWE","No","Yes","Yes","Yes","No","No","Yes","No","No","No","No","No","No",2013-06-25,"No",2013-07-25,2013-08-22,,3,3,2,,,,2013-07-27,3,"Yes",,,"No",,,"No",,,,,,,"Did not exclose because later in the season so chance of survival is higher.",,"Raw",2019-06-24 11:15:22,"swakamiya","Event","HumanObservation"
"PORE","Point Reyes National Seashore","NB15_2013","20130211164511-705547511.577606","NB","North Beach - South Parking",2013,"LCAC","Changed Loc_Code in Nest_ID from 'NP' to 'NB'","Charadrius nivosus","Western Snowy Plover","824030",-122.966400471867,38.0984691377331,"GCS","NAD83","Garmin",2013-07-12,2013-07-14,"Round","SKE","Yes","No","Yes","No","No","No","Yes","No","No","No","No","No","No",2013-07-09,"No",2013-08-10,2013-09-07,,3,3,2,,,,2013-08-16,7,"No",,,"No",,,"No",,,,,,,"Probably same pair as NP08, in the same area. Exclosed because previous nest hatched but chicks only survived several days, close to end of the season and most likely their last attempt.",,"Raw",2019-06-24 11:15:22,"swakamiya","Event","HumanObservation"
"PORE","Point Reyes National Seashore","NP01_1997","{764DC5D8-DDE7-49E6-B146-A9328A9BB8B6}","NP","North Beach - Abbott's",1997,,,"Charadrius nivosus","Western Snowy Plover","824030",-122.969060372046,38.0925304639378,"GCS","NAD83","Map",1997-03-31,,,,,,,,,,,,,,,"No","No",,"No",,,,3,3,2,,,,,,"No",,,"No",,,"No",,,,,,,,,"Raw",2019-06-24 11:15:22,"swakamiya","Event","HumanObservation"
"PORE","Point Reyes National Seashore","NP01_1998","{764DC5D8-DDE7-49E6-B146-A9328A9BB8B6}","NP","North Beach - Abbott's",1998,,,"Charadrius nivosus","Western Snowy Plover","824030",-122.967073916629,38.0972616199509,"GCS","NAD83","Map",1998-04-14,,"Triangle",,,,,,,,,,,,,"No","No",,"No",,,,3,3,3,,,,,,"No",,,"No",,,"No",,"AR/YL","GW/RB",,,,,,"Raw",2019-06-24 11:15:22,"swakamiya","Event","HumanObservation"
"PORE","Point Reyes National Seashore","NP01_1999","{764DC5D8-DDE7-49E6-B146-A9328A9BB8B6}","NP","North Beach - Abbott's",1999,,,"Charadrius nivosus","Western Snowy Plover","824030",-122.962197968686,38.1089767160537,"GCS","NAD83",,1999-04-14,,"Triangle",,,,,,,,,,,,,"No","No",,"No",,,,3,2,0,,,,,,"No",,,"No",,,"No",,"AR/YL",,,,,"chicks lost due to severe windstorm or atv",,"Raw",2019-06-24 11:15:22,"swakamiya","Event","HumanObservation"
"PORE","Point Reyes National Seashore","NP01_2000","{764DC5D8-DDE7-49E6-B146-A9328A9BB8B6}","NP","North Beach - Abbott's",2000,,,"Charadrius nivosus","Western Snowy Plover","824030",-122.970407358891,38.08933128103,"GCS","NAD83",,2000-03-29,,,,,,,,,,,,,,,"No","No",,"No",,,,3,3,1,,,,,,"No",,,"No",,,"No",,"AR/YL","YGY/R",,,,"Fledged 1",,"Raw",2019-06-24 11:15:22,"swakamiya","Event","HumanObservation"
"PORE","Point Reyes National Seashore","NP01_2001","{764DC5D8-DDE7-49E6-B146-A9328A9BB8B6}","NP","North Beach - Abbott's",2001,,,"Charadrius nivosus","Western Snowy Plover","824030",-122.969619875971,38.0908452240002,"GCS","NAD83","Pro Xr",2001-03-24,,"None",,,,,,,,,,,,,"No","No",,"No",,,,2,0,0,,,,,,"No",,,"No",,,"No",,"AR/YL","YGY/R",,,,"Buried by wind blown sand",,"Raw",2019-06-24 11:15:22,"swakamiya","Event","HumanObservation"
"PORE","Point Reyes National Seashore","NP01_2002","{764DC5D8-DDE7-49E6-B146-A9328A9BB8B6}","NP","North Beach - Abbott's",2002,,,"Charadrius nivosus","Western Snowy Plover","824030",-122.968569412048,38.0938822471317,"GCS","NAD83","Garmin 3+",2002-04-11,,"Square",,,,,,,,,,,,,"No","No",2002-04-10,"No",,,,3,3,1,,,,,,"No",,,"No",,,"No",,,,,,,"Fledged 1",,"Raw",2019-06-24 11:15:22,"swakamiya","Event","HumanObservation"
"PORE","Point Reyes National Seashore","NP01_2003","{764DC5D8-DDE7-49E6-B146-A9328A9BB8B6}","NP","North Beach - Abbott's",2003,,,"Charadrius nivosus","Western Snowy Plover","824030",-122.959639247599,38.115528117548,"GCS","NAD83","Garmin 3+",2003-04-14,,"Square",,,,,,,,,,,,,"No","No",2003-04-14,"No",,,,2,0,0,2003-04-18,"Wind",,,,"No",,,"No",,,"No",,,,,,,"abandoned/wind",,"Raw",2019-06-24 11:15:22,"swakamiya","Event","HumanObservation"
"PORE","Point Reyes National Seashore","NP01_2004","{764DC5D8-DDE7-49E6-B146-A9328A9BB8B6}","NP","North Beach - Abbott's",2004,,,"Charadrius nivosus","Western Snowy Plover","824030",-122.959284880713,38.1168348398245,"GCS","NAD83","Garmin 3+",2004-04-12,,"Square",,,,,,,,,,,,,"No","No",2004-04-12,"No",,,,3,0,0,,"Tide",,,,"No",,,"No",,,"No",,,,,,,"washed out by tide",,"Raw",2019-06-24 11:15:22,"swakamiya","Event","HumanObservation"
"PORE","Point Reyes National Seashore","NP01_2005","{764DC5D8-DDE7-49E6-B146-A9328A9BB8B6}","NP","North Beach - Abbott's",2005,,,"Charadrius nivosus","Western Snowy Plover","824030",,,,,,2005-04-16,,"Unknown",,,,,,,,,,,,,"No","No",,"No",,,,2,,,2005-04-20,"Wind",,,,"No",,,"No",,,"No",,"pa:ap",":b",,,,,,"Raw",2019-06-24 11:15:22,"swakamiya","Event","HumanObservation"
"PORE","Point Reyes National Seashore","NP01_2006","{764DC5D8-DDE7-49E6-B146-A9328A9BB8B6}","NP","North Beach - Abbott's",2006,,,"Charadrius nivosus","Western Snowy Plover","824030",,,,,,2006-04-20,,"Unknown",,,,,,,,,,,,,"No","No",,"No",2006-05-19,,,3,2,1,,,,,,"No",,,"No",,,"No",,,":b",,,,,,"Raw",2019-06-24 11:15:22,"swakamiya","Event","HumanObservation"
"PORE","Point Reyes National Seashore","NP01_2007","{764DC5D8-DDE7-49E6-B146-A9328A9BB8B6}","NP","North Beach - Abbott's",2007,,,"Charadrius nivosus","Western Snowy Plover","824030",,,,,,2007-04-03,,"Unknown",,,,,,,,,,,,,"No","No",,"No",2007-05-08,,,3,2,0,,,,,,"No",,,"No",,,"No",,,"go:br",,,,,,"Raw",2019-06-24 11:15:22,"swakamiya","Event","HumanObservation"
"PORE","Point Reyes National Seashore","NP01_2008","{764DC5D8-DDE7-49E6-B146-A9328A9BB8B6}","NP","North Beach - Abbott's",2008,,,"Charadrius nivosus","Western Snowy Plover","824030",,,,,,2008-04-07,,"Unknown",,,,,,,,,,,,,"No","No",,"No",,,,3,3,0,,,,,,"No",,,"No",,,"No",,,"bo:ov",,,,,,"Raw",2019-06-24 11:15:22,"swakamiya","Event","HumanObservation"
"PORE","Point Reyes National Seashore","NP01_2009","{764DC5D8-DDE7-49E6-B146-A9328A9BB8B6}","NP","North Beach - Abbott's",2009,,,"Charadrius nivosus","Western Snowy Plover","824030",-122.961764220292,38.1095353650712,"GCS","NAD83",,2009-04-16,2009-04-16,"Square","RTE","No","Yes","No","No","Yes","No","Yes","No","No","No","No","No","No",,"No",,,,3,0,0,2009-04-21,"Wind",,,,"No",,,"No",,,"No",,"wo/bo",,,,,"Nest found with 2 eggs blown out by 80+ mph winds, 1 egg in nest and female tending it, so exclosed nest.  9 days later, no eggs in nest and no tracks.",,"Raw",2019-06-24 11:15:22,"swakamiya","Event","HumanObservation"
"PORE","Point Reyes National Seashore","NP01_2010","{764DC5D8-DDE7-49E6-B146-A9328A9BB8B6}","NP","North Beach - Abbott's",2010,,,"Charadrius nivosus","Western Snowy Plover","824030",-122.961410005659,38.1106798660284,"GCS","NAD83","Garmin",2010-04-07,2010-04-07,"Square","STE","Yes","No","No","No","Yes","No","Yes","No","No","No","No","No","No",,"No",,,,3,0,0,2010-04-10,"Abandoned",,,,"No",,,"No",,,"No",,,,,,,"Unknown initiation date, failure date is approximate because it happened during a weekend",,"Raw",2019-06-24 11:15:22,"swakamiya","Event","HumanObservation"
"PORE","Point Reyes National Seashore","NP01_2011","{764DC5D8-DDE7-49E6-B146-A9328A9BB8B6}","NP","North Beach - Abbott's",2011,"ODEC","Micro Habitat was R,KE - changed to RKE","Charadrius nivosus","Western Snowy Plover","824030",-122.966046337235,38.0997127950872,"GCS","NAD83","Garmin",2011-04-18,2011-04-20,"Square","RKE","No","Yes","Yes","No","No","No","Yes","No","No","No","No","No","No",2011-04-17,"No",2011-05-20,,,3,3,0,,,,2011-05-22,2,"Yes",2011-05-22,2,"Yes",2011-05-22,2,"Yes",,,,,,,,,"Raw",2019-06-24 11:15:22,"swakamiya","Event","HumanObservation"
"PORE","Point Reyes National Seashore","NP01_2012","{764DC5D8-DDE7-49E6-B146-A9328A9BB8B6}","NP","North Beach - Abbott's",2012,,,"Charadrius nivosus","Western Snowy Plover","824030",-122.959102373008,38.1167987255566,"GCS","NAD83","Garmin",2012-04-30,2012-04-30,"Round","RKWD","No","Yes","Yes","Yes","No","No","No","Yes","No","No","No","No","No",2012-04-29,"No",,,,3,,,2012-05-25,"Wind",,,,"No",,,"No",,,"No",,,,2012-06-08,"wildlife freezer",,,,"Raw",2019-06-24 11:15:22,"swakamiya","Event","HumanObservation"
"PORE","Point Reyes National Seashore","NP01_2014","{764DC5D8-DDE7-49E6-B146-A9328A9BB8B6}","NP","North Beach - Abbott's",2014,,,"Charadrius nivosus","Western Snowy Plover","824030",-122.964493498838,38.1032543444184,"GCS","NAD83","Garmin",2014-03-24,,"None","SWKE","Yes","No","Yes","Yes","No","No","Yes","No","No","No","No","No","No",,"No",,,,3,0,0,2014-04-07,"Unknown Depredation",,,,"No",,,"No",,,"No",,,,,,,"Initiation date unknown because found as 3egg nest and it failed. Did not exclose nest because found it as a 3 egg nest and it was early in the season. Additionally, in the AT&T area which had good success in 2013 of unexclosed nests.",,"Raw",2019-06-24 11:15:22,"swakamiya","Event","HumanObservation"
"PORE","Point Reyes National Seashore","NP01_2015","{764DC5D8-DDE7-49E6-B146-A9328A9BB8B6}","NP","North Beach - Abbott's",2015,,,"Charadrius nivosus","Western Snowy Plover","824030",-122.971617229359,38.0865466351722,"GCS","NAD83","Garmin",2015-03-30,2015-03-30,"Round","RKE","No","Yes","Yes","No","No","No","Yes","No","No","No","No","No","No",2015-03-29,"No",,,,3,,,2015-04-23,"Tide",,,,"No",,,"No",,,"No",,,,,,,,,"Raw",2019-06-24 11:15:22,"swakamiya","Event","HumanObservation"
"PORE","Point Reyes National Seashore","NP01_2016","{764DC5D8-DDE7-49E6-B146-A9328A9BB8B6}","NP","North Beach - Abbott's",2016,,,"Charadrius nivosus","Western Snowy Plover","824030",-122.966000795273,38.0995415397335,"GCS","NAD83","Garmin",2016-04-01,,"None","SWE","Yes","No","No","Yes","No","No","Yes","No","No","No","No","No","No",,"Yes",,,,2,0,0,2016-04-04,"Unknown",,,,"No",,,"No",,,"No",,"x:x","x:x",,,,,,"Raw",2019-06-24 11:15:22,"swakamiya","Event","HumanObservation"
"PORE","Point Reyes National Seashore","NP01_2017","{764DC5D8-DDE7-49E6-B146-A9328A9BB8B6}","NP","North Beach - Abbott's",2017,,,"Charadrius nivosus","Western Snowy Plover","824030",-122.967245107477,38.0970002980297,"GCS","NAD83",,2017-04-12,,"None","SWE","Yes","No","No","Yes","No","No","Yes","No","No","No","No","No","No",2017-04-11,"No",,,,2,0,0,2017-04-17,"Failed - Unknown",,,,"No",,,"No",,,"No",,"x:x","x:x",,,,,,"Raw",2019-06-24 11:15:22,"swakamiya","Event","HumanObservation"
"PORE","Point Reyes National Seashore","NP01_2018","{764DC5D8-DDE7-49E6-B146-A9328A9BB8B6}","NP","North Beach - Abbott's",2018,,,"Charadrius nivosus","Western Snowy Plover","824030",-122.959685502999,38.1143925303464,"GCS","NAD83","Garmin",2018-04-13,,"None","RWT","No","Yes","No","Yes","Yes","No","No","No","No","No","No","No","Yes",2018-04-11,"No",,,,3,0,0,2018-04-19,"Unknown Depredation","Unknown predator type",,,"No",,,"No",,,"No",,"x:x","x:x",,,,,,"Raw",2019-06-24 11:15:22,"swakamiya","Event","HumanObservation"
"PORE","Point Reyes National Seashore","NP01_2019","{764DC5D8-DDE7-49E6-B146-A9328A9BB8B6}","NP","North Beach - Abbott's",2019,,,"Charadrius nivosus","Western Snowy Plover","824030",-122.974219491033,38.0799588985447,"GCS","NAD83","Garmin",2019-04-08,,,"SWE","Yes","No","No","Yes","No","No","Yes","No","No","No","No","No","No",2019-04-07,"No",,,,2,,,2019-04-09,"Depredated by Known Predator","Common raven",,,"No",,,"No",,,"No",,"x:x","as:or",,,,"M. Lau observed a pair of CORA flying low above nest; both kited above nest and then flew down and grabbed eggs.",,"Raw",2019-08-23 13:19:53,"mlau","Event","HumanObservation"
"PORE","Point Reyes National Seashore","NP01_2020","{764DC5D8-DDE7-49E6-B146-A9328A9BB8B6}","NP","North Beach - Abbott's",2020,,,"Charadrius nivosus","Western Snowy Plover","824030",-122.974231393011,38.0785348822131,"GCS","NAD83","Garmin",2020-04-10,2020-04-10,"Round","SRE","Yes","Yes","No","No","No","No","Yes","No","No","No","No","No","No",,"Yes",2020-05-08,2020-06-04,2020-05-09,3,3,2,,,,,,"No",,,"No",,,"No",,"as:gy","x:w",,,,,,"Provisional",2020-09-18 11:40:36,"mjayl","Event","HumanObservation"
"PORE","Point Reyes National Seashore","NP01_2021","{764DC5D8-DDE7-49E6-B146-A9328A9BB8B6}","NP","North Beach - Abbott's",2021,,,"Charadrius nivosus","Western Snowy Plover","824030",-122.974016666371,38.0795758108429,"GCS","NAD83",,2021-04-08,,"None","SVE","Yes","No","No","No","No","Yes","Yes","No","No","No","No","No","No",2021-04-08,"No",,,,1,0,0,2021-04-11,"Unknown Depredation",,,,"No",,,"No",,,"No",,"x:x","x:x",,,,,,"Accepted",2021-12-13 10:32:03,"EEdson","Event","HumanObservation"
"PORE","Point Reyes National Seashore","NP01_2022","{764DC5D8-DDE7-49E6-B146-A9328A9BB8B6}","NP","North Beach - Abbott's",2022,,,"Charadrius nivosus","Western Snowy Plover","824030",-122.961169496703,38.1103409081518,"GCS","NAD83",,2022-04-04,2022-04-06,"Mini-Exclosure","SRWE","Yes","Yes","No","Yes","No","No","Yes","No","No","No","No","No","Yes",2022-04-04,"No",,,,2,0,0,2022-04-13,"Unknown",,,,"No",,,"No",,,"No",,"av:ow","(r)/g:g",,,,,,"Provisional",2022-11-01 09:30:51,"mlau","Event","HumanObservation"
"PORE","Point Reyes National Seashore","NP01_2023","{764DC5D8-DDE7-49E6-B146-A9328A9BB8B6}","NP","North Beach - Abbott's",2023,,,"Charadrius nivosus","Western Snowy Plover","824030",-122.971278146743,38.0875821186073,"GCS","WGS84",,2023-04-11,2023-04-13,"Mini-Exclosure","SRWE","Yes","Yes","No","Yes","No","No","Yes","No","No","No","No","No","No",2023-04-11,"No",2023-05-15,,2023-05-15,3,3,0,,,,,,"No",,,"No",,,"No",,"av:rg","as:yy",,,,,,"Raw",2023-09-13 13:10:46,"mjayl","Event","HumanObservation"
"PORE","Point Reyes National Seashore","NP01_2024","{764DC5D8-DDE7-49E6-B146-A9328A9BB8B6}","NP","North Beach - Abbott's",2024,,,"Charadrius nivosus","Western Snowy Plover","824030",-122.95955,38.114634,"GCS","WGS84",,2024-04-05,2024-04-05,"Mini-Exclosure","SWE","Yes","No","No","Yes","No","No","Yes","No","No","No","No","No","Yes",,"Yes",2024-04-28,2024-05-25,2024-04-28,3,3,0,,,,,,"No",,,"No",,,"No",,"av:ya","x:x",,,,,,"Accepted",2026-04-22 09:55:16,"ksherrill","Event","HumanObservation"
"PORE","Point Reyes National Seashore","NP01_2025","{764DC5D8-DDE7-49E6-B146-A9328A9BB8B6}","NP","North Beach - Abbott's",2025,,,"Charadrius nivosus","Western Snowy Plover","824030",-122.971275597811,38.0873419018462,"GCS","WGS84",,2025-03-28,2025-04-08,"Round","SKWE","Yes","No","Yes","Yes","No","No","Yes","No","No","No","No","No","No",,"No",,,,3,0,0,2025-05-05,"Wind",,,,"No",,,"No",,,"No",,"by:gr","rv:bb",,,,"All eggs cracked, not much tapping. bygrF and rvbbM pair present. XxF also nearby-2025-04-29; No eggs in nest and adults acting agitated. Unable to determine if chicks present or loss-2025-05-05",,"Accepted",2026-04-22 09:53:34,"ksherrill","Event","HumanObservation"
"PORE","Point Reyes National Seashore","NP02_1997","{764DC5D8-DDE7-49E6-B146-A9328A9BB8B6}","NP","North Beach - Abbott's",1997,,,"Charadrius nivosus","Western Snowy Plover","824030",-122.963237723369,38.1055071430559,"GCS","NAD83","Map",1997-04-14,,,,,,,,,,,,,,,"No","No",,"No",,,,3,3,2,,,,,,"No",,,"No",,,"No",,,,,,,,,"Raw",2019-06-24 11:15:22,"swakamiya","Event","HumanObservation"
"PORE","Point Reyes National Seashore","NP02_1998","{764DC5D8-DDE7-49E6-B146-A9328A9BB8B6}","NP","North Beach - Abbott's",1998,,,"Charadrius nivosus","Western Snowy Plover","824030",-122.970213499413,38.0893222192911,"GCS","NAD83","Map",1998-04-17,,"Triangle",,,,,,,,,,,,,"No","No",,"No",,,,3,3,2,,,,,,"No",,,"No",,,"No",,,,,,,,,"Raw",2019-06-24 11:15:22,"swakamiya","Event","HumanObservation"
"PORE","Point Reyes National Seashore","NP02_1999","{764DC5D8-DDE7-49E6-B146-A9328A9BB8B6}","NP","North Beach - Abbott's",1999,,,"Charadrius nivosus","Western Snowy Plover","824030",-122.969608266776,38.091340922788,"GCS","NAD83",,1999-04-19,,"Square",,,,,,,,,,,,,"No","No",,"No",,,,3,3,2,,,,,,"No",,,"No",,,"No",,,"YGY/R",,,,,,"Raw",2019-06-24 11:15:22,"swakamiya","Event","HumanObservation"
"PORE","Point Reyes National Seashore","NP02_2000","{764DC5D8-DDE7-49E6-B146-A9328A9BB8B6}","NP","North Beach - Abbott's",2000,,,"Charadrius nivosus","Western Snowy Plover","824030",-122.966879898318,38.0975589861784,"GCS","NAD83",,2000-03-31,,,,,,,,,,,,,,,"No","No",,"No",,,,3,3,0,,,,,,"No",,,"No",,,"No",,,,,,,"Fledged 0",,"Raw",2019-06-24 11:15:22,"swakamiya","Event","HumanObservation"
"PORE","Point Reyes National Seashore","NP02_2001","{764DC5D8-DDE7-49E6-B146-A9328A9BB8B6}","NP","North Beach - Abbott's",2001,,,"Charadrius nivosus","Western Snowy Plover","824030",-122.968957772267,38.0924403093036,"GCS","NAD83","Pro Xr",2001-03-30,,"None",,,,,,,,,,,,,"No","No",,"No",,,,1,0,0,,,,,,"No",,,"No",,,"No",,"AR/YL","YGY/R",,,,"Predation: Raven",,"Raw",2019-06-24 11:15:22,"swakamiya","Event","HumanObservation"
"PORE","Point Reyes National Seashore","NP02_2002","{764DC5D8-DDE7-49E6-B146-A9328A9BB8B6}","NP","North Beach - Abbott's",2002,,,"Charadrius nivosus","Western Snowy Plover","824030",-122.961204230994,38.1115269947761,"GCS","NAD83","Garmin 3+",2002-04-12,,"Square",,,,,,,,,,,,,"No","No",2002-04-12,"No",,,,1,0,0,,,,,,"No",,,"No",,,"No",,"PA/AP","  / W",,,,"Buried 1 egg",,"Raw",2019-06-24 11:15:22,"swakamiya","Event","HumanObservation"
"PORE","Point Reyes National Seashore","NP02_2003","{764DC5D8-DDE7-49E6-B146-A9328A9BB8B6}","NP","North Beach - Abbott's",2003,,,"Charadrius nivosus","Western Snowy Plover","824030",-122.968135711456,38.0946482144988,"GCS","NAD83","Garmin 3+",2003-04-15,,"Square",,,,,,,,,,,,,"No","No",2003-04-15,"No",,,,3,0,0,2003-05-09,"Abandoned",,,,"No",,,"No",,,"No","Unknown",,,,,,"abandoned/unknown cause",,"Raw",2019-06-24 11:15:22,"swakamiya","Event","HumanObservation"
"PORE","Point Reyes National Seashore","NP02_2004","{764DC5D8-DDE7-49E6-B146-A9328A9BB8B6}","NP","North Beach - Abbott's",2004,,,"Charadrius nivosus","Western Snowy Plover","824030",-122.961809791395,38.1096435326663,"GCS","NAD83","Garmin 3+",2004-04-16,,"Square",,,,,,,,,,,,,"No","No",2004-04-16,"No",2004-05-15,,,3,3,0,,,,,,"No",,,"No",,,"No",,"PA:AP","--:B",,,," all chicks lost w/in days CORA near day",,"Raw",2019-06-24 11:15:22,"swakamiya","Event","HumanObservation"
"PORE","Point Reyes National Seashore","NP02_2005","{764DC5D8-DDE7-49E6-B146-A9328A9BB8B6}","NP","North Beach - Abbott's",2005,,,"Charadrius nivosus","Western Snowy Plover","824030",,,,,,2005-04-22,,"Unknown",,,,,,,,,,,,,"No","No",,"No",,,,1,,,2005-04-24,"Failed - Unknown",,,,"No",,,"No",,,"No",,"pa:ap",":b",,,,,,"Raw",2019-06-24 11:15:22,"swakamiya","Event","HumanObservation"
"PORE","Point Reyes National Seashore","NP02_2006","{764DC5D8-DDE7-49E6-B146-A9328A9BB8B6}","NP","North Beach - Abbott's",2006,,,"Charadrius nivosus","Western Snowy Plover","824030",,,,,,2006-04-20,,"Unknown",,,,,,,,,,,,,"No","No",,"No",2006-05-23,,,3,3,0,,,,,,"No",,,"No",,,"No",,,,,,,,,"Raw",2019-06-24 11:15:22,"swakamiya","Event","HumanObservation"
"PORE","Point Reyes National Seashore","NP02_2007","{764DC5D8-DDE7-49E6-B146-A9328A9BB8B6}","NP","North Beach - Abbott's",2007,,,"Charadrius nivosus","Western Snowy Plover","824030",,,,,,2007-04-03,,"Unknown",,,,,,,,,,,,,"No","No",,"No",2007-05-08,,,3,3,1,,,,,,"No",,,"No",,,"No",,,,,,,,,"Raw",2019-06-24 11:15:22,"swakamiya","Event","HumanObservation"
"PORE","Point Reyes National Seashore","NP02_2008","{764DC5D8-DDE7-49E6-B146-A9328A9BB8B6}","NP","North Beach - Abbott's",2008,,,"Charadrius nivosus","Western Snowy Plover","824030",,,,,,2008-04-10,,"Unknown",,,,,,,,,,,,,"No","No",,"No",,,,3,3,0,,,,,,"No",,,"No",,,"No",,,,,,,,,"Raw",2019-06-24 11:15:22,"swakamiya","Event","HumanObservation"
"PORE","Point Reyes National Seashore","NP02_2009","{764DC5D8-DDE7-49E6-B146-A9328A9BB8B6}","NP","North Beach - Abbott's",2009,,,"Charadrius nivosus","Western Snowy Plover","824030",-122.968078261458,38.0956305890445,"GCS","NAD83",,2009-05-04,2009-05-04,"Square","RKE","No","Yes","Yes","No","No","No","Yes","No","No","No","No","No","No",2009-05-01,"No",,,,2,0,0,2009-05-24,"Tide",,,,"No",,,"No",,,"No",,,,,,,"Initiation date is approximate.",,"Raw",2019-06-24 11:15:22,"swakamiya","Event","HumanObservation"
"PORE","Point Reyes National Seashore","NP02_2010","{764DC5D8-DDE7-49E6-B146-A9328A9BB8B6}","NP","North Beach - Abbott's",2010,,,"Charadrius nivosus","Western Snowy Plover","824030",-122.960061713578,38.114834282278,"GCS","NAD83","Garmin",2010-04-20,2010-04-20,"Square","STE","Yes","No","No","No","Yes","No","Yes","No","No","No","No","No","No",2010-04-18,"No",,,,3,0,0,2010-04-30,"Abandoned",,,,"No",,,"No",,,"No",,,,,,,"wind bew over exclosure on 4/22/2010 , but eggs ok and female nearby",,"Raw",2019-06-24 11:15:22,"swakamiya","Event","HumanObservation"
"PORE","Point Reyes National Seashore","NP02_2011","{764DC5D8-DDE7-49E6-B146-A9328A9BB8B6}","NP","North Beach - Abbott's",2011,,,"Charadrius nivosus","Western Snowy Plover","824030",-122.968352580373,38.0942246736358,"GCS","NAD83","Garmin",2011-04-25,2011-04-25,"Round","RKTEP","No","Yes","Yes","No","Yes","No","Yes","No","Yes","No","No","No","No",2011-04-22,"No",2011-05-27,,,3,3,0,,,,2011-05-29,2,"Yes",2011-05-29,2,"Yes",2011-05-29,2,"Yes",,,,,,,"exclosed with round exclosure. Initiation date very approximate.",,"Raw",2019-06-24 11:15:22,"swakamiya","Event","HumanObservation"
"PORE","Point Reyes National Seashore","NP02_2012","{764DC5D8-DDE7-49E6-B146-A9328A9BB8B6}","NP","North Beach - Abbott's",2012,,,"Charadrius nivosus","Western Snowy Plover","824030",-122.959468967639,38.1140139214393,"GCS","NAD83","Garmin",2012-04-30,2012-04-30,"Round","RWE","No","Yes","No","Yes","No","No","Yes","No","No","No","No","Yes","No",,"No",,,,3,,,2012-05-04,"Abandoned",,,,"No",,,"No",,,"No",,,,2012-05-10,"wildlife freezer",,"Initiation date unknown, possible 4/22/12 based on observations. Possible adult was predated and that resulted in the nest being abandoned.",,"Raw",2019-06-24 11:15:22,"swakamiya","Event","HumanObservation"
"PORE","Point Reyes National Seashore","NP02_2014","{764DC5D8-DDE7-49E6-B146-A9328A9BB8B6}","NP","North Beach - Abbott's",2014,,,"Charadrius nivosus","Western Snowy Plover","824030",-122.970110484331,38.090259520365,"GCS","NAD83","Garmin",2014-03-24,2014-04-11,"Round","SKWTD","Yes","No","Yes","Yes","Yes","No","No","Yes","No","No","No","No","No",2014-03-21,"No",2014-04-24,2014-05-21,,3,3,3,,,,,,"No",,,"No",,,"No",,,,,,,"Did not exclose initially due to no exclosure material available in area and it was early enough in the season the adults could re-nest. Exclosed after the loss of NP01, NP03 and NP04.",,"Raw",2019-06-24 11:15:22,"swakamiya","Event","HumanObservation"
"PORE","Point Reyes National Seashore","NP02_2015","{764DC5D8-DDE7-49E6-B146-A9328A9BB8B6}","NP","North Beach - Abbott's",2015,,,"Charadrius nivosus","Western Snowy Plover","824030",-122.970521280208,38.0896197180559,"GCS","NAD83","Garmin",2015-04-06,2015-04-06,"Round","RWE","No","Yes","No","Yes","No","No","Yes","No","No","No","No","No","No",,"No",,,,3,,,2015-04-20,"Tide",,,,"No",,,"No",,,"No",,,,,,,"Initiation date unknown",,"Raw",2019-06-24 11:15:22,"swakamiya","Event","HumanObservation"
"PORE","Point Reyes National Seashore","NP02_2016","{764DC5D8-DDE7-49E6-B146-A9328A9BB8B6}","NP","North Beach - Abbott's",2016,,,"Charadrius nivosus","Western Snowy Plover","824030",-122.966605821689,38.0983430177908,"GCS","NAD83","Garmin",2016-04-05,2016-04-05,"Round","SWE","Yes","No","No","Yes","No","No","Yes","No","No","No","No","No","No",,"Yes",,,,1,0,0,2016-04-15,"Abandoned",,,,"No",,,"No",,,"No",,"x:x","Unknown",2016-04-27,,,,,"Raw",2019-06-24 11:15:22,"swakamiya","Event","HumanObservation"
"PORE","Point Reyes National Seashore","NP02_2017","{764DC5D8-DDE7-49E6-B146-A9328A9BB8B6}","NP","North Beach - Abbott's",2017,,,"Charadrius nivosus","Western Snowy Plover","824030",-122.973866274421,38.0792468111059,"GCS","NAD83","Garmin",2017-04-28,2017-05-01,"Round","SVE","Yes","No","No","No","No","Yes","Yes","No","No","No","No","No","No",2017-04-28,"No",2017-06-04,,2017-06-04,3,3,0,,,,2017-06-07,3,"No",2017-06-07,3,"No",2017-06-07,3,"No",,"x:x","x:x",,,,,,"Raw",2019-06-24 11:15:22,"swakamiya","Event","HumanObservation"
"PORE","Point Reyes National Seashore","NP02_2018","{764DC5D8-DDE7-49E6-B146-A9328A9BB8B6}","NP","North Beach - Abbott's",2018,,,"Charadrius nivosus","Western Snowy Plover","824030",-122.974333866443,38.0789494924651,"GCS","NAD83","Garmin",2018-04-18,2018-04-20,"Round","RWE","No","Yes","No","Yes","No","No","Yes","No","No","No","No","No","No",2018-04-16,"No",2018-05-22,,2018-05-25,3,3,0,,"Unknown",,,,"No",,,"No",,,"No",,"as:gy","as:or",,,,"When hatched, banded on 5/25. M. Lau and R. DiGaudio found only 2 chicks with male. On next visit, MJL found a single chick, but it was unbanded! Third chick must've been hiding while we were banding its siblings. Male returned to brood banded chicks when we returned them.",,"Raw",2019-06-24 11:15:22,"swakamiya","Event","HumanObservation"
"PORE","Point Reyes National Seashore","NP02_2019","{764DC5D8-DDE7-49E6-B146-A9328A9BB8B6}","NP","North Beach - Abbott's",2019,"OUC","Predator Type for Common Raven unsure","Charadrius nivosus","Western Snowy Plover","824030",-122.974277016946,38.0784898283113,"GCS","NAD83","Garmin",2019-04-23,,,"SRD","Yes","Yes","No","No","No","No","No","Yes","No","No","No","No","No",,"Yes",,,,3,,,2019-04-27,"Unknown Depredation","Common raven",,,"No",,,"No",,,"No",,"x:x","as:or",,,,"Possible, indistinct CORA track near nest, but could only find SNPL tracks. Found nest owners on NB later in the day.","Edited on 1/5/2022 by Matt Lau. Corrected UTMN - it had one too many digits.","Raw",2019-08-23 13:23:22,"mlau","Event","HumanObservation"
"PORE","Point Reyes National Seashore","NP02_2020","{764DC5D8-DDE7-49E6-B146-A9328A9BB8B6}","NP","North Beach - Abbott's",2020,,,"Charadrius nivosus","Western Snowy Plover","824030",-122.970510119043,38.0890158601642,"GCS","NAD83","Garmin",2020-04-14,,"None","SKVE","Yes","No","Yes","No","No","Yes","Yes","No","No","No","No","No","No",2020-04-13,"No",,,,1,0,0,2020-04-17,"Unknown",,,,"No",,,"No",,,"No",,"x:x","as:yy",,,,,,"Raw",2020-09-18 11:42:02,"mjayl","Event","HumanObservation"
"PORE","Point Reyes National Seashore","NP02_2021","{764DC5D8-DDE7-49E6-B146-A9328A9BB8B6}","NP","North Beach - Abbott's",2021,,,"Charadrius nivosus","Western Snowy Plover","824030",-122.967629670243,38.0965074071106,"GCS","NAD83",,2021-04-19,,"None","SKE","Yes","No","Yes","No","No","No","Yes","No","No","No","No","No","No",2021-04-18,"No",,,,1,0,0,2021-04-21,"Depredated by Known Predator","Common raven",,,"No",,,"No",,,"No",,"av:ow","r/g:g",,,,,,"Accepted",2021-12-13 10:32:03,"EEdson","Event","HumanObservation"
"PORE","Point Reyes National Seashore","NP02_2022","{764DC5D8-DDE7-49E6-B146-A9328A9BB8B6}","NP","North Beach - Abbott's",2022,,,"Charadrius nivosus","Western Snowy Plover","824030",-122.969457615873,38.0916238843696,"GCS","NAD83",,2022-04-07,2022-04-08,"Mini-Exclosure","SKWD","Yes","No","Yes","Yes","No","No","No","Yes","No","No","No","No","No",2022-04-06,"No",2022-05-11,,2022-05-11,2,2,0,,,,,,"No",,,"No",,,"No",,"av:rg","as:yy",,,,,,"Provisional",2022-11-01 09:38:16,"mlau","Event","HumanObservation"
"PORE","Point Reyes National Seashore","NP02_2023","{764DC5D8-DDE7-49E6-B146-A9328A9BB8B6}","NP","North Beach - Abbott's",2023,,,"Charadrius nivosus","Western Snowy Plover","824030",-122.971002072008,38.0878641503553,"GCS","WGS84",,2023-04-12,,,"SVD","Yes","No","No","No","No","Yes","No","Yes","No","No","No","No","No",2023-04-12,"No",,,,1,0,0,2023-04-13,"Depredated by Known Predator","Common raven",,,"No",,,"No",,,"No",,"unk","unk",,,,,,"Raw",2023-09-13 13:13:05,"mjayl","Event","HumanObservation"
"PORE","Point Reyes National Seashore","NP03_2017","{764DC5D8-DDE7-49E6-B146-A9328A9BB8B6}","NP","North Beach - Abbott's",2017,,,"Charadrius nivosus","Western Snowy Plover","824030",-122.969265893148,38.0919446885954,"GCS","NAD83","Garmin",2017-05-01,2017-05-01,"Round","SKWE","Yes","No","Yes","Yes","No","No","Yes","No","No","No","No","No","No",2017-04-29,"No",,,,3,0,0,2017-06-01,"Abandoned",,,,"No",,,"No",,,"No",,"as:ab","as:yy",,,,"Female abandoned or predated",,"Raw",2019-06-24 11:15:22,"swakamiya","Event","HumanObservation"
"PORE","Point Reyes National Seashore","NP03_2018","{764DC5D8-DDE7-49E6-B146-A9328A9BB8B6}","NP","North Beach - Abbott's",2018,,,"Charadrius nivosus","Western Snowy Plover","824030",-122.969711029461,38.0910345154907,"GCS","NAD83","Garmin",2018-04-18,,"None","RWKE","No","Yes","Yes","Yes","No","No","Yes","No","No","No","No","No","No",,"Yes",,,,3,0,0,2018-05-01,"Depredated by Known Predator","Common raven",,,"No",,,"No",,,"No",,"x:x","as:yy",,,,,,"Raw",2019-06-24 11:15:22,"swakamiya","Event","HumanObservation"
"PORE","Point Reyes National Seashore","NP03_2019","{764DC5D8-DDE7-49E6-B146-A9328A9BB8B6}","NP","North Beach - Abbott's",2019,,,"Charadrius nivosus","Western Snowy Plover","824030",-122.963374661086,38.1053810074928,"GCS","NAD83","Garmin",2019-04-24,,,"RWE","No","Yes","No","Yes","No","No","Yes","No","No","No","No","No","No",,"Yes",,,,2,,,2019-04-26,"Depredated by Known Predator","Common raven",,,"No",,,"No",,,"No",,"x:x","x:x",,,,,,"Raw",2019-08-23 13:24:29,"mlau","Event","HumanObservation"
"PORE","Point Reyes National Seashore","NP03_2020","{764DC5D8-DDE7-49E6-B146-A9328A9BB8B6}","NP","North Beach - Abbott's",2020,,,"Charadrius nivosus","Western Snowy Plover","824030",-122.972062362054,38.0854832352499,"GCS","NAD83","Garmin",2020-04-17,,"None","SWE","Yes","No","No","Yes","No","No","Yes","No","No","No","No","No","No",2020-04-16,"No",,,,3,0,0,2020-04-21,"Depredated by Known Predator","Common raven",,,"No",,,"No",,,"No",,"ao:by","x:x",,,,,,"Raw",2020-09-18 11:50:05,"mjayl","Event","HumanObservation"
"PORE","Point Reyes National Seashore","NP03_2021","{764DC5D8-DDE7-49E6-B146-A9328A9BB8B6}","NP","North Beach - Abbott's",2021,,,"Charadrius nivosus","Western Snowy Plover","824030",-122.970217752636,38.0900819962024,"GCS","NAD83",,2021-04-26,2021-04-26,"Mini-Exclosure","SWKE","Yes","No","Yes","Yes","No","No","Yes","No","No","No","No","No","No",2021-04-24,"No",,,,3,0,0,2021-05-03,"Tide",,,,"No",,,"No",,,"No",,"as:gy","as:yy",,,,,,"Accepted",2021-12-13 10:32:03,"EEdson","Event","HumanObservation"
"PORE","Point Reyes National Seashore","NP03_2022","{764DC5D8-DDE7-49E6-B146-A9328A9BB8B6}","NP","North Beach - Abbott's",2022,,,"Charadrius nivosus","Western Snowy Plover","824030",-122.969776171305,38.0906965537564,"GCS","NAD83",,2022-04-08,,"None","SWKVE","Yes","No","Yes","Yes","No","Yes","Yes","No","No","No","No","No","No",,"Yes",2022-05-09,2022-06-05,2022-05-09,3,2,2,,,,,,"No",,,"No",,,"No",,"x:x","av:or",,,,"Adult male captured and banded, violet tape put back on silver band = av:or. 8021-20787",,"Provisional",2022-08-19 15:54:49,"mlau","Event","HumanObservation"
"PORE","Point Reyes National Seashore","NP03_2023","{764DC5D8-DDE7-49E6-B146-A9328A9BB8B6}","NP","North Beach - Abbott's",2023,,,"Charadrius nivosus","Western Snowy Plover","824030",-122.970022609475,38.0904190228504,"GCS","WGS84",,2023-04-14,2023-04-14,"Mini-Exclosure","SVD","Yes","No","No","No","No","Yes","No","Yes","No","No","No","No","No",2023-04-12,"No",,,,3,0,0,2023-05-01,"Tide","Common raven",,,"No",,,"No",,,"No",,"va:va","as:oa",,,,"Tides likely washed eggs out of ME, into new scrape just outside of ME. CORA tracks lead up to fresh scrape outside of ME.",,"Raw",2023-09-13 13:14:50,"mjayl","Event","HumanObservation"
"PORE","Point Reyes National Seashore","NP03_2024","{764DC5D8-DDE7-49E6-B146-A9328A9BB8B6}","NP","North Beach - Abbott's",2024,,,"Charadrius nivosus","Western Snowy Plover","824030",-122.97512,38.07733,"GCS","WGS84",,2024-04-19,2024-04-19,"Mini-Exclosure","SKWE","Yes","No","Yes","Yes","No","No","Yes","No","No","No","No","No","No",2024-04-18,"No",2024-05-20,2024-06-16,2024-05-20,3,3,2,,,,,,"No",,,"No",,,"No",,"av:gg","av:yb",,,,,,"Accepted",2026-04-22 09:55:16,"ksherrill","Event","HumanObservation"
"PORE","Point Reyes National Seashore","NP03_2025","{764DC5D8-DDE7-49E6-B146-A9328A9BB8B6}","NP","North Beach - Abbott's",2025,,,"Charadrius nivosus","Western Snowy Plover","824030",-122.972132479772,38.0851499503478,"GCS","WGS84",,2025-04-08,2025-04-08,"Round","SWE","Yes","No","No","Yes","No","No","Yes","No","No","No","No","No","No",,"No",,,,3,0,0,2025-05-05,"Failed - Unknown",,,,"No",,,"No",,,"No",,"x:x","va:yw?",,,,"F inc. 2e crack/tap. 1 no sign-2025-04-29; Nest predated at hatch. Obvious CORA tracks circling exclosure and unviable egg shifted, but still at nest. Chicks likely taken not long after hatch-2025-05-05",,"Accepted",2026-04-22 09:53:34,"ksherrill","Event","HumanObservation"
"PORE","Point Reyes National Seashore","NP04_1997","{764DC5D8-DDE7-49E6-B146-A9328A9BB8B6}","NP","North Beach - Abbott's",1997,,,"Charadrius nivosus","Western Snowy Plover","824030",-122.963785653818,38.1046330776028,"GCS","NAD83","Map",1997-04-22,,,,,,,,,,,,,,,"No","No",,"No",,,,2,2,2,,,,,,"No",,,"No",,,"No",,,,,,,,,"Raw",2019-06-24 11:15:22,"swakamiya","Event","HumanObservation"
"PORE","Point Reyes National Seashore","NP04_1998","{764DC5D8-DDE7-49E6-B146-A9328A9BB8B6}","NP","North Beach - Abbott's",1998,,,"Charadrius nivosus","Western Snowy Plover","824030",-122.970030767718,38.0899891172233,"GCS","NAD83","Map",1998-05-17,,"Triangle",,,,,,,,,,,,,"No","No",,"No",,,,3,2,2,,,,,,"No",,,"No",,,"No",,,,,,,,,"Raw",2019-06-24 11:15:22,"swakamiya","Event","HumanObservation"
=======
"PORE","Point Reyes National Seashore","NP04_2003","{764DC5D8-DDE7-49E6-B146-A9328A9BB8B6}","NP","North Beach - Abbott's",2003,,,"Charadrius nivosus","Western Snowy Plover","824030",-122.964824597665,38.1025694756446,"GCS","NAD83","Garmin 3+",2003-04-23,,"Square",,,,,,,,,,,,,"No","No",2003-04-23,"No",2003-05-17,,,3,3,0,,,,,,"No",,,"No",,,"No",,,,,,,"3 chicks lost at 4 days old time unknown",,"Raw",2019-06-24 11:15:22,"swakamiya","Event","HumanObservation"
"PORE","Point Reyes National Seashore","NP04_2004","{764DC5D8-DDE7-49E6-B146-A9328A9BB8B6}","NP","North Beach - Abbott's",2004,,,"Charadrius nivosus","Western Snowy Plover","824030",-122.966971219383,38.0973787568827,"GCS","NAD83","Garmin 3+",2004-04-30,,"Square",,,,,,,,,,,,,"No","No",2004-04-30,"No",2004-05-27,,,3,3,1,,,,,,"No",,,"No",,,"No",,,,,,,"under big log / 2 chicks lost at night",,"Raw",2019-06-24 11:15:22,"swakamiya","Event","HumanObservation"
"PORE","Point Reyes National Seashore","NP04_2005","{764DC5D8-DDE7-49E6-B146-A9328A9BB8B6}","NP","North Beach - Abbott's",2005,,,"Charadrius nivosus","Western Snowy Plover","824030",,,,,,2005-04-28,,"Unknown",,,,,,,,,,,,,"No","No",,"No",2005-05-31,,,3,3,0,,,,,,"No",,,"No",,,"No",,,,,,,,,"Raw",2019-06-24 11:15:22,"swakamiya","Event","HumanObservation"
"PORE","Point Reyes National Seashore","NP04_2006","{764DC5D8-DDE7-49E6-B146-A9328A9BB8B6}","NP","North Beach - Abbott's",2006,,,"Charadrius nivosus","Western Snowy Plover","824030",,,,,,2006-05-05,,"Unknown",,,,,,,,,,,,,"No","No",,"No",2006-05-31,,,3,3,1,,,,,,"No",,,"No",,,"No",,,,,,,,,"Raw",2019-06-24 11:15:22,"swakamiya","Event","HumanObservation"
"PORE","Point Reyes National Seashore","NP04_2007","{764DC5D8-DDE7-49E6-B146-A9328A9BB8B6}","NP","North Beach - Abbott's",2007,,,"Charadrius nivosus","Western Snowy Plover","824030",,,,,,2007-04-13,,"Unknown",,,,,,,,,,,,,"No","No",,"No",2007-05-13,,,3,2,0,,,,,,"No",,,"No",,,"No",,,,,,,,,"Raw",2019-06-24 11:15:22,"swakamiya","Event","HumanObservation"
"PORE","Point Reyes National Seashore","NP04_2008","{764DC5D8-DDE7-49E6-B146-A9328A9BB8B6}","NP","North Beach - Abbott's",2008,,,"Charadrius nivosus","Western Snowy Plover","824030",,,,,,2008-04-16,,"Unknown",,,,,,,,,,,,,"No","No",,"No",,,,3,0,,,"Failed - Unknown",,,,"No",,,"No",,,"No",,,,,,,,,"Raw",2019-06-24 11:15:22,"swakamiya","Event","HumanObservation"
"PORE","Point Reyes National Seashore","NP04_2009","{764DC5D8-DDE7-49E6-B146-A9328A9BB8B6}","NP","North Beach - Abbott's",2009,,,"Charadrius nivosus","Western Snowy Plover","824030",-122.974470744932,38.0787963050395,"GCS","NAD83",,2009-05-30,2009-05-30,"Square","RE","No","Yes","No","No","No","No","Yes","No","No","No","No","No","No",2009-05-29,"No",2009-07-01,2009-07-29,,3,3,1,,,,2009-07-09,8,"No",2009-07-09,8,"No",,,"No",,,,,,,"lost 2 chicks at 6-9 days old to unknown cause",,"Raw",2019-06-24 11:15:22,"swakamiya","Event","HumanObservation"
"PORE","Point Reyes National Seashore","NP04_2010","{764DC5D8-DDE7-49E6-B146-A9328A9BB8B6}","NP","North Beach - Abbott's",2010,,,"Charadrius nivosus","Western Snowy Plover","824030",-122.974664639339,38.078625104197,"GCS","NAD83","Garmin",2010-05-21,2010-05-21,"Square","RE","No","Yes","No","No","No","No","Yes","No","No","No","No","No","No",,"No",,,,3,0,0,2010-05-26,"Unknown Depredation",,,,"No",,,"No",,,"No",,,,,,,"Unknown initiation date",,"Raw",2019-06-24 11:15:22,"swakamiya","Event","HumanObservation"
"PORE","Point Reyes National Seashore","NP04_2011","{764DC5D8-DDE7-49E6-B146-A9328A9BB8B6}","NP","North Beach - Abbott's",2011,,,"Charadrius nivosus","Western Snowy Plover","824030",-122.972142413001,38.084879398733,"GCS","NAD83","Garmin",2011-05-23,,"None","RTDP","No","Yes","No","No","Yes","No","No","Yes","Yes","No","No","No","No",,"No",,,,3,0,0,2011-06-02,"Failed - Unknown",,,,"No",,,"No",,,"No",,,,,,,"Nest under log, too big to exclose. No female on nest or nearby on 6/2/11, did not check egg status. 6/6/11 no eggs, no sign of depredation except eggs gone well before estimated hatch date.",,"Raw",2019-06-24 11:15:22,"swakamiya","Event","HumanObservation"
"PORE","Point Reyes National Seashore","NP04_2012","{764DC5D8-DDE7-49E6-B146-A9328A9BB8B6}","NP","North Beach - Abbott's",2012,,,"Charadrius nivosus","Western Snowy Plover","824030",-122.966377570751,38.0986674116442,"GCS","NAD83","Garmin",2012-06-18,,"None","RWE","No","Yes","No","Yes","No","No","Yes","No","No","No","No","No","No",,"No",2012-07-13,2012-08-10,,3,3,2,,,,2012-07-20,7,"No",,,"No",,,"No",,"lg:yo",,,,,"nest under log, could not exclose",,"Raw",2019-06-24 11:15:22,"swakamiya","Event","HumanObservation"
"PORE","Point Reyes National Seashore","NP04_2014","{764DC5D8-DDE7-49E6-B146-A9328A9BB8B6}","NP","North Beach - Abbott's",2014,,,"Charadrius nivosus","Western Snowy Plover","824030",-122.967884645937,38.0950266818212,"GCS","NAD83","Garmin",2014-04-03,,"None","SWE","Yes","No","No","Yes","No","No","Yes","No","No","No","No","No","No",,"No",,,,3,0,0,2014-04-07,"Depredated by Known Predator","Common raven",,,"No",,,"No",,,"No",,,"ly:yo",,,,"Initiation date unknown. Did not exclose nest because found it as a 3 egg nest and it was early in the season. Additionally, in the AT&T area which had good success in 2013 of unexclosed nests.",,"Raw",2019-06-24 11:15:22,"swakamiya","Event","HumanObservation"
"PORE","Point Reyes National Seashore","NP04_2015","{764DC5D8-DDE7-49E6-B146-A9328A9BB8B6}","NP","North Beach - Abbott's",2015,,,"Charadrius nivosus","Western Snowy Plover","824030",-122.966331759874,38.0990819849251,"GCS","NAD83","Garmin",2015-04-14,,"None","RKE","No","Yes","Yes","No","No","No","Yes","No","No","No","No","No","No",2015-04-12,"No",,,,2,,,2015-04-16,"Depredated by Known Predator","Common raven",,,"No",,,"No",,,"No",,"Unknown","Unknown",,,,"Nest discovered after it was partially depredated, CORA activity in area before approaching and discovered nest with one egg and one shell. Know there was at least 2 eggs. CORA tracks around nest. Adults not observed. Didn't exclose because already starting to be depredated.",,"Raw",2019-06-24 11:15:22,"swakamiya","Event","HumanObservation"
"PORE","Point Reyes National Seashore","NP04_2016","{764DC5D8-DDE7-49E6-B146-A9328A9BB8B6}","NP","North Beach - Abbott's",2016,,,"Charadrius nivosus","Western Snowy Plover","824030",-122.97411736946,38.0785438699369,"GCS","NAD83","Garmin",2016-04-15,2016-04-15,"Round","SRTE","Yes","Yes","No","No","Yes","No","Yes","No","No","No","No","No","No",2016-04-15,"No",,,,1,0,0,2016-04-18,"Human Destroyed","Human",,,"No",,,"No",,,"No","Yes","x:x","x:x",,,,,,"Raw",2019-06-24 11:15:22,"swakamiya","Event","HumanObservation"
"PORE","Point Reyes National Seashore","NP04_2017","{764DC5D8-DDE7-49E6-B146-A9328A9BB8B6}","NP","North Beach - Abbott's",2017,,,"Charadrius nivosus","Western Snowy Plover","824030",-122.972827041343,38.0836718477962,"GCS","NAD83","Garmin",2017-05-05,,"None","SVE","Yes","No","No","No","No","Yes","Yes","No","No","No","No","No","No",,"Yes",,,,3,0,0,2017-05-06,"Depredated by Known Predator","Common raven",,,"No",,,"No",,,"No",,"x:x","unknown",,,,,,"Raw",2019-06-24 11:15:22,"swakamiya","Event","HumanObservation"
"PORE","Point Reyes National Seashore","NP04_2018","{764DC5D8-DDE7-49E6-B146-A9328A9BB8B6}","NP","North Beach - Abbott's",2018,,,"Charadrius nivosus","Western Snowy Plover","824030",-122.961741293765,38.1097516631548,"GCS","NAD83","Garmin",2018-04-20,,"None","RWE","No","Yes","No","Yes","No","No","Yes","No","No","No","No","Yes","Yes",,"Yes",,,,3,0,0,2018-04-25,"Depredated by Known Predator","Common raven",,,"No",,,"No",,,"No",,"av:ow","unk",,,,,,"Raw",2019-06-24 11:15:22,"swakamiya","Event","HumanObservation"
"PORE","Point Reyes National Seashore","NP04_2019","{764DC5D8-DDE7-49E6-B146-A9328A9BB8B6}","NP","North Beach - Abbott's",2019,,,"Charadrius nivosus","Western Snowy Plover","824030",-122.970601236465,38.0892952786409,"GCS","NAD83","Garmin",2019-04-29,,,"SKWEP","Yes","No","Yes","Yes","No","No","Yes","No","Yes","No","No","No","No",,"Yes",,,,3,,,2019-05-20,"Tide",,,,"No",,,"No",,,"No",,"x:x","as:yy",,,,,,"Raw",2019-08-23 13:28:42,"mlau","Event","HumanObservation"
"PORE","Point Reyes National Seashore","NP04_2020","{764DC5D8-DDE7-49E6-B146-A9328A9BB8B6}","NP","North Beach - Abbott's",2020,,,"Charadrius nivosus","Western Snowy Plover","824030",-122.973854394122,38.0805897122475,"GCS","NAD83","Garmin",2020-04-20,,"None","SKWE","Yes","No","Yes","Yes","No","No","Yes","No","No","No","No","No","No",2020-04-19,"No",,,,1,0,0,2020-04-21,"Depredated by Known Predator","Common raven",,,"No",,,"No",,,"No",,"x:x?","as:or?",,,,,,"Raw",2020-09-18 11:51:26,"mjayl","Event","HumanObservation"
"PORE","Point Reyes National Seashore","NP04_2021","{764DC5D8-DDE7-49E6-B146-A9328A9BB8B6}","NP","North Beach - Abbott's",2021,,,"Charadrius nivosus","Western Snowy Plover","824030",-122.970053590058,38.0899530719951,"GCS","NAD83",,2021-05-10,2021-05-12,"Mini-Exclosure","SVE","Yes","No","No","No","No","Yes","Yes","No","No","No","No","No","No",2021-05-10,"No",2021-06-13,2021-07-10,2021-06-13,3,3,3,,,,,,"No",,,"No",,,"No",,"x:x","as:or",,,,,,"Accepted",2021-12-13 10:32:03,"EEdson","Event","HumanObservation"
"PORE","Point Reyes National Seashore","NP04_2022","{764DC5D8-DDE7-49E6-B146-A9328A9BB8B6}","NP","North Beach - Abbott's",2022,,,"Charadrius nivosus","Western Snowy Plover","824030",-122.968754433786,38.0932477984509,"GCS","NAD83",,2022-04-13,2022-04-13,"Mini-Exclosure","SVE","Yes","No","No","No","No","Yes","Yes","No","No","No","No","No","No",,"Yes",2022-05-14,,,3,3,0,,,,,,"No",,,"No",,,"No",,"va:va","as:oa",,,,"Adult x:x female was captured and banded va:va. 8021-26966",,"Provisional",2022-08-19 15:56:40,"mlau","Event","HumanObservation"
"PORE","Point Reyes National Seashore","NP04_2023","{764DC5D8-DDE7-49E6-B146-A9328A9BB8B6}","NP","North Beach - Abbott's",2023,,,"Charadrius nivosus","Western Snowy Plover","824030",-122.959495988866,38.1146601420549,"GCS","WGS84",,2023-04-14,2023-04-14,"Mini-Exclosure","RWE","No","Yes","No","Yes","No","No","Yes","No","No","No","No","No","Yes",,"Yes",2023-05-08,2023-06-04,2023-05-08,3,3,0,,,,,,"No",,,"No",,,"No",,"av:ya","av:yb",,,,,,"Raw",2023-09-13 13:16:57,"mjayl","Event","HumanObservation"
"PORE","Point Reyes National Seashore","NP04_2024","{764DC5D8-DDE7-49E6-B146-A9328A9BB8B6}","NP","North Beach - Abbott's",2024,,,"Charadrius nivosus","Western Snowy Plover","824030",-122.97329,38.08264,"GCS","WGS84",,2024-04-19,2024-04-19,"Mini-Exclosure","SRWKE","Yes","Yes","Yes","Yes","No","No","Yes","No","No","No","No","No","No",,"Yes",2024-05-17,2024-06-13,2024-05-17,3,3,1,,,,,,"No",,,"No",,,"No",,"x:x","av:aw",,,,,,"Accepted",2026-04-22 09:55:16,"ksherrill","Event","HumanObservation"
"PORE","Point Reyes National Seashore","NP04_2025","{764DC5D8-DDE7-49E6-B146-A9328A9BB8B6}","NP","North Beach - Abbott's",2025,,,"Charadrius nivosus","Western Snowy Plover","824030",-122.9632169,38.1061621,"GCS","WGS84",,2025-04-11,2025-04-11,"Mini-Exclosure","SWE","Yes","No","No","Yes","No","No","Yes","No","No","No","No","No","Yes",,"No",2025-05-05,2025-06-02,2025-06-10,3,2,2,,,,,,"No",,,"No",,,"No",,"x:x","x:x",,,,"Nest abandoned after windstorm. Eggs dug out of sand and in the process of hatching. Eggs collected and taken to IBR (one egg hatched in transit). 2 viable eggs captive reared (3rd did not hatch). Released 6/30/25 at North Beach w/ 3 captive reared Montezuma salvage birds",,"Accepted",2026-04-22 09:53:34,"ksherrill","Event","HumanObservation"
>>>>>>> origin/main
"PORE","Point Reyes National Seashore","NP05_1997","{764DC5D8-DDE7-49E6-B146-A9328A9BB8B6}","NP","North Beach - Abbott's",1997,,,"Charadrius nivosus","Western Snowy Plover","824030",-122.960644810929,38.1124010432984,"GCS","NAD83","Map",1997-04-25,,,,,,,,,,,,,,,"No","No",,"No",,,,1,0,0,,,,,,"No",,,"No",,,"No",,,,,,,"depredated",,"Raw",2019-06-24 11:15:22,"swakamiya","Event","HumanObservation"
"PORE","Point Reyes National Seashore","NP05_1998","{764DC5D8-DDE7-49E6-B146-A9328A9BB8B6}","NP","North Beach - Abbott's",1998,,,"Charadrius nivosus","Western Snowy Plover","824030",-122.973511695927,38.082329101026,"GCS","NAD83","Map",1998-05-23,,"Triangle",,,,,,,,,,,,,"No","No",,"No",,,,3,3,1,,,,,,"No",,,"No",,,"No",,,,,,,,,"Raw",2019-06-24 11:15:22,"swakamiya","Event","HumanObservation"
"PORE","Point Reyes National Seashore","NP05_1999","{764DC5D8-DDE7-49E6-B146-A9328A9BB8B6}","NP","North Beach - Abbott's",1999,,,"Charadrius nivosus","Western Snowy Plover","824030",-122.967793349822,38.0951618481394,"GCS","NAD83",,1999-04-23,,"Triangle",,,,,,,,,,,,,"No","No",,"No",,,,3,3,2,,,,,,"No",,,"No",,,"No",,"Y/PV",,,,,,,"Raw",2019-06-24 11:15:22,"swakamiya","Event","HumanObservation"
"PORE","Point Reyes National Seashore","NP05_2000","{764DC5D8-DDE7-49E6-B146-A9328A9BB8B6}","NP","North Beach - Abbott's",2000,,,"Charadrius nivosus","Western Snowy Plover","824030",-122.961010457746,38.111247536054,"GCS","NAD83",,2000-04-05,,,,,,,,,,,,,,,"No","No",,"No",,,,3,0,0,,,,,,"No",,,"No",,,"No",,,,,,,"Abandoned 3 eggs",,"Raw",2019-06-24 11:15:22,"swakamiya","Event","HumanObservation"
"PORE","Point Reyes National Seashore","NP05_2001","{764DC5D8-DDE7-49E6-B146-A9328A9BB8B6}","NP","North Beach - Abbott's",2001,,,"Charadrius nivosus","Western Snowy Plover","824030",-122.966057850956,38.0994784670003,"GCS","NAD83","Pro Xr",2001-04-10,,"Square",,,,,,,,,,,,,"No","No",,"No",,,,3,0,0,,,,,,"No",,,"No",,,"No",,,,,,,"Abandoned 3 eggs",,"Raw",2019-06-24 11:15:22,"swakamiya","Event","HumanObservation"
"PORE","Point Reyes National Seashore","NP05_2002","{764DC5D8-DDE7-49E6-B146-A9328A9BB8B6}","NP","North Beach - Abbott's",2002,,,"Charadrius nivosus","Western Snowy Plover","824030",-122.967519044602,38.0965046727594,"GCS","NAD83","Garmin 3+",2002-04-19,,"Square",,,,,,,,,,,,,"No","No",2002-04-18,"No",,,,1,0,0,,,,,,"No",,,"No",,,"No",,,"YG/YR",,,,"Predation: Unknown predator",,"Raw",2019-06-24 11:15:22,"swakamiya","Event","HumanObservation"
"PORE","Point Reyes National Seashore","NP05_2003","{764DC5D8-DDE7-49E6-B146-A9328A9BB8B6}","NP","North Beach - Abbott's",2003,,,"Charadrius nivosus","Western Snowy Plover","824030",-122.969048614369,38.0933686472375,"GCS","NAD83","Garmin 3+",2003-04-23,,"None",,,,,,,,,,,,,"No","No",2003-04-23,"No",2003-05-18,,,3,3,0,,,,,,"No",,,"No",,,"No",,,,,,," 2 chicks lost at 3 days (day)1 at 1 week at night",,"Raw",2019-06-24 11:15:22,"swakamiya","Event","HumanObservation"
"PORE","Point Reyes National Seashore","NP05_2004","{764DC5D8-DDE7-49E6-B146-A9328A9BB8B6}","NP","North Beach - Abbott's",2004,,,"Charadrius nivosus","Western Snowy Plover","824030",-122.958828034929,38.1177720034228,"GCS","NAD83","Garmin 3+",2004-05-04,,"Square",,,,,,,,,,,,,"No","No",2004-05-04,"No",2004-05-29,,,3,2,1,,,,,,"No",,,"No",,,"No",,,,,,,"np01 pair/ lost 1 chick at night",,"Raw",2019-06-24 11:15:22,"swakamiya","Event","HumanObservation"
"PORE","Point Reyes National Seashore","NP05_2005","{764DC5D8-DDE7-49E6-B146-A9328A9BB8B6}","NP","North Beach - Abbott's",2005,,,"Charadrius nivosus","Western Snowy Plover","824030",,,,,,2005-05-01,,"Unknown",,,,,,,,,,,,,"No","No",,"No",,,,3,,,2005-05-15,"Depredated by Known Predator","Peregrine falcon",,,"No",,,"No",,,"No",,"pr:by",,,,,,,"Raw",2019-06-24 11:15:22,"swakamiya","Event","HumanObservation"
"PORE","Point Reyes National Seashore","NP05_2006","{764DC5D8-DDE7-49E6-B146-A9328A9BB8B6}","NP","North Beach - Abbott's",2006,,,"Charadrius nivosus","Western Snowy Plover","824030",,,,,,2006-05-07,,"Unknown",,,,,,,,,,,,,"No","No",,"No",2006-06-05,,,3,3,2,,,,,,"No",,,"No",,,"No",,,"yb:by",,,,,,"Raw",2019-06-24 11:15:22,"swakamiya","Event","HumanObservation"
"PORE","Point Reyes National Seashore","NP05_2007","{764DC5D8-DDE7-49E6-B146-A9328A9BB8B6}","NP","North Beach - Abbott's",2007,,,"Charadrius nivosus","Western Snowy Plover","824030",,,,,,2007-05-05,,,,,,,,,,,,,,,"No","No",,"No",2007-06-07,,,3,3,0,,,,,,"No",,,"No",,,"No",,,"bo:ov",,,,,,"Raw",2019-06-24 11:15:22,"swakamiya","Event","HumanObservation"
"PORE","Point Reyes National Seashore","NP05_2008","{764DC5D8-DDE7-49E6-B146-A9328A9BB8B6}","NP","North Beach - Abbott's",2008,,,"Charadrius nivosus","Western Snowy Plover","824030",,,,,,2008-05-17,,"Unknown",,,,,,,,,,,,,"No","No",,"No",,,,3,3,0,,,,,,"No",,,"No",,,"No",,,,,,,,,"Raw",2019-06-24 11:15:22,"swakamiya","Event","HumanObservation"
"PORE","Point Reyes National Seashore","NP05_2009","{764DC5D8-DDE7-49E6-B146-A9328A9BB8B6}","NP","North Beach - Abbott's",2009,,,"Charadrius nivosus","Western Snowy Plover","824030",-122.963934065922,38.1043627410776,"GCS","NAD83",,2009-06-03,,"None","RVE","No","Yes","No","No","No","Yes","Yes","No","No","No","No","No","No",,"No",,,,3,0,0,2009-06-04,"Unknown Depredation","Unknown predator type",,,"No",,,"No",,,"No",,,,,,,"Discovered by Dylan Voeller during plant surveys.  Went to exclose following day, but nest was depredated with tracks from multiple species around nest.  1 shell fragment found about 20 feet from nest.",,"Raw",2019-06-24 11:15:22,"swakamiya","Event","HumanObservation"
"PORE","Point Reyes National Seashore","NP05_2010","{764DC5D8-DDE7-49E6-B146-A9328A9BB8B6}","NP","North Beach - Abbott's",2010,,,"Charadrius nivosus","Western Snowy Plover","824030",-122.973809671919,38.0781021755749,"GCS","NAD83","Garmin",2010-06-08,2010-06-08,"Square","STE","Yes","No","No","No","Yes","No","Yes","No","No","No","No","No","No",2010-06-03,"No",2010-07-03,2010-07-31,,3,2,1,,,,2010-07-04,1,"Yes",,,"No",,,"No",,,,2010-07-04,"Wildlife Freezer",,"Intitiation date is estimated",,"Raw",2019-06-24 11:15:22,"swakamiya","Event","HumanObservation"
<<<<<<< HEAD
"PORE","Point Reyes National Seashore","NP10_2017","{764DC5D8-DDE7-49E6-B146-A9328A9BB8B6}","NP","North Beach - Abbott's",2017,,,"Charadrius nivosus","Western Snowy Plover","824030",-122.96808993263,38.0950177249918,"GCS","NAD83","Garmin",2017-05-24,,"None","RWD","No","Yes","No","Yes","No","No","No","Yes","No","No","No","No","No",2017-05-23,"No",,,,1,0,0,2017-05-25,"Depredated by Known Predator","Common raven",,,"No",,,"No",,,"No",,"unknown","unknown",,,,,,"Raw",2019-06-24 11:15:22,"swakamiya","Event","HumanObservation"
"PORE","Point Reyes National Seashore","NP10_2018","{764DC5D8-DDE7-49E6-B146-A9328A9BB8B6}","NP","North Beach - Abbott's",2018,,,"Charadrius nivosus","Western Snowy Plover","824030",-122.966548738601,38.0984691800338,"GCS","NAD83","Garmin",2018-05-29,,,"SVWPE","Yes","No","No","Yes","No","Yes","Yes","No","Yes","No","No","No","No",,"Yes",,,,3,0,0,2018-06-06,"Unknown",,,,"No",,,"No",,,"No",,"x:x","x:x",,,,,,"Raw",2019-06-24 11:15:22,"swakamiya","Event","HumanObservation"
"PORE","Point Reyes National Seashore","NP10_2019","{764DC5D8-DDE7-49E6-B146-A9328A9BB8B6}","NP","North Beach - Abbott's",2019,,,"Charadrius nivosus","Western Snowy Plover","824030",-122.970384246016,38.0900883472117,"GCS","NAD83","Garmin",2019-06-04,,,"SKWE","Yes","No","Yes","Yes","No","No","Yes","No","No","No","No","No","No",,"Yes",,,,2,,,2019-06-10,"Depredated by Known Predator","Common raven",,,"No",,,"No",,,"No",,"x:x","as:yy",,,,,,"Raw",2019-08-23 13:40:43,"mlau","Event","HumanObservation"
"PORE","Point Reyes National Seashore","NP10_2020","{764DC5D8-DDE7-49E6-B146-A9328A9BB8B6}","NP","North Beach - Abbott's",2020,,,"Charadrius nivosus","Western Snowy Plover","824030",-122.973797890477,38.0791656808765,"GCS","NAD83","Garmin",2020-05-28,,"None","RVE","No","Yes","No","No","No","Yes","Yes","No","No","No","No","No","No",,"Yes",,,,1,0,0,2020-05-30,"Abandoned",,,,"No",,,"No",,,"No",,"x:x","x:x",,,,,,"Raw",2020-09-18 12:08:19,"mjayl","Event","HumanObservation"
"PORE","Point Reyes National Seashore","NP10_2021","{764DC5D8-DDE7-49E6-B146-A9328A9BB8B6}","NP","North Beach - Abbott's",2021,,,"Charadrius nivosus","Western Snowy Plover","824030",-122.960907322914,38.1121307491227,"GCS","NAD83",,2021-07-02,2021-07-02,"Mini-Exclosure","SWE","Yes","No","No","Yes","No","No","Yes","No","No","No","No","No","Yes",,"Yes",2021-07-25,,2021-07-25,3,3,0,,,,,,"No",,,"No",,,"No",,"x:x","x:x",,,,"Chicks were in the process of hatching when we approached on 7/2/21. We left for about an hour and returned to find the 3rd chick just hatching. The x:x F was the only adult present and tending to chicks; didn't see the male. The female was VERY tolerant of us, and came in close, displaying and vocalizing within a foot of us. We decided to take the chicks out of the beanie and laid them nearby while banding chicks, and the female proceeded to brood them as we banded each chick one by one.",,"Accepted",2021-12-13 10:32:03,"EEdson","Event","HumanObservation"
"PORE","Point Reyes National Seashore","NP11_2001","{764DC5D8-DDE7-49E6-B146-A9328A9BB8B6}","NP","North Beach - Abbott's",2001,,,"Charadrius nivosus","Western Snowy Plover","824030",-122.965863592051,38.1002715323959,"GCS","NAD83","Pro Xr",2001-04-29,,"None",,,,,,,,,,,,,"No","No",,"No",,,,3,0,0,,,,,,"No",,,"No",,,"No",,"BY/WA",,,,,"Predation: Raven",,"Raw",2019-06-24 11:15:22,"swakamiya","Event","HumanObservation"
"PORE","Point Reyes National Seashore","NP11_2002","{764DC5D8-DDE7-49E6-B146-A9328A9BB8B6}","NP","North Beach - Abbott's",2002,,,"Charadrius nivosus","Western Snowy Plover","824030",-122.958383092134,38.117816910251,"GCS","NAD83","Garmin 3+",2002-05-03,,"None",,,,,,,,,,,,,"No","No",2002-05-03,"No",,,,2,0,0,,,,,,"No",,,"No",,,"No",,,"  /B",,,,"Predation: Raven",,"Raw",2019-06-24 11:15:22,"swakamiya","Event","HumanObservation"
"PORE","Point Reyes National Seashore","NP11_2003","{764DC5D8-DDE7-49E6-B146-A9328A9BB8B6}","NP","North Beach - Abbott's",2003,,,"Charadrius nivosus","Western Snowy Plover","824030",-122.969037259456,38.0932514784131,"GCS","NAD83","Garmin 3+",2003-05-30,,"Square",,,,,,,,,,,,,"No","No",2003-05-30,"No",2003-06-24,,,3,3,3,,,,,,"No",,,"No",,,"No",,,,,,,,,"Raw",2019-06-24 11:15:22,"swakamiya","Event","HumanObservation"
"PORE","Point Reyes National Seashore","NP11_2004","{764DC5D8-DDE7-49E6-B146-A9328A9BB8B6}","NP","North Beach - Abbott's",2004,,,"Charadrius nivosus","Western Snowy Plover","824030",-122.971012382123,38.087745185403,"GCS","NAD83","Garmin 3+",2004-06-24,,"Square",,,,,,,,,,,,,"No","No",2004-06-24,"No",2004-07-18,,,3,3,2,,,,,,"No",,,"No",,,"No",,,,,,,"1 lost night",,"Raw",2019-06-24 11:15:22,"swakamiya","Event","HumanObservation"
"PORE","Point Reyes National Seashore","NP11_2005","{764DC5D8-DDE7-49E6-B146-A9328A9BB8B6}","NP","North Beach - Abbott's",2005,,,"Charadrius nivosus","Western Snowy Plover","824030",,,,,,2005-06-20,,"Unknown",,,,,,,,,,,,,"No","No",,"No",2005-07-19,,,3,2,1,,,,,,"No",,,"No",,,"No",,,,,,,,,"Raw",2019-06-24 11:15:22,"swakamiya","Event","HumanObservation"
"PORE","Point Reyes National Seashore","NP11_2006","{764DC5D8-DDE7-49E6-B146-A9328A9BB8B6}","NP","North Beach - Abbott's",2006,,,"Charadrius nivosus","Western Snowy Plover","824030",,,,,,2006-07-07,,"Unknown",,,,,,,,,,,,,"No","No",,"No",2006-08-05,,,3,3,3,,,,,,"No",,,"No",,,"No",,,,,,,,,"Raw",2019-06-24 11:15:22,"swakamiya","Event","HumanObservation"
"PORE","Point Reyes National Seashore","NP11_2007","{764DC5D8-DDE7-49E6-B146-A9328A9BB8B6}","NP","North Beach - Abbott's",2007,,,"Charadrius nivosus","Western Snowy Plover","824030",,,,,,2007-06-19,,"Unknown",,,,,,,,,,,,,"No","No",,"No",2007-07-17,,,3,2,2,,,,,,"No",,,"No",,,"No",,"wa:ry","yo:wv",,,,,,"Raw",2019-06-24 11:15:22,"swakamiya","Event","HumanObservation"
"PORE","Point Reyes National Seashore","NP11_2009","{764DC5D8-DDE7-49E6-B146-A9328A9BB8B6}","NP","North Beach - Abbott's",2009,,,"Charadrius nivosus","Western Snowy Plover","824030",-122.959924456999,38.1155011770109,"GCS","NAD83",,2009-07-06,2009-07-06,"Square","RKE","No","Yes","Yes","No","No","No","Yes","No","No","No","No","No","No",2009-07-05,"No",2009-08-07,2009-09-04,,3,3,1,,,,2009-08-08,1,"Yes",2009-08-25,18,"No",,,"No","frequently left nest due to visitors passing by",,,,,,"lost 1 chick at 0-1 days old, lost 1 at 18 days old.",,"Raw",2019-06-24 11:15:22,"swakamiya","Event","HumanObservation"
"PORE","Point Reyes National Seashore","NP11_2011","{764DC5D8-DDE7-49E6-B146-A9328A9BB8B6}","NP","North Beach - Abbott's",2011,,,"Charadrius nivosus","Western Snowy Plover","824030",-122.970019286598,38.0901783822836,"GCS","NAD83","Garmin",2011-07-17,2011-07-17,"Square","RWE","No","Yes","No","Yes","No","No","Yes","No","No","No","No","No","No",2011-07-17,"No",2011-08-16,2011-09-12,,3,2,1,,,,2011-08-20,4,"Yes",,,"No",,,"No",,,,2011-08-17,,,,,"Raw",2019-06-24 11:15:22,"swakamiya","Event","HumanObservation"
"PORE","Point Reyes National Seashore","NP11_2014","{764DC5D8-DDE7-49E6-B146-A9328A9BB8B6}","NP","North Beach - Abbott's",2014,,,"Charadrius nivosus","Western Snowy Plover","824030",-122.971799989984,38.0857445428652,"GCS","NAD83","Garmin",2014-05-01,,"None","SKWTE","Yes","No","Yes","Yes","Yes","No","Yes","No","No","No","No","No","No",2014-04-30,"No",,,,1,0,0,2014-05-03,"Depredated by Known Predator","Racoon",,,"No",,,"No",,,"No",,,,,,,"Was planning to exclose on 5/3 but nest had already been depredated.",,"Raw",2019-06-24 11:15:22,"swakamiya","Event","HumanObservation"
"PORE","Point Reyes National Seashore","NP11_2015","{764DC5D8-DDE7-49E6-B146-A9328A9BB8B6}","NP","North Beach - Abbott's",2015,,,"Charadrius nivosus","Western Snowy Plover","824030",-122.974254203406,38.0785168616537,"GCS","NAD83","Garmin",2015-05-17,2015-05-17,"Round","RE","No","Yes","No","No","No","No","Yes","No","No","No","No","No","No",2015-05-16,"No",2015-06-20,2015-07-17,,3,3,2,,,,2015-06-20,1,"Yes",,,"No",,,"No",,,,,,,"Exclosed because near North Beach parking lot, in hard pan area. Chicks banded av:ow",,"Raw",2019-06-24 11:15:22,"swakamiya","Event","HumanObservation"
"PORE","Point Reyes National Seashore","NP11_2016","{764DC5D8-DDE7-49E6-B146-A9328A9BB8B6}","NP","North Beach - Abbott's",2016,,,"Charadrius nivosus","Western Snowy Plover","824030",-122.974288280126,38.0788863930506,"GCS","NAD83","Garmn",2016-05-28,2016-05-28,"Round","RD","No","Yes","No","No","No","No","No","Yes","No","No","No","No","No",2016-05-28,"No",2016-06-30,2016-07-29,2016-07-01,3,3,2,,,,2016-07-11,10,"Yes",,,"No",,,"No",,"x:x","x:x",,,,"Nest was floated to estimate hatching date.",,"Raw",2019-06-24 11:15:22,"swakamiya","Event","HumanObservation"
"PORE","Point Reyes National Seashore","NP11_2017","{764DC5D8-DDE7-49E6-B146-A9328A9BB8B6}","NP","North Beach - Abbott's",2017,,,"Charadrius nivosus","Western Snowy Plover","824030",-122.959033789172,38.1170420450987,"GCS","NAD83","Garmin",2017-05-30,,"None","STEP","Yes","No","No","No","Yes","No","Yes","No","Yes","No","No","No","No",,"Yes",,,,3,0,0,2017-05-31,"Depredated by Known Predator","Common raven",,,"No",,,"No",,,"No",,"as:or","av:or",,,,"Sibling pair from 2016 NP brood",,"Raw",2019-06-24 11:15:22,"swakamiya","Event","HumanObservation"
"PORE","Point Reyes National Seashore","NP11_2018","{764DC5D8-DDE7-49E6-B146-A9328A9BB8B6}","NP","North Beach - Abbott's",2018,,,"Charadrius nivosus","Western Snowy Plover","824030",-122.968352856302,38.0935847680724,"GCS","NAD83","Garmin",2018-06-06,,"None","SWVE","Yes","No","No","Yes","No","Yes","Yes","No","No","No","No","No","No",2018-06-06,"No",,,,2,0,0,2018-06-11,"Unknown Depredation",,,,"No",,,"No",,,"No",,"x:x","x:x",,,,"Unknown predator, but Coyote tracks found going by within 1m of nest.",,"Raw",2019-06-24 11:15:22,"swakamiya","Event","HumanObservation"
"PORE","Point Reyes National Seashore","NP11_2019","{764DC5D8-DDE7-49E6-B146-A9328A9BB8B6}","NP","North Beach - Abbott's",2019,,,"Charadrius nivosus","Western Snowy Plover","824030",-122.96563510811,38.1010736001025,"GCS","NAD83","Garmin",2019-06-11,,,"SKWE","Yes","No","Yes","Yes","No","No","Yes","No","No","No","No","No","No",2019-06-11,"No",,,,2,,,2019-06-16,"Depredated by Known Predator","Common raven",,,"No",,,"No",,,"No",,"x:s","x:x",,,,,,"Raw",2019-08-23 13:41:51,"mlau","Event","HumanObservation"
"PORE","Point Reyes National Seashore","NP11_2020","{764DC5D8-DDE7-49E6-B146-A9328A9BB8B6}","NP","North Beach - Abbott's",2020,,,"Charadrius nivosus","Western Snowy Plover","824030",-122.973386299704,38.0822389449625,"GCS","NAD83","Garmin",2020-05-30,2020-05-30,"Round","SVD","Yes","No","No","No","No","Yes","No","Yes","No","No","No","No","No",,"Yes",2020-06-24,2020-07-21,2020-06-24,3,3,0,,,,,,"No",,,"No",,,"No",,"as:wy","av:or",,,,,,"Provisional",2020-09-18 12:11:00,"mjayl","Event","HumanObservation"
"PORE","Point Reyes National Seashore","NP11_2021","{764DC5D8-DDE7-49E6-B146-A9328A9BB8B6}","NP","North Beach - Abbott's",2021,,,"Charadrius nivosus","Western Snowy Plover","824030",-122.969496497957,38.0913634257279,"GCS","NAD83",,2021-07-10,,"None","SVE","Yes","No","No","No","No","Yes","Yes","No","No","No","No","No","No",2021-07-09,"No",,,,1,0,0,2021-07-14,"Unknown",,,,"No",,,"No",,,"No",,"x:x?","as:oa?",,,,"Likely an egg dump. Egg laid near where as:oa m and x:x f have been scraping and loafing on multiple surveys.",,"Accepted",2021-12-13 10:32:03,"EEdson","Event","HumanObservation"
"PORE","Point Reyes National Seashore","NP11_2022","{764DC5D8-DDE7-49E6-B146-A9328A9BB8B6}","NP","North Beach - Abbott's",2022,,,"Charadrius nivosus","Western Snowy Plover","824030",-122.971035107267,38.0879524845972,"GCS","NAD83",,2022-05-24,2022-05-24,"Mini-Exclosure","SVD","Yes","No","No","No","No","Yes","No","Yes","No","No","No","No","No",2022-05-22,"No",2022-06-27,2022-07-24,2022-06-27,3,3,1,,,,,,"No",,,"No",,,"No",,"av:ao","av:va",,,,"Adult x:x female was captured and banded av:ao, 2851-04802. Two of the three hatched chicks were adopted/kidnapped by another male with a brood that hatched around the same time (NP13, as:yy m). That brood was found and banded by R. DiGaudio a couple days after.",,"Provisional",2022-08-19 16:14:37,"mlau","Event","HumanObservation"
"PORE","Point Reyes National Seashore","NP11_2023","{764DC5D8-DDE7-49E6-B146-A9328A9BB8B6}","NP","North Beach - Abbott's",2023,,,"Charadrius nivosus","Western Snowy Plover","824030",-122.970376591778,38.0892744918735,"GCS","WGS84",,2023-05-11,2023-05-11,"Mini-Exclosure","SVWPE","Yes","No","No","Yes","No","Yes","Yes","No","Yes","No","No","No","No",2023-05-11,"No",2023-06-15,,2023-06-15,3,3,0,,,,,,"No",,,"No",,,"No",,"x:x","as:oa",,,,,,"Raw",2023-09-13 13:30:39,"mjayl","Event","HumanObservation"
"PORE","Point Reyes National Seashore","NP11_2024","{915091EC-61D4-40EF-92EF-E9EF4B6A26D1}","RA","2011 Dune Restoration Area",2024,,,"Charadrius nivosus","Western Snowy Plover","824030",-122.96084,38.11112,"GCS","WGS84",,2024-05-20,2024-05-20,"Mini-Exclosure","SRWE","Yes","Yes","No","Yes","No","No","Yes","No","No","No","No","No","Yes",,"Yes",2024-06-15,2024-07-12,,3,3,0,,,,,,"No",,,"No",,,"No",,"x:x","av:ay",,,,,,"Accepted",2026-04-22 09:55:16,"ksherrill","Event","HumanObservation"
"PORE","Point Reyes National Seashore","NP25_2001","{764DC5D8-DDE7-49E6-B146-A9328A9BB8B6}","NP","North Beach - Abbott's",2001,,,"Charadrius nivosus","Western Snowy Plover","824030",-122.965886423828,38.1002264752982,"GCS","NAD83","Pro Xr",2001-07-06,,"None",,,,,,,,,,,,,"No","No",,"No",,,,3,0,0,,,,,,"No",,,"No",,,"No",,,,,,,"Predation: Raven",,"Raw",2019-06-24 11:15:22,"swakamiya","Event","HumanObservation"
"PORE","Point Reyes National Seashore","NP25_2014","{764DC5D8-DDE7-49E6-B146-A9328A9BB8B6}","NP","North Beach - Abbott's",2014,,,"Charadrius nivosus","Western Snowy Plover","824030",-122.960507316717,38.1135275879097,"GCS","NAD83","Garmin",2014-07-18,,"None","SWE","Yes","No","No","Yes","No","No","Yes","No","No","No","No","No","Yes",2014-07-17,"No",,,,1,0,0,2014-07-20,"Depredated by Known Predator","Common raven",,,"No",,,"No",,,"No",,,"Unknown",,,,"Wanted to exclose but depredated before I could.",,"Raw",2019-06-24 11:15:22,"swakamiya","Event","HumanObservation"
"PORE","Point Reyes National Seashore","NP25_2016","{764DC5D8-DDE7-49E6-B146-A9328A9BB8B6}","NP","North Beach - Abbott's",2016,,,"Charadrius nivosus","Western Snowy Plover","824030",-122.972005198692,38.0858707706789,"GCS","NAD83","Garmin",2016-07-09,2016-07-09,"Round","SEP","Yes","No","No","No","No","No","Yes","No","Yes","No","No","No","No",,"Yes",2016-08-02,2016-08-31,2016-08-02,2,2,2,,,,,,"No",,,"No",,,"No",,"x:x","ow:wg",,,,,,"Raw",2019-06-24 11:15:22,"swakamiya","Event","HumanObservation"
"PORE","Point Reyes National Seashore","NP25_2025","{764DC5D8-DDE7-49E6-B146-A9328A9BB8B6}","NP","North Beach - Abbott's",2025,,,"Charadrius nivosus","Western Snowy Plover","824030",-122.970052343046,38.0908860835167,"GCS","WGS84",,2025-06-30,2025-06-30,"Mini-Exclosure","SKE","Yes","No","Yes","No","No","No","Yes","No","No","No","No","No","No",2025-06-27,"No",2025-07-27,2025-08-24,2025-07-28,3,3,3,,,,,,"No",,,"No",,,"No",,"va:wo","as:yy",,,,"vellela, west of fence (moved), ME placed-2025-06-30; 3e ME ok-2025-07-02; 3 eggs, ME good. no adults around -2025-07-10; Bird incubating from distance-2025-07-15; 3e, me good. vawo incubating -2025-07-18; 3 e, me good. asyy and vawo around-2025-07-21; Ne",,"Accepted",2026-04-22 09:53:34,"ksherrill","Event","HumanObservation"
"PORE","Point Reyes National Seashore","NP26_2001","{764DC5D8-DDE7-49E6-B146-A9328A9BB8B6}","NP","North Beach - Abbott's",2001,,,"Charadrius nivosus","Western Snowy Plover","824030",-122.961798473708,38.1094722870937,"GCS","NAD83","Pro Xr",2001-07-20,,"None",,,,,,,,,,,,,"No","No",,"No",,,,3,0,0,,,,,,"No",,,"No",,,"No",,,,,,,"Predation: Raven",,"Raw",2019-06-24 11:15:22,"swakamiya","Event","HumanObservation"
"PORE","Point Reyes National Seashore","NP26_2016","{764DC5D8-DDE7-49E6-B146-A9328A9BB8B6}","NP","North Beach - Abbott's",2016,,,"Charadrius nivosus","Western Snowy Plover","824030",-122.972655602724,38.0847353149469,"GCS","NAD83","Garmin",2016-07-23,,"None","SWHE","Yes","No","No","Yes","No","No","Yes","No","No","Yes","No","No","No",,"Yes",,,,3,0,0,2016-08-05,"Depredated by Known Predator","Common raven",,,"No",,,"No",,,"No",,"x:x","Unknown",,,,"ML observed 2 CORA in vicinity of nest, likely predated moments before.",,"Raw",2019-06-24 11:15:22,"swakamiya","Event","HumanObservation"
=======
>>>>>>> origin/main
"PORE","Point Reyes National Seashore","NP05_2011","{764DC5D8-DDE7-49E6-B146-A9328A9BB8B6}","NP","North Beach - Abbott's",2011,,,"Charadrius nivosus","Western Snowy Plover","824030",-122.973615919379,38.0778768127382,"GCS","NAD83","Garmin",2011-05-29,2011-05-29,"Square","SE","Yes","No","No","No","No","No","Yes","No","No","No","No","No","No",,"No",,,,3,0,0,2011-05-30,"Abandoned","Weasel",,,"No",,,"No",,,"No","predator",,,2011-06-02,,,"Initiation date unknown, likely 5/25/11 based on recent observations. Predator thought to be a weasel. 3 eggs unhatched and unbroken rolled about 7 inches downhill from nest. Scrape and exclosure intact. Eggs rolled into the wind, 50. Cause of loss is not wind. Lots of rodent, sized tracks (round) all over exclosure substrate. Likely a weasel predated adult and knocked eggs out of scrape while capturing plover that could not excape due to exclosure. See photos.",,"Raw",2019-06-24 11:15:22,"swakamiya","Event","HumanObservation"
"PORE","Point Reyes National Seashore","NP05_2012","{764DC5D8-DDE7-49E6-B146-A9328A9BB8B6}","NP","North Beach - Abbott's",2012,,,"Charadrius nivosus","Western Snowy Plover","824030",-122.961112782554,38.1118874736619,"GCS","NAD83","Garmin",2012-07-01,2012-07-02,"Round","RKWD","No","Yes","Yes","Yes","No","No","No","Yes","No","No","No","No","Yes",2012-06-30,"No",2012-07-31,2012-08-28,,3,3,2,,,,2012-08-20,20,"No",,,"No",,,"No",,"wl:oo",,,,,,,"Raw",2019-06-24 11:15:22,"swakamiya","Event","HumanObservation"
"PORE","Point Reyes National Seashore","NP05_2014","{764DC5D8-DDE7-49E6-B146-A9328A9BB8B6}","NP","North Beach - Abbott's",2014,,,"Charadrius nivosus","Western Snowy Plover","824030",-122.966263614411,38.0984600857731,"GCS","NAD83","Garmin",2014-04-10,2014-04-11,"Round","SKWE","Yes","No","Yes","Yes","No","No","Yes","No","No","No","No","No","No",2014-04-09,"No",,,,1,0,0,2014-04-14,"Abandoned",,,,"No",,,"No",,,"No",,,,2014-04-17,"Wildlife freezer",,"Exclosed because NP03 was in the same area and failed recently.",,"Raw",2019-06-24 11:15:22,"swakamiya","Event","HumanObservation"
"PORE","Point Reyes National Seashore","NP05_2015","{764DC5D8-DDE7-49E6-B146-A9328A9BB8B6}","NP","North Beach - Abbott's",2015,,,"Charadrius nivosus","Western Snowy Plover","824030",-122.965395574808,38.1011095807837,"GCS","NAD83","Garmin",2015-04-20,2015-04-20,"Round","SVE","Yes","No","No","No","No","Yes","Yes","No","No","No","No","No","No",2015-04-18,"No",2015-05-12,,,3,2,0,,,,2015-05-13,1,"No",2015-05-13,1,"No",,,"No",,"l:v",,2015-06-14,"wildlife freezer",,,,"Raw",2019-06-24 11:15:22,"swakamiya","Event","HumanObservation"
"PORE","Point Reyes National Seashore","NP05_2016","{764DC5D8-DDE7-49E6-B146-A9328A9BB8B6}","NP","North Beach - Abbott's",2016,,,"Charadrius nivosus","Western Snowy Plover","824030",-122.969539973526,38.0910254585178,"GCS","NAD83","Garmin",2016-04-21,2016-04-21,"Round","RWVD","No","Yes","No","Yes","No","Yes","No","Yes","No","No","No","No","No",2016-04-21,"No",,,,2,0,0,2016-05-22,"Depredated by Known Predator","Great-horned owl",,,"No",,,"No",,,"No",,"x:x","l/o/l:v",,,,"Nest exclosure had a Great Horned Owl inside when ML checked for hatched.",,"Raw",2019-06-24 11:15:22,"swakamiya","Event","HumanObservation"
"PORE","Point Reyes National Seashore","NP05_2017","{764DC5D8-DDE7-49E6-B146-A9328A9BB8B6}","NP","North Beach - Abbott's",2017,,,"Charadrius nivosus","Western Snowy Plover","824030",-122.974390528055,38.0799499231615,"GCS","NAD83","Garmin",2017-05-10,2017-05-10,"Round","SKWE","Yes","No","Yes","Yes","No","No","Yes","No","No","No","No","No","No",2017-05-08,"No",2017-06-09,,2017-06-09,3,3,0,,,,2017-06-10,1,"Yes",2017-06-10,1,"Yes",2017-06-10,1,"Yes",,"as:gy","av:bb",,,,,,"Raw",2019-06-24 11:15:22,"swakamiya","Event","HumanObservation"
"PORE","Point Reyes National Seashore","NP05_2018","{764DC5D8-DDE7-49E6-B146-A9328A9BB8B6}","NP","North Beach - Abbott's",2018,,,"Charadrius nivosus","Western Snowy Plover","824030",-122.967633430758,38.0957386203979,"GCS","NAD83","Garmin",2018-05-04,,"None","SVEK","Yes","No","Yes","No","No","Yes","Yes","No","No","No","No","No","No",2018-05-04,"No",,,,1,0,0,2018-05-08,"Unknown Depredation","Unknown predator type",,,"No",,,"No",,,"No",,"x:x","x:x",,,,"Lots of tracks around nest when nest was found to have failed, but none were discernable.",,"Raw",2019-06-24 11:15:22,"swakamiya","Event","HumanObservation"
"PORE","Point Reyes National Seashore","NP05_2019","{764DC5D8-DDE7-49E6-B146-A9328A9BB8B6}","NP","North Beach - Abbott's",2019,,,"Charadrius nivosus","Western Snowy Plover","824030",-122.974801371175,38.0788955169585,"GCS","NAD83","Garmin",2019-05-25,,,"SWKE","Yes","No","Yes","Yes","No","No","Yes","No","No","No","No","No","No",2019-05-25,"No",,,,1,,,2019-05-26,"Depredated by Known Predator","Common raven",,,"No",,,"No",,,"No",,"as:gy","x:w",,,,,,"Raw",2019-08-23 13:30:24,"mlau","Event","HumanObservation"
"PORE","Point Reyes National Seashore","NP05_2020","{764DC5D8-DDE7-49E6-B146-A9328A9BB8B6}","NP","North Beach - Abbott's",2020,,,"Charadrius nivosus","Western Snowy Plover","824030",-122.97094385073,38.0880245641868,"GCS","NAD83","Garmin",2020-05-04,2020-05-04,"Round","SVKWD","Yes","No","Yes","Yes","No","Yes","No","Yes","No","No","No","No","No",,"Yes",2020-06-04,,2020-06-06,3,3,0,,,,,,"No",,,"No",,,"No",,"ao:by","x:x",,,,"Unsure of exact hatch date. Likely more than 1 hatched egg, though 2 chicks likely died within a day or two of hatch.",,"Raw",2020-09-18 11:56:18,"mjayl","Event","HumanObservation"
"PORE","Point Reyes National Seashore","NP05_2021","{764DC5D8-DDE7-49E6-B146-A9328A9BB8B6}","NP","North Beach - Abbott's",2021,,,"Charadrius nivosus","Western Snowy Plover","824030",-122.972209738254,38.0847541371763,"GCS","NAD83",,2021-05-22,,"None","SVD","Yes","No","No","No","No","Yes","No","Yes","No","No","No","No","No",2021-05-21,"No",,,,1,0,0,2021-05-25,"Depredated by Known Predator","Common raven",,,"No",,,"No",,,"No",,"as:wy?","x:w?",,,,,,"Accepted",2021-12-13 10:32:03,"EEdson","Event","HumanObservation"
"PORE","Point Reyes National Seashore","NP05_2022","{764DC5D8-DDE7-49E6-B146-A9328A9BB8B6}","NP","North Beach - Abbott's",2022,,,"Charadrius nivosus","Western Snowy Plover","824030",-122.974268732978,38.079353250689,"GCS","NAD83",,2022-04-18,2022-04-18,"Mini-Exclosure","SVE","Yes","No","No","No","No","Yes","Yes","No","No","No","No","No","No",,"Yes",2022-05-18,2022-06-14,2022-05-18,3,3,1,,,,,,"No",,,"No",,,"No",,"av:go","x:x",,,,,,"Provisional",2022-08-19 15:58:40,"mlau","Event","HumanObservation"
"PORE","Point Reyes National Seashore","NP05_2023","{764DC5D8-DDE7-49E6-B146-A9328A9BB8B6}","NP","North Beach - Abbott's",2023,,,"Charadrius nivosus","Western Snowy Plover","824030",-122.970313759866,38.089550266548,"GCS","WGS84",,2023-04-18,2023-04-20,"Mini-Exclosure","SWE","Yes","No","No","Yes","No","No","Yes","No","No","No","No","No","No",2023-04-18,"No",,,,2,0,0,2023-05-22,"Abandoned",,,,"No",,,"No",,,"No",,"vb:ya","av:va",,,,"Male likely depredated or died somehow, female consequently abandoned nest",,"Raw",2023-09-13 13:19:50,"mjayl","Event","HumanObservation"
"PORE","Point Reyes National Seashore","NP05_2024","{764DC5D8-DDE7-49E6-B146-A9328A9BB8B6}","NP","North Beach - Abbott's",2024,,,"Charadrius nivosus","Western Snowy Plover","824030",-122.970478,38.08892,"GCS","WGS84",,2024-04-22,2024-04-22,"Mini-Exclosure","SVKE","Yes","No","Yes","No","No","Yes","Yes","No","No","No","No","No","No",,"Yes",2024-05-23,2024-06-19,,3,3,1,,,,,,"No",,,"No",,,"No",,"va:wo","va:ww",,,,,,"Accepted",2026-04-22 09:55:16,"ksherrill","Event","HumanObservation"
"PORE","Point Reyes National Seashore","NP05_2025","{764DC5D8-DDE7-49E6-B146-A9328A9BB8B6}","NP","North Beach - Abbott's",2025,,,"Charadrius nivosus","Western Snowy Plover","824030",-122.972751148045,38.0835086898878,"GCS","WGS84",,2025-04-16,2025-04-16,"Round","SKWE","Yes","No","Yes","Yes","No","No","Yes","No","No","No","No","No","No",,"Yes",,,,3,0,0,2025-05-05,"Wind",,,,"No",,,"No",,,"No",,"x:x","va:yw?",,,,"15,15, 0-2025-04-16; 3e ME ok-2025-04-29; 2eggs buried in enclosure. No birds around-2025-05-05",,"Accepted",2026-04-22 09:53:34,"ksherrill","Event","HumanObservation"
"PORE","Point Reyes National Seashore","NP06_1997","{764DC5D8-DDE7-49E6-B146-A9328A9BB8B6}","NP","North Beach - Abbott's",1997,,,"Charadrius nivosus","Western Snowy Plover","824030",-122.967267909247,38.0970183298846,"GCS","NAD83","Map",1997-04-27,,,,,,,,,,,,,,,"No","No",,"No",,,,3,3,1,,,,,,"No",,,"No",,,"No",,,,,,,,,"Raw",2019-06-24 11:15:22,"swakamiya","Event","HumanObservation"
"PORE","Point Reyes National Seashore","NP06_1998","{764DC5D8-DDE7-49E6-B146-A9328A9BB8B6}","NP","North Beach - Abbott's",1998,,,"Charadrius nivosus","Western Snowy Plover","824030",-122.963168942121,38.1061920895266,"GCS","NAD83","Map",1998-05-30,,"Triangle",,,,,,,,,,,,,"No","No",,"No",,,,3,3,1,,,,,,"No",,,"No",,,"No",,"AR/YL",,,,,,,"Raw",2019-06-24 11:15:22,"swakamiya","Event","HumanObservation"
"PORE","Point Reyes National Seashore","NP06_1999","{764DC5D8-DDE7-49E6-B146-A9328A9BB8B6}","NP","North Beach - Abbott's",1999,,,"Charadrius nivosus","Western Snowy Plover","824030",-122.958896882825,38.1170600227221,"GCS","NAD83",,1999-04-26,,"Square",,,,,,,,,,,,,"No","No",,"No",,,,3,0,0,,,,,,"No",,,"No",,,"No",,,,,,,"predation - possibly by baby skunk or ruddy turnst",,"Raw",2019-06-24 11:15:22,"swakamiya","Event","HumanObservation"
"PORE","Point Reyes National Seashore","NP06_2000","{764DC5D8-DDE7-49E6-B146-A9328A9BB8B6}","NP","North Beach - Abbott's",2000,,,"Charadrius nivosus","Western Snowy Plover","824030",-122.963248845152,38.1060749489702,"GCS","NAD83",,2002-04-18,,,,,,,,,,,,,,,"No","No",,"No",,,,1,0,0,,,,,,"No",,,"No",,,"No",,,,,,,"Abandoned 1 egg",,"Raw",2019-06-24 11:15:22,"swakamiya","Event","HumanObservation"
"PORE","Point Reyes National Seashore","NP06_2001","{764DC5D8-DDE7-49E6-B146-A9328A9BB8B6}","NP","North Beach - Abbott's",2001,,,"Charadrius nivosus","Western Snowy Plover","824030",-122.97161732344,38.0863032904852,"GCS","NAD83","Pro Xr",2001-04-10,,"None",,,,,,,,,,,,,"No","No",,"No",,,,1,0,0,,,,,,"No",,,"No",,,"No",,"AR/YL","YGY/R",,,,"Predation: Unknown predator",,"Raw",2019-06-24 11:15:22,"swakamiya","Event","HumanObservation"
"PORE","Point Reyes National Seashore","NP06_2002","{764DC5D8-DDE7-49E6-B146-A9328A9BB8B6}","NP","North Beach - Abbott's",2002,,,"Charadrius nivosus","Western Snowy Plover","824030",-122.963442995035,38.1055883217361,"GCS","NAD83","Garmin 3+",2002-04-22,,"Square",,,,,,,,,,,,,"No","No",2002-04-22,"No",,,,1,0,0,,,,,,"No",,,"No",,,"No",,"RGR/W",,,,,"Predation: Raven",,"Raw",2019-06-24 11:15:22,"swakamiya","Event","HumanObservation"
"PORE","Point Reyes National Seashore","NP06_2003","{764DC5D8-DDE7-49E6-B146-A9328A9BB8B6}","NP","North Beach - Abbott's",2003,,,"Charadrius nivosus","Western Snowy Plover","824030",-122.959787425254,38.1157534864023,"GCS","NAD83","Garmin 3+",2003-05-15,,"Square",,,,,,,,,,,,,"No","No",2003-05-15,"No",,,,3,0,0,2003-05-19,"Tide",,,,"No",,,"No",,,"No",,,,,,,"washed out by tide",,"Raw",2019-06-24 11:15:22,"swakamiya","Event","HumanObservation"
"PORE","Point Reyes National Seashore","NP06_2004","{764DC5D8-DDE7-49E6-B146-A9328A9BB8B6}","NP","North Beach - Abbott's",2004,,,"Charadrius nivosus","Western Snowy Plover","824030",-122.968832123258,38.0929179521854,"GCS","NAD83","Garmin 3+",2004-05-04,,"Square",,,,,,,,,,,,,"No","No",2004-05-04,"No",2004-06-02,,,3,3,0,,,,,,"No",,,"No",,,"No",,,"YB:BY",,,,"all chicks lost at night",,"Raw",2019-06-24 11:15:22,"swakamiya","Event","HumanObservation"
"PORE","Point Reyes National Seashore","NP06_2005","{764DC5D8-DDE7-49E6-B146-A9328A9BB8B6}","NP","North Beach - Abbott's",2005,,,"Charadrius nivosus","Western Snowy Plover","824030",,,,,,2005-05-01,,"Unknown",,,,,,,,,,,,,"No","No",,"No",2005-06-06,,,3,3,2,,,,,,"No",,,"No",,,"No",,,"oy:av",,,,,,"Raw",2019-06-24 11:15:22,"swakamiya","Event","HumanObservation"
"PORE","Point Reyes National Seashore","NP06_2006","{764DC5D8-DDE7-49E6-B146-A9328A9BB8B6}","NP","North Beach - Abbott's",2006,,,"Charadrius nivosus","Western Snowy Plover","824030",,,,,,2006-05-08,,"Unknown",,,,,,,,,,,,,"No","No",,"No",,,,3,,,2006-06-23,"Eggs Non-viable",,,,"No",,,"No",,,"No",,,,,,,,,"Raw",2019-06-24 11:15:22,"swakamiya","Event","HumanObservation"
"PORE","Point Reyes National Seashore","NP06_2007","{764DC5D8-DDE7-49E6-B146-A9328A9BB8B6}","NP","North Beach - Abbott's",2007,,,"Charadrius nivosus","Western Snowy Plover","824030",,,,,,2007-05-11,,"Unknown",,,,,,,,,,,,,"No","No",,"No",2007-06-11,,,3,3,0,,,,,,"No",,,"No",,,"No",,,"x;y",,,,,,"Raw",2019-06-24 11:15:22,"swakamiya","Event","HumanObservation"
"PORE","Point Reyes National Seashore","NP06_2008","{764DC5D8-DDE7-49E6-B146-A9328A9BB8B6}","NP","North Beach - Abbott's",2008,,,"Charadrius nivosus","Western Snowy Plover","824030",,,,,,2008-06-14,,"Unknown",,,,,,,,,,,,,"No","No",,"No",,,,3,3,0,,,,,,"No",,,"No",,,"No",,,"yo:wv",,,,,,"Raw",2019-06-24 11:15:22,"swakamiya","Event","HumanObservation"
"PORE","Point Reyes National Seashore","NP06_2009","{764DC5D8-DDE7-49E6-B146-A9328A9BB8B6}","NP","North Beach - Abbott's",2009,,,"Charadrius nivosus","Western Snowy Plover","824030",-122.97458452552,38.079490313627,"GCS","NAD83",,2009-06-07,2009-06-07,"Square","RKEP","No","Yes","Yes","No","No","No","Yes","No","Yes","No","No","No","No",2009-06-05,"No",,,,3,0,0,2009-06-21,"Unknown Depredation","Unknown predator type",,,"No",,,"No",,,"No",,,,,,,"Exclosure lifted about 3"" off ground on NW corner, all tracks blown over by high winds.",,"Raw",2019-06-24 11:15:22,"swakamiya","Event","HumanObservation"
"PORE","Point Reyes National Seashore","NP06_2010","{764DC5D8-DDE7-49E6-B146-A9328A9BB8B6}","NP","North Beach - Abbott's",2010,,,"Charadrius nivosus","Western Snowy Plover","824030",-122.970236069297,38.0899080545458,"GCS","NAD83","Garmin",2010-06-28,2010-06-28,"Square","RKD","No","Yes","Yes","No","No","No","No","Yes","No","No","No","No","No",2010-06-25,"No",2010-07-26,2010-08-23,,3,3,1,,,,2010-08-07,12,"Yes",2010-08-11,16,"No",,,"No",,,,,,,,,"Raw",2019-06-24 11:15:22,"swakamiya","Event","HumanObservation"
"PORE","Point Reyes National Seashore","NP06_2011","{764DC5D8-DDE7-49E6-B146-A9328A9BB8B6}","NP","North Beach - Abbott's",2011,,,"Charadrius nivosus","Western Snowy Plover","824030",-122.966913812589,38.0982259391803,"GCS","NAD83","Garmin",2011-06-06,2011-06-06,"Square","RKEP","No","Yes","Yes","No","No","No","Yes","No","Yes","No","No","No","No",2011-06-04,"No",2011-07-06,,,3,3,0,,,,2011-07-07,1,"No",2011-07-10,4,"Yes",2011-07-24,18,"Yes",,,,,,,,,"Raw",2019-06-24 11:15:22,"swakamiya","Event","HumanObservation"
"PORE","Point Reyes National Seashore","NP06_2014","{764DC5D8-DDE7-49E6-B146-A9328A9BB8B6}","NP","North Beach - Abbott's",2014,,,"Charadrius nivosus","Western Snowy Plover","824030",-122.970327463673,38.0895025033698,"GCS","NAD83","Garmin",2014-04-11,,"None","SKWVE","Yes","No","Yes","Yes","No","Yes","Yes","No","No","No","No","No","No",2014-03-22,"No",2014-04-21,,,3,3,0,,,,2014-04-22,2,"No",2014-04-25,5,"No",2014-04-25,5,"No",,,,,,,"Did not exclose nest because found it as a 3 egg nest and it was early in the season. Additionally, in same general area as NP02 which had survived 19days without an exclosure, thought area might be good for an unexclosed nest.",,"Raw",2019-06-24 11:15:22,"swakamiya","Event","HumanObservation"
"PORE","Point Reyes National Seashore","NP06_2015","{764DC5D8-DDE7-49E6-B146-A9328A9BB8B6}","NP","North Beach - Abbott's",2015,,,"Charadrius nivosus","Western Snowy Plover","824030",-122.966879837302,38.0976941774068,"GCS","NAD83","Garmin",2015-04-28,,"None","SVE","Yes","No","No","No","No","Yes","Yes","No","No","No","No","No","No",2015-04-27,"No",,,,1,,,2015-05-04,"Unknown Depredation",,,,"No",,,"No",,,"No",,"Unknown","Unknown",,,,"Left unexclosed because up high on the beach and well covered by beach grass.",,"Raw",2019-06-24 11:15:22,"swakamiya","Event","HumanObservation"
"PORE","Point Reyes National Seashore","NP06_2016","{764DC5D8-DDE7-49E6-B146-A9328A9BB8B6}","NP","North Beach - Abbott's",2016,"OUC","Possilbe predatation by Coyote","Charadrius nivosus","Western Snowy Plover","824030",-122.970784007878,38.0885112138232,"GCS","NAD83","Garmin",2016-05-02,,"None","SWD","Yes","No","No","Yes","No","No","No","Yes","No","No","No","No","No",2016-05-01,"No",,,,2,0,0,2016-05-06,"Unknown","Coyote",,,"No",,,"No",,,"No",,"ao:by","x:x",,,,,,"Raw",2019-06-24 11:15:22,"swakamiya","Event","HumanObservation"
"PORE","Point Reyes National Seashore","NP06_2017","{764DC5D8-DDE7-49E6-B146-A9328A9BB8B6}","NP","North Beach - Abbott's",2017,,,"Charadrius nivosus","Western Snowy Plover","824030",-122.965954868812,38.1001994569115,"GCS","NAD83","Garmin",2017-05-12,,"None","RWE","No","Yes","No","Yes","No","No","Yes","No","No","No","No","No","No",,"Yes",,,,1,0,0,2017-05-12,"Unknown",,,,"No",,,"No",,,"No",,"unknown","unknown",,,,"Egg not in a scrape; no tracks; no adults w/in 350m. Dumped?",,"Raw",2019-06-24 11:15:22,"swakamiya","Event","HumanObservation"
"PORE","Point Reyes National Seashore","NP06_2018","{764DC5D8-DDE7-49E6-B146-A9328A9BB8B6}","NP","North Beach - Abbott's",2018,,,"Charadrius nivosus","Western Snowy Plover","824030",-122.971446257259,38.0863483128821,"GCS","NAD83","Garmin",2018-05-04,,"None","SKWVE","Yes","No","Yes","Yes","No","Yes","Yes","No","No","No","No","No","No",2018-04-27,"No",,,,3,0,0,2018-05-07,"Depredated by Known Predator","Common raven",,,"No",,,"No",,,"No",,"x:x","x:x",,,,,,"Raw",2019-06-24 11:15:22,"swakamiya","Event","HumanObservation"
"PORE","Point Reyes National Seashore","NP06_2019","{764DC5D8-DDE7-49E6-B146-A9328A9BB8B6}","NP","North Beach - Abbott's",2019,,,"Charadrius nivosus","Western Snowy Plover","824030",-122.972747268334,38.0835456505252,"GCS","NAD83","Garmin",2019-05-26,,,"SVWE","Yes","No","No","Yes","No","Yes","Yes","No","No","No","No","No","No",,"Yes",,,,1,,,2019-05-29,"Depredated by Known Predator","Common raven",,,"No",,,"No",,,"No",,"x:x","as:yy",,,,,,"Raw",2019-08-23 13:32:18,"mlau","Event","HumanObservation"
"PORE","Point Reyes National Seashore","NP06_2020","{764DC5D8-DDE7-49E6-B146-A9328A9BB8B6}","NP","North Beach - Abbott's",2020,,,"Charadrius nivosus","Western Snowy Plover","824030",-122.968044172963,38.0953421716828,"GCS","NAD83","Garmin",2020-05-08,,"None","SKWE","Yes","No","Yes","Yes","No","No","Yes","No","No","No","No","No","No",2020-05-07,"No",,,,1,0,0,2020-05-13,"Abandoned",,,,"No",,,"No",,,"No",,"av:gr","unk",,,,,,"Raw",2020-09-18 11:57:50,"mjayl","Event","HumanObservation"
"PORE","Point Reyes National Seashore","NP06_2021","{764DC5D8-DDE7-49E6-B146-A9328A9BB8B6}","NP","North Beach - Abbott's",2021,,,"Charadrius nivosus","Western Snowy Plover","824030",-122.973469589904,38.0820974632485,"GCS","NAD83",,2021-05-27,2021-05-27,"Mini-Exclosure","SVD","Yes","No","No","No","No","Yes","No","Yes","No","No","No","No","No",,"Yes",2021-07-02,2021-07-29,2021-07-02,3,3,2,,,,,,"No",,,"No",,,"No",,"as:wy","x:w",,,,,,"Accepted",2021-12-13 10:32:03,"EEdson","Event","HumanObservation"
"PORE","Point Reyes National Seashore","NP06_2022","{764DC5D8-DDE7-49E6-B146-A9328A9BB8B6}","NP","North Beach - Abbott's",2022,,,"Charadrius nivosus","Western Snowy Plover","824030",-122.965053332951,38.1012681037961,"GCS","NAD83",,2022-04-28,2022-04-28,"Mini-Exclosure","SVD","Yes","No","No","No","No","Yes","No","Yes","No","No","No","No","No",,"Yes",2022-05-27,,2022-05-27,3,1,0,,,,,,"No",,,"No",,,"No",,"va:ry","x:x",,,,"Adult x:s female was captured and banded va:ry - 2381-05333",,"Provisional",2022-08-19 16:00:31,"mlau","Event","HumanObservation"
"PORE","Point Reyes National Seashore","NP06_2023","{764DC5D8-DDE7-49E6-B146-A9328A9BB8B6}","NP","North Beach - Abbott's",2023,,,"Charadrius nivosus","Western Snowy Plover","824030",-122.974233368874,38.0794028122191,"GCS","WGS84",,2023-04-21,2023-04-21,"Mini-Exclosure","SVE","Yes","No","No","No","No","Yes","Yes","No","No","No","No","No","No",2023-04-21,"No",,,,3,0,0,2023-05-24,"Abandoned",,,,"No",,,"No",,,"No",,"av:ao","av:aw",,,,"av:ao female likely depredated or died, nest consequently abandoned by male",,"Raw",2023-09-13 13:22:04,"mjayl","Event","HumanObservation"
"PORE","Point Reyes National Seashore","NP06_2024","{764DC5D8-DDE7-49E6-B146-A9328A9BB8B6}","NP","North Beach - Abbott's",2024,,,"Charadrius nivosus","Western Snowy Plover","824030",-122.969,38.09252,"GCS","WGS84",,2024-04-22,2024-04-22,"Mini-Exclosure","SKWVE","Yes","No","Yes","Yes","No","Yes","Yes","No","No","No","No","No","No",,"Yes",2024-05-17,2024-06-13,2024-05-17,3,2,2,,,,,,"No",,,"No",,,"No",,"av:rg","as:yy",,,,,,"Accepted",2026-04-22 09:55:16,"ksherrill","Event","HumanObservation"
"PORE","Point Reyes National Seashore","NP06_2025","{764DC5D8-DDE7-49E6-B146-A9328A9BB8B6}","NP","North Beach - Abbott's",2025,,,"Charadrius nivosus","Western Snowy Plover","824030",-122.9709709,38.08802058,"GCS","WGS84",,2025-04-21,,,"SWE","Yes","No","No","Yes","No","No","Yes","No","No","No","No","No","No",,"No",,,,2,0,0,2025-04-25,"Depredated by Known Predator","Common raven",,,"No",,,"No",,,"No",,"av:gg","av:yb",,,,"Unable to relocate scrape",,"Accepted",2026-04-22 09:53:34,"ksherrill","Event","HumanObservation"
"PORE","Point Reyes National Seashore","NP07_1997","{764DC5D8-DDE7-49E6-B146-A9328A9BB8B6}","NP","North Beach - Abbott's",1997,,,"Charadrius nivosus","Western Snowy Plover","824030",-122.971274735938,38.0875559817551,"GCS","NAD83","Map",1997-04-30,,,,,,,,,,,,,,,"No","No",,"No",,,,1,0,0,,,,,,"No",,,"No",,,"No",,,,,,,"depredated",,"Raw",2019-06-24 11:15:22,"swakamiya","Event","HumanObservation"
"PORE","Point Reyes National Seashore","NP07_1998","{764DC5D8-DDE7-49E6-B146-A9328A9BB8B6}","NP","North Beach - Abbott's",1998,,,"Charadrius nivosus","Western Snowy Plover","824030",-122.967199419373,38.0971535020452,"GCS","NAD83","Map",1998-06-01,,"Triangle",,,,,,,,,,,,,"No","No",,"No",,,,3,3,0,,,,,,"No",,,"No",,,"No",,,,,,,,,"Raw",2019-06-24 11:15:22,"swakamiya","Event","HumanObservation"
"PORE","Point Reyes National Seashore","NP07_1999","{764DC5D8-DDE7-49E6-B146-A9328A9BB8B6}","NP","North Beach - Abbott's",1999,,,"Charadrius nivosus","Western Snowy Plover","824030",-122.961455946364,38.1100850409305,"GCS","NAD83",,1999-05-06,,"Square",,,,,,,,,,,,,"No","No",,"No",,,,3,1,0,,,,,,"No",,,"No",,,"No",,,,,,,"predation by bobcat",,"Raw",2019-06-24 11:15:22,"swakamiya","Event","HumanObservation"
"PORE","Point Reyes National Seashore","NP07_2000","{764DC5D8-DDE7-49E6-B146-A9328A9BB8B6}","NP","North Beach - Abbott's",2000,,,"Charadrius nivosus","Western Snowy Plover","824030",-122.971000818439,38.0881507569604,"GCS","NAD83",,2000-04-21,,,,,,,,,,,,,,,"No","No",,"No",,,,3,3,2,,,,,,"No",,,"No",,,"No",,,,,,,"Fledged 2",,"Raw",2019-06-24 11:15:22,"swakamiya","Event","HumanObservation"
"PORE","Point Reyes National Seashore","NP07_2001","{764DC5D8-DDE7-49E6-B146-A9328A9BB8B6}","NP","North Beach - Abbott's",2001,,,"Charadrius nivosus","Western Snowy Plover","824030",-122.969756719645,38.0908542720573,"GCS","NAD83","Pro Xr",2001-04-11,,"Square",,,,,,,,,,,,,"No","No",,"No",,,,3,0,0,,,,,,"No",,,"No",,,"No",,"L/B",,,,,"Abandoned 3 eggs",,"Raw",2019-06-24 11:15:22,"swakamiya","Event","HumanObservation"
"PORE","Point Reyes National Seashore","NP07_2002","{764DC5D8-DDE7-49E6-B146-A9328A9BB8B6}","NP","North Beach - Abbott's",2002,,,"Charadrius nivosus","Western Snowy Plover","824030",-122.970932393687,38.0881597528202,"GCS","NAD83","Garmin 3+",2002-04-29,,"Square",,,,,,,,,,,,,"No","No",2002-04-28,"No",,,,1,0,0,,,,,,"No",,,"No",,,"No",,"OG/YV","YB/BY",,,,"Predation: Unknown mammal",,"Raw",2019-06-24 11:15:22,"swakamiya","Event","HumanObservation"
"PORE","Point Reyes National Seashore","NP07_2003","{764DC5D8-DDE7-49E6-B146-A9328A9BB8B6}","NP","North Beach - Abbott's",2003,,,"Charadrius nivosus","Western Snowy Plover","824030",-122.968169784354,38.0949726828792,"GCS","NAD83","Garmin 3+",2003-05-14,,"Square",,,,,,,,,,,,,"No","No",2003-05-14,"No",2003-06-10,,,3,3,1,,,,,,"No",,,"No",,,"No",,,,,,," both chicks lost at night 8 and 9 days",,"Raw",2019-06-24 11:15:22,"swakamiya","Event","HumanObservation"
"PORE","Point Reyes National Seashore","NP07_2004","{764DC5D8-DDE7-49E6-B146-A9328A9BB8B6}","NP","North Beach - Abbott's",2004,,,"Charadrius nivosus","Western Snowy Plover","824030",-122.968866431648,38.0926926423508,"GCS","NAD83","Garmin 3+",2004-05-05,,"Square",,,,,,,,,,,,,"No","No",2004-05-05,"No",2004-06-03,,,3,3,0,,,,,,"No",,,"No",,,"No",,,,,,,"all lost at night",,"Raw",2019-06-24 11:15:22,"swakamiya","Event","HumanObservation"
"PORE","Point Reyes National Seashore","NP07_2005","{764DC5D8-DDE7-49E6-B146-A9328A9BB8B6}","NP","North Beach - Abbott's",2005,,,"Charadrius nivosus","Western Snowy Plover","824030",,,,,,2005-05-04,,"Unknown",,,,,,,,,,,,,"No","No",,"No",2005-06-07,,,3,3,2,,,,,,"No",,,"No",,,"No",,"w:y",":b",,,,,,"Raw",2019-06-24 11:15:22,"swakamiya","Event","HumanObservation"
"PORE","Point Reyes National Seashore","NP07_2006","{764DC5D8-DDE7-49E6-B146-A9328A9BB8B6}","NP","North Beach - Abbott's",2006,,,"Charadrius nivosus","Western Snowy Plover","824030",,,,,,2006-05-10,,"Unknown",,,,,,,,,,,,,"No","No",,"No",,,,3,,,2006-06-09,"Abandoned",,,,"No",,,"No",,,"No",,,,,,,,,"Raw",2019-06-24 11:15:22,"swakamiya","Event","HumanObservation"
"PORE","Point Reyes National Seashore","NP07_2007","{764DC5D8-DDE7-49E6-B146-A9328A9BB8B6}","NP","North Beach - Abbott's",2007,,,"Charadrius nivosus","Western Snowy Plover","824030",,,,,,2007-05-12,,"Unknown",,,,,,,,,,,,,"No","No",,"No",2007-06-13,,,3,3,1,,,,,,"No",,,"No",,,"No",,,,,,,,,"Raw",2019-06-24 11:15:22,"swakamiya","Event","HumanObservation"
"PORE","Point Reyes National Seashore","NP07_2008","{764DC5D8-DDE7-49E6-B146-A9328A9BB8B6}","NP","North Beach - Abbott's",2008,,,"Charadrius nivosus","Western Snowy Plover","824030",,,,,,2008-06-18,,"Unknown",,,,,,,,,,,,,"No","No",,"No",,,,3,2,0,,,,,,"No",,,"No",,,"No",,"wo:bo",,,,,,,"Raw",2019-06-24 11:15:22,"swakamiya","Event","HumanObservation"
"PORE","Point Reyes National Seashore","NP07_2009","{764DC5D8-DDE7-49E6-B146-A9328A9BB8B6}","NP","North Beach - Abbott's",2009,,,"Charadrius nivosus","Western Snowy Plover","824030",-122.96469899109,38.102866858457,"GCS","NAD83",,2009-06-23,2009-06-23,"Square","RTE","No","Yes","No","No","Yes","No","Yes","No","No","No","No","No","No",2009-06-20,"No",2009-07-21,2009-08-20,,3,3,1,,,,2009-07-23,2,"No",2009-07-23,2,"No",,,"No",,,,,,,"lost 2 chicks at 3 days old (7/21-7/26).",,"Raw",2019-06-24 11:15:22,"swakamiya","Event","HumanObservation"
"PORE","Point Reyes National Seashore","NP07_2010","{764DC5D8-DDE7-49E6-B146-A9328A9BB8B6}","NP","North Beach - Abbott's",2010,,,"Charadrius nivosus","Western Snowy Plover","824030",-122.960987600364,38.1113286430239,"GCS","NAD83","Garmin",2010-07-09,2010-07-09,"Square","RKEP","No","Yes","Yes","No","No","No","Yes","No","Yes","No","No","No","No",2010-07-06,"No",2010-08-06,2010-09-03,,2,2,1,,,,2010-08-08,2,"Yes",,,"No",,,"No",,,,,,,,,"Raw",2019-06-24 11:15:22,"swakamiya","Event","HumanObservation"
"PORE","Point Reyes National Seashore","NP07_2011","{764DC5D8-DDE7-49E6-B146-A9328A9BB8B6}","NP","North Beach - Abbott's",2011,,,"Charadrius nivosus","Western Snowy Plover","824030",-122.961169871135,38.1117883525376,"GCS","NAD83","Garmin",2011-06-10,2011-06-10,"Square","RTE","No","Yes","No","No","Yes","No","Yes","No","No","No","No","No","Yes",2011-06-08,"No",2011-07-09,2011-08-06,,3,3,3,,,,,,"No",,,"No",,,"No",,,,,,,,,"Raw",2019-06-24 11:15:22,"swakamiya","Event","HumanObservation"
"PORE","Point Reyes National Seashore","NP07_2014","{764DC5D8-DDE7-49E6-B146-A9328A9BB8B6}","NP","North Beach - Abbott's",2014,,,"Charadrius nivosus","Western Snowy Plover","824030",-122.966034731659,38.1001454035482,"GCS","NAD83","Garmin",2014-04-14,2014-04-17,"Round","RKWTE","No","Yes","Yes","Yes","Yes","No","Yes","No","No","No","No","No","No",2014-04-13,"No",2014-05-16,,,3,2,0,,,,2014-05-21,6,"No",2014-05-28,13,"No",,,"No",,,,2014-06-10,"Wildlife freezer",,"Exclosed due to NP01, NP03 and NP04 failures in the same general area.",,"Raw",2019-06-24 11:15:22,"swakamiya","Event","HumanObservation"
"PORE","Point Reyes National Seashore","NP07_2015","{764DC5D8-DDE7-49E6-B146-A9328A9BB8B6}","NP","North Beach - Abbott's",2015,,,"Charadrius nivosus","Western Snowy Plover","824030",-122.970544160058,38.0894394685483,"GCS","NAD83","Garmin",2015-05-04,,"None","SKD","Yes","No","Yes","No","No","No","No","Yes","No","No","No","No","No",,"No",,,,3,,,2015-05-08,"Failed - Unknown",,,,"No",,,"No",,,"No",,,"Unknown",,,,"scrape area was tide washed, unsure if depredated before tide washed out scrape, couldn't find exact location of scrape again, no sign of eggs. Resulted in failed unknown. Left unexclosed on purpose, nest in velella and thought it might be safe.",,"Raw",2019-06-24 11:15:22,"swakamiya","Event","HumanObservation"
"PORE","Point Reyes National Seashore","NP07_2016","{764DC5D8-DDE7-49E6-B146-A9328A9BB8B6}","NP","North Beach - Abbott's",2016,"OUC","Predator Type for Coyote unsure","Charadrius nivosus","Western Snowy Plover","824030",-122.9663093508,38.098207741934,"GCS","NAD83","Garmin",2016-05-06,,"None","RWTE","No","Yes","No","Yes","Yes","No","Yes","No","No","No","No","No","No",2016-05-05,"No",,,,1,0,0,2016-05-09,"Unknown","Coyote",,,"No",,,"No",,,"No",,"x:x","x:x",,,,,,"Raw",2019-06-24 11:15:22,"swakamiya","Event","HumanObservation"
"PORE","Point Reyes National Seashore","NP07_2017","{764DC5D8-DDE7-49E6-B146-A9328A9BB8B6}","NP","North Beach - Abbott's",2017,,,"Charadrius nivosus","Western Snowy Plover","824030",-122.970738246232,38.0888807257419,"GCS","NAD83","Garmin",2017-05-17,,"None","RKWEP","No","Yes","Yes","Yes","No","No","Yes","No","Yes","No","No","No","No",,"Yes",,,,1,0,0,2017-05-18,"Unknown",,,,"No",,,"No",,,"No",,"x:x","x:x",,,,,,"Raw",2019-06-24 11:15:22,"swakamiya","Event","HumanObservation"
"PORE","Point Reyes National Seashore","NP07_2018","{764DC5D8-DDE7-49E6-B146-A9328A9BB8B6}","NP","North Beach - Abbott's",2018,,,"Charadrius nivosus","Western Snowy Plover","824030",-122.973843502229,38.0791566782583,"GCS","NAD83","Garmin",2018-05-07,2018-05-11,"Round","RVWE","No","Yes","No","Yes","No","Yes","Yes","No","No","No","No","No","No",2018-05-07,"No",2018-06-11,,2018-06-11,3,3,0,,"Unknown",,,,"No",,,"No",,,"No",,"x:x","x:x",,,,,,"Raw",2019-06-24 11:15:22,"swakamiya","Event","HumanObservation"
"PORE","Point Reyes National Seashore","NP07_2019","{764DC5D8-DDE7-49E6-B146-A9328A9BB8B6}","NP","North Beach - Abbott's",2019,,,"Charadrius nivosus","Western Snowy Plover","824030",-122.969300052731,38.0920708761419,"GCS","NAD83","Garmin",2019-05-29,,,"SKWE","Yes","No","Yes","Yes","No","No","Yes","No","No","No","No","No","No",2019-05-29,"No",,,,1,,,2019-05-31,"Depredated by Known Predator","Common raven",,,"No",,,"No",,,"No",,"x:x","as:yy",,,,,,"Raw",2019-08-23 13:34:05,"mlau","Event","HumanObservation"
"PORE","Point Reyes National Seashore","NP07_2020","{764DC5D8-DDE7-49E6-B146-A9328A9BB8B6}","NP","North Beach - Abbott's",2020,,,"Charadrius nivosus","Western Snowy Plover","824030",-122.970247319668,38.0902865933716,"GCS","NAD83","Garmin",2020-05-16,,"None","SWKE","Yes","No","Yes","Yes","No","No","Yes","No","No","No","No","No","No",2020-05-16,"No",,,,1,0,0,2020-05-19,"Abandoned",,,,"No",,,"No",,,"No",,"unk","unk",,,,"Potentially an egg dump",,"Raw",2020-09-18 11:59:11,"mjayl","Event","HumanObservation"
"PORE","Point Reyes National Seashore","NP07_2021","{764DC5D8-DDE7-49E6-B146-A9328A9BB8B6}","NP","North Beach - Abbott's",2021,,,"Charadrius nivosus","Western Snowy Plover","824030",-122.9698834381,38.0905262401206,"GCS","NAD83",,2021-05-27,2021-05-27,"Mini-Exclosure",,,,,,,,,,,,,"No","No",2021-05-27,"No",2021-07-01,2021-07-28,2021-07-01,3,3,2,,,,,,"No",,,"No",,,"No",,"av:rg","as:yy",,,,"No nest microsite data collected.",,"Accepted",2021-12-13 10:32:03,"EEdson","Event","HumanObservation"
"PORE","Point Reyes National Seashore","NP07_2022","{764DC5D8-DDE7-49E6-B146-A9328A9BB8B6}","NP","North Beach - Abbott's",2022,,,"Charadrius nivosus","Western Snowy Plover","824030",-122.972598930488,38.0838169004484,"GCS","NAD83",,2022-05-11,2022-05-11,"Mini-Exclosure","SWD","Yes","No","No","Yes","No","No","No","Yes","No","No","No","No","No",2022-05-11,"No",,,,3,0,0,2022-05-20,"Wind",,,,"No",,,"No",,,"No",,"as:wy","Po:aa",,,,"Harsh winds likely influenced eggs to roll out of nest cup and out of exclosure. A lot of CORA tracks in area, including one set leading up to 1 egg shell nearby.",,"Provisional",2022-11-01 11:05:19,"mlau","Event","HumanObservation"
"PORE","Point Reyes National Seashore","NP07_2023","{764DC5D8-DDE7-49E6-B146-A9328A9BB8B6}","NP","North Beach - Abbott's",2023,,,"Charadrius nivosus","Western Snowy Plover","824030",-122.961064183161,38.1110366550153,"GCS","WGS84",,2023-04-25,2023-04-25,"Mini-Exclosure","SVE","Yes","No","No","No","No","Yes","Yes","No","No","No","No","No","Yes",,"Yes",2023-05-21,,,3,3,0,,,,,,"No",,,"No",,,"No",,"av:ob","x:x?",,,,,,"Raw",2023-09-13 13:23:18,"mjayl","Event","HumanObservation"
"PORE","Point Reyes National Seashore","NP07_2024","{764DC5D8-DDE7-49E6-B146-A9328A9BB8B6}","NP","North Beach - Abbott's",2024,,,"Charadrius nivosus","Western Snowy Plover","824030",-122.9669,38.097456,"GCS","WGS84",,2024-04-22,2024-04-22,"Mini-Exclosure","SWD","Yes","No","No","Yes","No","No","No","Yes","No","No","No","No","No",2024-04-20,"No",2024-05-20,2024-06-16,2024-05-20,2,2,0,,,,,,"No",,,"No",,,"No",,"av:rr","va:ya",,,,,,"Accepted",2026-04-22 09:55:16,"ksherrill","Event","HumanObservation"
"PORE","Point Reyes National Seashore","NP07_2025","{764DC5D8-DDE7-49E6-B146-A9328A9BB8B6}","NP","North Beach - Abbott's",2025,,,"Charadrius nivosus","Western Snowy Plover","824030",-122.962965935572,38.1073539593564,"GCS","WGS84",,2025-04-25,2025-04-25,"Mini-Exclosure","SWE","Yes","No","No","Yes","No","No","Yes","No","No","No","No","No","Yes",,"No",2025-05-19,2025-06-16,,3,2,0,,,,,,"No",,,"No",,,"No",,"va:wv","av:ay",,,,"vawv still incubates -2025-05-09; 1 cracked, 2 no sign-2025-05-16; 1 pipped 1 crack/tap. vawvF and rvrbM appear to be associated. avryM usual trouble-2025-05-19",,"Accepted",2026-04-22 09:53:34,"ksherrill","Event","HumanObservation"
"PORE","Point Reyes National Seashore","NP08_1997","{764DC5D8-DDE7-49E6-B146-A9328A9BB8B6}","NP","North Beach - Abbott's",1997,,,"Charadrius nivosus","Western Snowy Plover","824030",-122.961763651815,38.1106259052686,"GCS","NAD83","Map",1997-05-05,,,,,,,,,,,,,,,"No","No",,"No",,,,2,0,0,,,,,,"No",,,"No",,,"No",,,,,,,"depredated",,"Raw",2019-06-24 11:15:22,"swakamiya","Event","HumanObservation"
"PORE","Point Reyes National Seashore","NP08_1998","{764DC5D8-DDE7-49E6-B146-A9328A9BB8B6}","NP","North Beach - Abbott's",1998,,,"Charadrius nivosus","Western Snowy Plover","824030",-122.969688076348,38.0913860071981,"GCS","NAD83","Map",1998-06-24,,"Triangle",,,,,,,,,,,,,"No","No",,"No",,,,3,3,3,,,,,,"No",,,"No",,,"No",,,"YGY/R",,,,,,"Raw",2019-06-24 11:15:22,"swakamiya","Event","HumanObservation"
"PORE","Point Reyes National Seashore","NP08_1999","{764DC5D8-DDE7-49E6-B146-A9328A9BB8B6}","NP","North Beach - Abbott's",1999,,,"Charadrius nivosus","Western Snowy Plover","824030",-122.966195104732,38.0986313083015,"GCS","NAD83",,1999-05-17,,"Triangle",,,,,,,,,,,,,"No","No",,"No",,,,3,3,3,,,,,,"No",,,"No",,,"No",,"AR/YL",,,,,,,"Raw",2019-06-24 11:15:22,"swakamiya","Event","HumanObservation"
"PORE","Point Reyes National Seashore","NP08_2000","{764DC5D8-DDE7-49E6-B146-A9328A9BB8B6}","NP","North Beach - Abbott's",2000,,,"Charadrius nivosus","Western Snowy Plover","824030",-122.959136350866,38.117240360644,"GCS","NAD83",,2000-05-09,,,,,,,,,,,,,,,"No","No",,"No",,,,3,3,0,,,,,,"No",,,"No",,,"No",,,,,,,"Fledged 0",,"Raw",2019-06-24 11:15:22,"swakamiya","Event","HumanObservation"
"PORE","Point Reyes National Seashore","NP08_2001","{764DC5D8-DDE7-49E6-B146-A9328A9BB8B6}","NP","North Beach - Abbott's",2001,,,"Charadrius nivosus","Western Snowy Plover","824030",-122.969471395972,38.0913949638674,"GCS","NAD83","Pro Xr",2001-04-18,,"None",,,,,,,,,,,,,"No","No",,"No",,,,3,3,0,,,,,,"No",,,"No",,,"No",,"AR/YL","YGY/R",,,,"Fledged 0",,"Raw",2019-06-24 11:15:22,"swakamiya","Event","HumanObservation"
"PORE","Point Reyes National Seashore","NP08_2002","{764DC5D8-DDE7-49E6-B146-A9328A9BB8B6}","NP","North Beach - Abbott's",2002,,,"Charadrius nivosus","Western Snowy Plover","824030",-122.963968323907,38.1042816369335,"GCS","NAD83","Garmin 3+",2002-04-29,,"None",,,,,,,,,,,,,"No","No",2002-04-28,"No",,,,1,0,0,,,,,,"No",,,"No",,,"No",,,"YG/YR",,,,"Abandoned 1 egg",,"Raw",2019-06-24 11:15:22,"swakamiya","Event","HumanObservation"
"PORE","Point Reyes National Seashore","NP08_2003","{764DC5D8-DDE7-49E6-B146-A9328A9BB8B6}","NP","North Beach - Abbott's",2003,,,"Charadrius nivosus","Western Snowy Plover","824030",-122.969768275791,38.0904847518517,"GCS","NAD83","Garmin 3+",2003-05-19,,"Square",,,,,,,,,,,,,"No","No",2003-05-19,"No",2003-06-18,,,3,2,1,,,,,,"No",,,"No",,,"No",,,,,,,"only 2 eggs hatched 1 chick lost at 5 days old",,"Raw",2019-06-24 11:15:22,"swakamiya","Event","HumanObservation"
"PORE","Point Reyes National Seashore","NP08_2004","{764DC5D8-DDE7-49E6-B146-A9328A9BB8B6}","NP","North Beach - Abbott's",2004,,,"Charadrius nivosus","Western Snowy Plover","824030",-122.961809805472,38.1096164944775,"GCS","NAD83","Garmin 3+",2004-06-01,,"Square",,,,,,,,,,,,,"No","No",2004-06-01,"No",2004-06-30,,,3,3,2,,,,,,"No",,,"No",,,"No",,"PA:AP","-:B",,,,"in same exclosure as pair's 1st nest /1 lost night",,"Raw",2019-06-24 11:15:22,"swakamiya","Event","HumanObservation"
"PORE","Point Reyes National Seashore","NP08_2005","{764DC5D8-DDE7-49E6-B146-A9328A9BB8B6}","NP","North Beach - Abbott's",2005,,,"Charadrius nivosus","Western Snowy Plover","824030",,,,,,2005-05-05,,"Unknown",,,,,,,,,,,,,"No","No",,"No",2005-06-10,,,3,3,2,,,,,,"No",,,"No",,,"No",,,,,,,,,"Raw",2019-06-24 11:15:22,"swakamiya","Event","HumanObservation"
"PORE","Point Reyes National Seashore","NP08_2006","{764DC5D8-DDE7-49E6-B146-A9328A9BB8B6}","NP","North Beach - Abbott's",2006,,,"Charadrius nivosus","Western Snowy Plover","824030",,,,,,2006-06-05,,,,,,,,,,,,,,,"No","No",,"No",2006-06-26,,,3,3,0,,,,,,"No",,,"No",,,"No",,,,,,,,,"Raw",2019-06-24 11:15:22,"swakamiya","Event","HumanObservation"
"PORE","Point Reyes National Seashore","NP08_2007","{764DC5D8-DDE7-49E6-B146-A9328A9BB8B6}","NP","North Beach - Abbott's",2007,,,"Charadrius nivosus","Western Snowy Plover","824030",,,,,,2007-05-14,,"Unknown",,,,,,,,,,,,,"No","No",,"No",2007-06-10,,,3,3,2,,,,,,"No",,,"No",,,"No",,,,,,,,,"Raw",2019-06-24 11:15:22,"swakamiya","Event","HumanObservation"
"PORE","Point Reyes National Seashore","NP08_2008","{764DC5D8-DDE7-49E6-B146-A9328A9BB8B6}","NP","North Beach - Abbott's",2008,,,"Charadrius nivosus","Western Snowy Plover","824030",,,,,,2008-06-24,,"Unknown",,,,,,,,,,,,,"No","No",,"No",,,,3,0,,,"Tide",,,,"No",,,"No",,,"No",,,,,,,,,"Raw",2019-06-24 11:15:22,"swakamiya","Event","HumanObservation"
<<<<<<< HEAD
"PORE","Point Reyes National Seashore","NP08_2009","{764DC5D8-DDE7-49E6-B146-A9328A9BB8B6}","NP","North Beach - Abbott's",2009,,,"Charadrius nivosus","Western Snowy Plover","824030",-122.958782919104,38.1168526902425,"GCS","NAD83",,2009-06-23,2009-06-23,"Square","RVE","No","Yes","No","No","No","Yes","Yes","No","No","No","No","Yes","No",2009-06-22,"No",2009-07-26,2009-08-23,,3,3,2,,,,2009-07-28,2,"No",,,"No",,,"No",,,"yo/w",,,,"lost one chick at 0-4 days.",,"Raw",2019-06-24 11:15:22,"swakamiya","Event","HumanObservation"
"PORE","Point Reyes National Seashore","NP08_2010","{764DC5D8-DDE7-49E6-B146-A9328A9BB8B6}","NP","North Beach - Abbott's",2010,,,"Charadrius nivosus","Western Snowy Plover","824030",-122.962506278456,38.1083369108223,"GCS","NAD83","Garmin",2010-07-15,2010-07-15,"Square","RKEP","No","Yes","Yes","No","No","No","Yes","No","Yes","No","No","No","No",2010-07-15,"No",,,,1,0,0,2010-07-16,"Abandoned",,,,"No",,,"No",,,"No","Ship wreck in immediate vicinity, helo, ATV, SAR",,,,,,"Nest found day after ship wreck occurred immediately off shore from nest and pieces of debris were surrounding nest.  This area received frequent disturbance over the next 3 days as SAR operations involved helicopters, ATV's, and multiple personnel on foot in immediate vicinity of nest.",,"Raw",2019-06-24 11:15:22,"swakamiya","Event","HumanObservation"
"PORE","Point Reyes National Seashore","NP08_2011","{764DC5D8-DDE7-49E6-B146-A9328A9BB8B6}","NP","North Beach - Abbott's",2011,,,"Charadrius nivosus","Western Snowy Plover","824030",-122.958770619273,38.1184389244215,"GCS","NAD83","Garmin",2011-06-14,2011-06-14,"Square","RKEP","No","Yes","Yes","No","No","No","Yes","No","Yes","No","No","No","No",2011-06-12,"No",2011-07-14,2011-08-11,,3,1,1,,,,,,"No",,,"No",,,"No","tide",,,2011-07-16,,,"tide washed over nest, lost one egg, one egg hatched and one was collected",,"Raw",2019-06-24 11:15:22,"swakamiya","Event","HumanObservation"
"PORE","Point Reyes National Seashore","NP08_2014","{764DC5D8-DDE7-49E6-B146-A9328A9BB8B6}","NP","North Beach - Abbott's",2014,,,"Charadrius nivosus","Western Snowy Plover","824030",-122.97023608757,38.089862990742,"GCS","NAD83","Garmin",2014-04-19,,"None","SKWE","Yes","No","Yes","Yes","No","No","Yes","No","No","No","No","No","No",2014-04-18,"No",,,,1,0,0,2014-04-23,"Unknown Depredation",,,,"No",,,"No",,,"No",,,,,,,"Did not exclose initially because no exclosure material in the area, and wanted to use NP02 exclosure once it hatched. NP08 failed before NP02 hatched and could exclose.",,"Raw",2019-06-24 11:15:22,"swakamiya","Event","HumanObservation"
"PORE","Point Reyes National Seashore","NP08_2015","{764DC5D8-DDE7-49E6-B146-A9328A9BB8B6}","NP","North Beach - Abbott's",2015,,,"Charadrius nivosus","Western Snowy Plover","824030",-122.969733681331,38.0914130572306,"GCS","NAD83","Garmin",2015-05-08,,"None","RKWE","No","Yes","Yes","Yes","No","No","Yes","No","No","No","No","No","No",2015-05-07,"No",,,,1,,,2015-05-13,"Abandoned",,,,"No",,,"No",,,"No",,"Unknown","Unknown",,,,"Planning to exclose at a latter data but abandoned before I could.",,"Raw",2019-06-24 11:15:22,"swakamiya","Event","HumanObservation"
"PORE","Point Reyes National Seashore","NP08_2016","{764DC5D8-DDE7-49E6-B146-A9328A9BB8B6}","NP","North Beach - Abbott's",2016,,,"Charadrius nivosus","Western Snowy Plover","824030",-122.974482175197,38.078715192512,"GCS","NAD83","Garmin",2016-05-09,2016-05-09,"Round","RWD","No","Yes","No","Yes","No","No","No","Yes","No","No","No","No","No",2016-05-08,"No",2016-06-15,,2016-06-03,3,1,0,,,,2016-06-24,9,"No",,,"No",,,"No",,"x:x","ow:wg",,,,,,"Raw",2019-06-24 11:15:22,"swakamiya","Event","HumanObservation"
"PORE","Point Reyes National Seashore","NP08_2017","{764DC5D8-DDE7-49E6-B146-A9328A9BB8B6}","NP","North Beach - Abbott's",2017,,,"Charadrius nivosus","Western Snowy Plover","824030",-122.97225643982,38.0848884384761,"GCS","NAD83","Garmin",2017-05-20,,"None","SWE","Yes","No","No","Yes","No","No","Yes","No","No","No","No","No","No",2017-05-20,"No",,,,1,0,0,2017-05-24,"Depredated by Known Predator","Common raven",,,"No",,,"No",,,"No",,"x:x","as:or",,,,,,"Raw",2019-06-24 11:15:22,"swakamiya","Event","HumanObservation"
"PORE","Point Reyes National Seashore","NP08_2018","{764DC5D8-DDE7-49E6-B146-A9328A9BB8B6}","NP","North Beach - Abbott's",2018,,,"Charadrius nivosus","Western Snowy Plover","824030",-122.973364864323,38.0784625867949,"GCS","NAD83","Garmin",2018-05-11,2018-05-11,"Round","RVD","No","Yes","No","No","No","Yes","No","Yes","No","No","No","No","No",,"Yes",,,,3,0,0,2018-06-12,"Abandoned",,,,"No",,,"No",,,"No",,"x:x","x:x",,,,"Nest was abandoned a day or two before hatch, for unknown reasons. M. Lau checked eggs and found at least two cracked and tapping. No adults were seen in the area by 6/9/18. For a few days, until 6/12/18, the nest was checked but no adults were observed in the area on each of these days.",,"Raw",2019-06-24 11:15:22,"swakamiya","Event","HumanObservation"
"PORE","Point Reyes National Seashore","NP08_2019","{764DC5D8-DDE7-49E6-B146-A9328A9BB8B6}","NP","North Beach - Abbott's",2019,,,"Charadrius nivosus","Western Snowy Plover","824030",-122.960096686887,38.1134553473677,"GCS","NAD83","Garmin",2019-05-31,,,"SVWD","Yes","No","No","Yes","No","Yes","No","Yes","No","No","No","Yes","Yes",,"Yes",,,,3,,,2019-06-03,"Depredated by Known Predator","Common raven",,,"No",,,"No",,,"No",,"x:s","?",,,,,,"Raw",2019-08-23 13:35:28,"mlau","Event","HumanObservation"
"PORE","Point Reyes National Seashore","NP08_2020","{764DC5D8-DDE7-49E6-B146-A9328A9BB8B6}","NP","North Beach - Abbott's",2020,,,"Charadrius nivosus","Western Snowy Plover","824030",-122.969528423627,38.0913769531496,"GCS","NAD83","Garmin",2020-05-16,2020-05-16,"Round","SVWTE","Yes","No","No","Yes","Yes","Yes","Yes","No","No","No","No","No","No",,"Yes",2020-06-11,,2020-06-11,3,3,0,,,,,,"No",,,"No",,,"No",,"x:x","as:yy",,,,,,"Provisional",2020-09-18 12:04:19,"mjayl","Event","HumanObservation"
"PORE","Point Reyes National Seashore","NP08_2021","{764DC5D8-DDE7-49E6-B146-A9328A9BB8B6}","NP","North Beach - Abbott's",2021,,,"Charadrius nivosus","Western Snowy Plover","824030",-122.971514708236,38.0862672145886,"GCS","NAD83",,2021-06-17,2021-06-17,"Mini-Exclosure","SWVE","Yes","No","No","Yes","No","Yes","Yes","No","No","No","No","No","No",,"Yes",2021-07-16,2021-08-11,2021-07-16,3,3,3,,,,,,"No",,,"No",,,"No",,"x:x","x:x",,,,,,"Accepted",2021-12-13 10:32:03,"EEdson","Event","HumanObservation"
"PORE","Point Reyes National Seashore","NP08_2022","{764DC5D8-DDE7-49E6-B146-A9328A9BB8B6}","NP","North Beach - Abbott's",2022,,,"Charadrius nivosus","Western Snowy Plover","824030",-122.973258501487,38.0824831621095,"GCS","NAD83",,2022-05-17,2022-05-18,"Mini-Exclosure","SVD","Yes","No","No","No","No","Yes","No","Yes","No","No","No","No","No",2022-05-17,"No",,,,1,0,0,2022-05-20,"Wind",,,,"No",,,"No",,,"No",,"x:x","x:w",,,,,,"Provisional",2022-11-01 11:05:27,"mlau","Event","HumanObservation"
"PORE","Point Reyes National Seashore","NP08_2023","{764DC5D8-DDE7-49E6-B146-A9328A9BB8B6}","NP","North Beach - Abbott's",2023,,,"Charadrius nivosus","Western Snowy Plover","824030",-122.966360482423,38.0986250458364,"GCS","WGS84",,2023-05-01,2023-05-01,"Mini-Exclosure","SWE","Yes","No","No","Yes","No","No","Yes","No","No","No","No","No","No",2023-04-30,"No",2023-06-01,2023-06-28,2023-06-01,3,3,0,,,,,,"No",,,"No",,,"No",,"va:wo","va:ww",,,,,,"Raw",2023-09-13 13:24:45,"mjayl","Event","HumanObservation"
"PORE","Point Reyes National Seashore","NP08_2024","{764DC5D8-DDE7-49E6-B146-A9328A9BB8B6}","NP","North Beach - Abbott's",2024,,,"Charadrius nivosus","Western Snowy Plover","824030",-122.9599,38.11353,"GCS","WGS84",,2024-05-01,2024-05-01,"Mini-Exclosure","SWE","Yes","No","No","Yes","No","No","Yes","No","No","No","No","No","Yes",,"Yes",2024-05-21,,2024-05-21,3,1,0,,,,,,"No",,,"No",,,"No",,"rv:xx","av:gr",,,,,,"Accepted",2026-04-22 09:55:16,"ksherrill","Event","HumanObservation"
"PORE","Point Reyes National Seashore","NP08_2025","{764DC5D8-DDE7-49E6-B146-A9328A9BB8B6}","NP","North Beach - Abbott's",2025,,,"Charadrius nivosus","Western Snowy Plover","824030",-122.959371728804,38.1164527091417,"GCS","WGS84",,2025-04-25,2025-04-25,"Square","SWE","Yes","No","No","Yes","No","No","Yes","No","No","No","No","No","Yes",,"No",,,,3,0,0,2025-05-06,"Wind",,,,"No",,,"No",,,"No",,"av:vg","unknown",,,,"3 eggs buried and no tracks present around exclosure. Abandoned. Buried eggs deeper",,"Accepted",2026-04-22 09:53:34,"ksherrill","Event","HumanObservation"
"PORE","Point Reyes National Seashore","NP09_1997","{764DC5D8-DDE7-49E6-B146-A9328A9BB8B6}","NP","North Beach - Abbott's",1997,,,"Charadrius nivosus","Western Snowy Plover","824030",-122.96844398667,38.0938281369847,"GCS","NAD83","Map",1997-05-06,,,,,,,,,,,,,,,"No","No",,"No",,,,3,3,1,,,,,,"No",,,"No",,,"No",,,,,,,,,"Raw",2019-06-24 11:15:22,"swakamiya","Event","HumanObservation"
"PORE","Point Reyes National Seashore","NP09_1998","{764DC5D8-DDE7-49E6-B146-A9328A9BB8B6}","NP","North Beach - Abbott's",1998,,,"Charadrius nivosus","Western Snowy Plover","824030",-122.966172136532,38.0989737861112,"GCS","NAD83","Map",1998-07-05,,"Triangle",,,,,,,,,,,,,"No","No",,"No",,,,3,3,1,,,,,,"No",,,"No",,,"No",,,"GW/RB",,,,,,"Raw",2019-06-24 11:15:22,"swakamiya","Event","HumanObservation"
"PORE","Point Reyes National Seashore","NP09_1999","{764DC5D8-DDE7-49E6-B146-A9328A9BB8B6}","NP","North Beach - Abbott's",1999,,,"Charadrius nivosus","Western Snowy Plover","824030",-122.963991162522,38.104227567498,"GCS","NAD83",,1999-05-19,,"Triangle",,,,,,,,,,,,,"No","No",,"No",,,,3,3,3,,,,,,"No",,,"No",,,"No",,,,,,,,,"Raw",2019-06-24 11:15:22,"swakamiya","Event","HumanObservation"
"PORE","Point Reyes National Seashore","NP09_2000","{764DC5D8-DDE7-49E6-B146-A9328A9BB8B6}","NP","North Beach - Abbott's",2000,,,"Charadrius nivosus","Western Snowy Plover","824030",-122.96061026473,38.1130048843888,"GCS","NAD83",,2000-05-12,,,,,,,,,,,,,,,"No","No",,"No",,,,3,3,0,,,,,,"No",,,"No",,,"No",,,,,,,"Fledged 0",,"Raw",2019-06-24 11:15:22,"swakamiya","Event","HumanObservation"
"PORE","Point Reyes National Seashore","NP09_2001","{764DC5D8-DDE7-49E6-B146-A9328A9BB8B6}","NP","North Beach - Abbott's",2001,,,"Charadrius nivosus","Western Snowy Plover","824030",-122.959742451989,38.1145547788984,"GCS","NAD83","Pro Xr",2001-04-23,,"None",,,,,,,,,,,,,"No","No",,"No",,,,2,0,0,,,,,,"No",,,"No",,,"No",,,,,,,"Predation: Raven",,"Raw",2019-06-24 11:15:22,"swakamiya","Event","HumanObservation"
"PORE","Point Reyes National Seashore","NP09_2002","{764DC5D8-DDE7-49E6-B146-A9328A9BB8B6}","NP","North Beach - Abbott's",2002,,,"Charadrius nivosus","Western Snowy Plover","824030",-122.961764370627,38.1092469577124,"GCS","NAD83","Garmin 3+",2002-04-29,,"Square",,,,,,,,,,,,,"No","No",2002-04-28,"No",,,,2,2,1,,,,,,"No",,,"No",,,"No",,"PA/AP","   /W",,,,"Fledged 1",,"Raw",2019-06-24 11:15:22,"swakamiya","Event","HumanObservation"
"PORE","Point Reyes National Seashore","NP09_2003","{764DC5D8-DDE7-49E6-B146-A9328A9BB8B6}","NP","North Beach - Abbott's",2003,,,"Charadrius nivosus","Western Snowy Plover","824030",-122.964265232048,38.1035607084064,"GCS","NAD83","Garmin 3+",2003-05-19,,"Square",,,,,,,,,,,,,"No","No",2003-05-19,"No",2003-06-19,,,3,2,1,,,,,,"No",,,"No",,,"No",,,,,,,,,"Raw",2019-06-24 11:15:22,"swakamiya","Event","HumanObservation"
"PORE","Point Reyes National Seashore","NP09_2004","{764DC5D8-DDE7-49E6-B146-A9328A9BB8B6}","NP","North Beach - Abbott's",2004,,,"Charadrius nivosus","Western Snowy Plover","824030",-122.958907907018,38.1177449932297,"GCS","NAD83","Garmin 3+",2004-06-14,,"Square",,,,,,,,,,,,,"No","No",2004-06-14,"No",,,,2,0,0,2004-07-14,"Tide",,,,"No",,,"No",,,"No",,"PR:BY","WR:YO",,,,"failed/tide",,"Raw",2019-06-24 11:15:22,"swakamiya","Event","HumanObservation"
"PORE","Point Reyes National Seashore","NP09_2005","{764DC5D8-DDE7-49E6-B146-A9328A9BB8B6}","NP","North Beach - Abbott's",2005,,,"Charadrius nivosus","Western Snowy Plover","824030",,,,,,2005-05-10,,,,,,,,,,,,,,,"No","No",,"No",,,,2,,,2005-05-21,"Depredated by Known Predator","Red/grey fox",,,"No",,,"No",,,"No",,,"yb:by",,,,,,"Raw",2019-06-24 11:15:22,"swakamiya","Event","HumanObservation"
"PORE","Point Reyes National Seashore","NP09_2006","{764DC5D8-DDE7-49E6-B146-A9328A9BB8B6}","NP","North Beach - Abbott's",2006,,,"Charadrius nivosus","Western Snowy Plover","824030",,,,,,2006-06-08,,"Unknown",,,,,,,,,,,,,"No","No",,"No",2006-07-04,,,3,2,0,,,,,,"No",,,"No",,,"No",,,,,,,,,"Raw",2019-06-24 11:15:22,"swakamiya","Event","HumanObservation"
"PORE","Point Reyes National Seashore","NP09_2007","{764DC5D8-DDE7-49E6-B146-A9328A9BB8B6}","NP","North Beach - Abbott's",2007,,,"Charadrius nivosus","Western Snowy Plover","824030",,,,,,2007-05-26,,,,,,,,,,,,,,,"No","No",,"No",,,,3,0,,2007-06-08,"Depredated by Known Predator","Common raven",,,"No",,,"No",,,"No",,,,,,,,,"Raw",2019-06-24 11:15:22,"swakamiya","Event","HumanObservation"
"PORE","Point Reyes National Seashore","NP09_2008","{764DC5D8-DDE7-49E6-B146-A9328A9BB8B6}","NP","North Beach - Abbott's",2008,,,"Charadrius nivosus","Western Snowy Plover","824030",,,,,,2008-07-05,,"Unknown",,,,,,,,,,,,,"No","No",,"No",,,,2,0,,,"Tide",,,,"No",,,"No",,,"No",,,"bo:ov",,,,,,"Raw",2019-06-24 11:15:22,"swakamiya","Event","HumanObservation"
"PORE","Point Reyes National Seashore","NP09_2009","{764DC5D8-DDE7-49E6-B146-A9328A9BB8B6}","NP","North Beach - Abbott's",2009,,,"Charadrius nivosus","Western Snowy Plover","824030",-122.974276963276,38.0786430455452,"GCS","NAD83",,2009-07-01,2009-07-01,"Square","RE","No","Yes","No","No","No","No","Yes","No","No","No","No","No","No",2009-06-16,"No",2009-07-13,,,3,2,0,,,,2009-07-19,6,"Yes",2009-07-19,6,"Yes",,,"No",,,,2009-07-13,"Wildlife Freezer",,"Initiation date approximate based on hatch.  Lost 2 chicks at 6 days.",,"Raw",2019-06-24 11:15:22,"swakamiya","Event","HumanObservation"
"PORE","Point Reyes National Seashore","NP09_2011","{764DC5D8-DDE7-49E6-B146-A9328A9BB8B6}","NP","North Beach - Abbott's",2011,,,"Charadrius nivosus","Western Snowy Plover","824030",-122.974333617578,38.0796615018746,"GCS","NAD83","Garmin",2011-06-15,2011-06-15,"Square","RTE","No","Yes","No","No","Yes","No","Yes","No","No","No","No","No","No",2011-06-13,"No",2011-07-14,,,3,3,0,,,,2011-07-16,2,"Yes",2011-07-16,2,"Yes",2011-07-16,2,"Yes",,,,,,,,,"Raw",2019-06-24 11:15:22,"swakamiya","Event","HumanObservation"
"PORE","Point Reyes National Seashore","NP09_2014","{764DC5D8-DDE7-49E6-B146-A9328A9BB8B6}","NP","North Beach - Abbott's",2014,,,"Charadrius nivosus","Western Snowy Plover","824030",-122.972165164373,38.0850236084326,"GCS","NAD83","Garmin",2014-04-19,,"None","SKVE","Yes","No","Yes","No","No","Yes","Yes","No","No","No","No","No","No",,"No",,,,3,0,0,2014-04-22,"Unknown Depredation",,,,"No",,,"No",,,"No",,,,,,,"Initiation date unknown. Did not exclose nest because found it as a 3 egg nest and it was early in the season.",,"Raw",2019-06-24 11:15:22,"swakamiya","Event","HumanObservation"
"PORE","Point Reyes National Seashore","NP09_2015","{764DC5D8-DDE7-49E6-B146-A9328A9BB8B6}","NP","North Beach - Abbott's",2015,,,"Charadrius nivosus","Western Snowy Plover","824030",-122.96627499469,38.09851416553,"GCS","NAD83","Garmin",2015-05-15,2015-05-15,"Round","SVE","Yes","No","No","No","No","Yes","Yes","No","No","No","No","No","No",2015-05-13,"No",2015-06-16,,,3,2,0,,,,2015-06-21,6,"Yes",2015-06-23,8,"No",,,"No",,,,2015-06-29,"Wildlife freezer",,"Exclosed because of the high nest loss in the area previously.",,"Raw",2019-06-24 11:15:22,"swakamiya","Event","HumanObservation"
"PORE","Point Reyes National Seashore","NP09_2016","{764DC5D8-DDE7-49E6-B146-A9328A9BB8B6}","NP","North Beach - Abbott's",2016,,,"Charadrius nivosus","Western Snowy Plover","824030",-122.961638909876,38.1092198786234,"GCS","NAD83","Garmin",2016-05-10,,"None","RWE","No","Yes","No","Yes","No","No","Yes","No","No","No","No","Yes","Yes",2016-05-08,"No",,,,3,0,0,2016-05-20,"Depredated by Known Predator","Common raven",,,"No",,,"No",,,"No",,"ga:gg","Unknown",,,,,,"Raw",2019-06-24 11:15:22,"swakamiya","Event","HumanObservation"
"PORE","Point Reyes National Seashore","NP09_2017","{764DC5D8-DDE7-49E6-B146-A9328A9BB8B6}","NP","North Beach - Abbott's",2017,,,"Charadrius nivosus","Western Snowy Plover","824030",-122.969060284663,38.0927377573357,"GCS","NAD83","Garmin",2017-05-24,,"None","SWE","Yes","No","No","Yes","No","No","Yes","No","No","No","No","No","No",2017-05-14,"No",,,,3,0,0,2017-05-25,"Depredated by Known Predator","Common raven",,,"No",,,"No",,,"No",,"x:x","unkown",,,,,,"Raw",2019-06-24 11:15:22,"swakamiya","Event","HumanObservation"
"PORE","Point Reyes National Seashore","NP09_2018","{764DC5D8-DDE7-49E6-B146-A9328A9BB8B6}","NP","North Beach - Abbott's",2018,,,"Charadrius nivosus","Western Snowy Plover","824030",-122.968877618046,38.0932063724596,"GCS","NAD83","Garmin",2018-05-17,2018-05-18,"Round","RWE","No","Yes","No","Yes","No","No","Yes","No","No","No","No","No","No",,"Yes",2018-06-14,,2018-06-14,3,2,0,,"Unknown",,,,"No",,,"No",,,"No",,"as:wy","as:by",,,,,,"Raw",2019-06-24 11:15:22,"swakamiya","Event","HumanObservation"
"PORE","Point Reyes National Seashore","NP09_2019","{764DC5D8-DDE7-49E6-B146-A9328A9BB8B6}","NP","North Beach - Abbott's",2019,,,"Charadrius nivosus","Western Snowy Plover","824030",-122.974801763944,38.0777508940409,"GCS","NAD83","Garmin",2019-06-01,2019-06-01,"Round","SRVD","Yes","Yes","No","No","No","Yes","No","Yes","No","No","No","No","No",2019-05-28,"No",2019-07-01,2019-07-28,2019-07-01,3,2,0,,,,2019-07-04,3,"No",,,"No",,,"No",,"as:gy","x:w",,,,,"Edited on 1/5/2022 by Matt Lau. Corrected UTMN from 4204442.","Raw",2019-08-23 13:38:21,"mlau","Event","HumanObservation"
"PORE","Point Reyes National Seashore","NP09_2020","{764DC5D8-DDE7-49E6-B146-A9328A9BB8B6}","NP","North Beach - Abbott's",2020,,,"Charadrius nivosus","Western Snowy Plover","824030",-122.97339908999,38.0784085178703,"GCS","NAD83","Garmin",2020-05-19,2020-05-19,"Round","SVE","Yes","No","No","No","No","Yes","Yes","No","No","No","No","No","No",,"Yes",2020-05-25,,2020-05-25,3,2,0,,,,,,"No",,,"No",,,"No",,"x:x","as:or",,,,,,"Raw",2020-09-18 12:06:36,"mjayl","Event","HumanObservation"
"PORE","Point Reyes National Seashore","NP09_2021","{764DC5D8-DDE7-49E6-B146-A9328A9BB8B6}","NP","North Beach - Abbott's",2021,,,"Charadrius nivosus","Western Snowy Plover","824030",-122.963522843194,38.1055793338139,"GCS","NAD83",,2021-07-02,2021-07-02,"Round","SRWE","Yes","Yes","No","Yes","No","No","Yes","No","No","No","No","No","Yes",2021-07-02,"No",,,,1,0,0,2021-07-08,"Unknown",,,,"No",,,"No",,,"No",,"Unk","Unk",,,,"Likely an egg dump. Did not observe any adult plovers near nest.",,"Accepted",2021-12-13 10:32:03,"EEdson","Event","HumanObservation"
"PORE","Point Reyes National Seashore","NP09_2022","{764DC5D8-DDE7-49E6-B146-A9328A9BB8B6}","NP","North Beach - Abbott's",2022,,,"Charadrius nivosus","Western Snowy Plover","824030",-122.966366120146,38.0987665485955,"GCS","NAD83",,2022-05-18,2022-05-18,"Mini-Exclosure","SRVE","Yes","Yes","No","No","No","Yes","Yes","No","No","No","No","No","No",2022-05-16,"No",2022-06-20,2022-07-17,2022-06-20,3,2,2,,,,,,"No",,,"No",,,"No",,"av:ba","x:x",,,,,,"Provisional",2022-11-01 11:05:31,"mlau","Event","HumanObservation"
"PORE","Point Reyes National Seashore","NP09_2023","{764DC5D8-DDE7-49E6-B146-A9328A9BB8B6}","NP","North Beach - Abbott's",2023,,,"Charadrius nivosus","Western Snowy Plover","824030",-122.959993835364,38.1137932885763,"GCS","WGS84",,2023-05-04,2023-05-04,"Mini-Exclosure","RWD","No","Yes","No","Yes","No","No","No","Yes","No","No","No","No","Yes",,"Yes",,,,3,0,0,2023-05-08,"Unknown",,,,"No",,,"No",,,"No",,"va:ry","av:yg",,,,"ME was oddly moved about 5ft, as if picked up by someone.Eggs were gone. No sign of adults. Can't decipher tracks very well in nest area due to coarse sand. Unsure what happened. Possible unk human footprints go up to nest, but hard to tell.",,"Raw",2023-09-13 13:26:54,"mjayl","Event","HumanObservation"
"PORE","Point Reyes National Seashore","NP09_2024","{915091EC-61D4-40EF-92EF-E9EF4B6A26D1}","RA","2011 Dune Restoration Area",2024,,,"Charadrius nivosus","Western Snowy Plover","824030",-122.96083,38.11185,"GCS","WGS84",,2024-05-09,2024-05-09,"Mini-Exclosure","SKWE","Yes","No","Yes","Yes","No","No","Yes","No","No","No","No","No","Yes",2024-05-09,"No",2024-06-08,2024-07-05,2024-06-09,3,3,0,,,,,,"No",,,"No",,,"No",,"va:wv","x:x",,,,,,"Accepted",2026-04-22 09:55:16,"ksherrill","Event","HumanObservation"
"PORE","Point Reyes National Seashore","NP09_2025","{764DC5D8-DDE7-49E6-B146-A9328A9BB8B6}","NP","North Beach - Abbott's",2025,,,"Charadrius nivosus","Western Snowy Plover","824030",-122.799372142266,38.043522874532,"GCS","WGS84",,2025-04-29,,,"SWE","Yes","No","No","Yes","No","No","Yes","No","No","No","No","No","No",,"No",,,,3,0,0,2025-05-05,"Wind",,,,"No",,,"No",,,"No",,"av:rr","as:yy",,,,"asyy and avry Ms roosting. Old scrape found nearby. vawoF appears. Found NP09 up in veg and floated eggs. When leaving, avrrF found running back to nest. Basically on top of old tree, so did not attempt to exclose-2025-04-29; One of egg found in bottom of",,"Accepted",2026-04-22 09:53:34,"ksherrill","Event","HumanObservation"
"PORE","Point Reyes National Seashore","NP10_1997","{764DC5D8-DDE7-49E6-B146-A9328A9BB8B6}","NP","North Beach - Abbott's",1997,,,"Charadrius nivosus","Western Snowy Plover","824030",-122.966263282922,38.0991811055064,"GCS","NAD83","Map",1997-05-16,,,,,,,,,,,,,,,"No","No",,"No",,,,3,2,1,,,,,,"No",,,"No",,,"No",,,,,,,,,"Raw",2019-06-24 11:15:22,"swakamiya","Event","HumanObservation"
=======
>>>>>>> origin/main
"PORE","Point Reyes National Seashore","NP10_1998","{764DC5D8-DDE7-49E6-B146-A9328A9BB8B6}","NP","North Beach - Abbott's",1998,,,"Charadrius nivosus","Western Snowy Plover","824030",-122.96418545657,38.103425493009,"GCS","NAD83","Map",1998-07-07,,"Triangle",,,,,,,,,,,,,"No","No",,"No",,,,3,3,3,,,,,,"No",,,"No",,,"No",,,,,,,,,"Raw",2019-06-24 11:15:22,"swakamiya","Event","HumanObservation"
"PORE","Point Reyes National Seashore","NP10_1999","{764DC5D8-DDE7-49E6-B146-A9328A9BB8B6}","NP","North Beach - Abbott's",1999,,,"Charadrius nivosus","Western Snowy Plover","824030",-122.959559224123,38.1158345225711,"GCS","NAD83",,1999-05-21,,"Triangle",,,,,,,,,,,,,"No","No",,"No",,,,3,3,2,,,,,,"No",,,"No",,,"No",,,,,,,,,"Raw",2019-06-24 11:15:22,"swakamiya","Event","HumanObservation"
"PORE","Point Reyes National Seashore","NP10_2000","{764DC5D8-DDE7-49E6-B146-A9328A9BB8B6}","NP","North Beach - Abbott's",2000,,,"Charadrius nivosus","Western Snowy Plover","824030",-122.970407355258,38.0893402937916,"GCS","NAD83",,2000-05-16,,,,,,,,,,,,,,,"No","No",,"No",,,,3,0,0,,,,,,"No",,,"No",,,"No",,"AR/YL","YGY/R",,,,"Failed to hatch",,"Raw",2019-06-24 11:15:22,"swakamiya","Event","HumanObservation"
"PORE","Point Reyes National Seashore","NP10_2001","{764DC5D8-DDE7-49E6-B146-A9328A9BB8B6}","NP","North Beach - Abbott's",2001,,,"Charadrius nivosus","Western Snowy Plover","824030",-122.966332082419,38.0983789906738,"GCS","NAD83","Pro Xr",2001-04-26,,"Square",,,,,,,,,,,,,"No","No",,"No",,,,3,3,0,,,,,,"No",,,"No",,,"No",,,,,,,"Fledged 0",,"Raw",2019-06-24 11:15:22,"swakamiya","Event","HumanObservation"
"PORE","Point Reyes National Seashore","NP10_2002","{764DC5D8-DDE7-49E6-B146-A9328A9BB8B6}","NP","North Beach - Abbott's",2002,,,"Charadrius nivosus","Western Snowy Plover","824030",-122.966925449229,38.0977122157529,"GCS","NAD83","Garmin 3+",2002-05-03,,"None",,,,,,,,,,,,,"No","No",2002-05-03,"No",,,,1,0,0,,,,,,"No",,,"No",,,"No",,,,,,,"Predation: Raven",,"Raw",2019-06-24 11:15:22,"swakamiya","Event","HumanObservation"
"PORE","Point Reyes National Seashore","NP10_2003","{764DC5D8-DDE7-49E6-B146-A9328A9BB8B6}","NP","North Beach - Abbott's",2003,,,"Charadrius nivosus","Western Snowy Plover","824030",-122.966194714438,38.0994785064537,"GCS","NAD83","Garmin 3+",2003-05-25,,"Square",,,,,,,,,,,,,"No","No",2003-05-25,"No",2003-06-20,,,3,3,3,,,,,,"No",,,"No",,,"No",,,,,,,,,"Raw",2019-06-24 11:15:22,"swakamiya","Event","HumanObservation"
"PORE","Point Reyes National Seashore","NP10_2004","{764DC5D8-DDE7-49E6-B146-A9328A9BB8B6}","NP","North Beach - Abbott's",2004,,,"Charadrius nivosus","Western Snowy Plover","824030",-122.961215466588,38.1118514566914,"GCS","NAD83","Garmin 3+",2004-06-14,,"Square",,,,,,,,,,,,,"No","No",2004-06-14,"No",2004-07-18,,,3,3,1,,,,,,"No",,,"No",,,"No",,"OR:BB",,,,,"chicks lost at unknown time",,"Raw",2019-06-24 11:15:22,"swakamiya","Event","HumanObservation"
"PORE","Point Reyes National Seashore","NP10_2005","{764DC5D8-DDE7-49E6-B146-A9328A9BB8B6}","NP","North Beach - Abbott's",2005,,,"Charadrius nivosus","Western Snowy Plover","824030",,,,,,2005-06-04,,"Unknown",,,,,,,,,,,,,"No","No",,"No",2005-07-05,,,3,3,,,,,,,"No",,,"No",,,"No",,,"yb:by",,,,,,"Raw",2019-06-24 11:15:22,"swakamiya","Event","HumanObservation"
"PORE","Point Reyes National Seashore","NP10_2006","{764DC5D8-DDE7-49E6-B146-A9328A9BB8B6}","NP","North Beach - Abbott's",2006,,,"Charadrius nivosus","Western Snowy Plover","824030",,,,,,2006-06-12,,"Unknown",,,,,,,,,,,,,"No","No",,"No",2006-06-06,,,3,3,2,,,,,,"No",,,"No",,,"No",,,,,,,,,"Raw",2019-06-24 11:15:22,"swakamiya","Event","HumanObservation"
"PORE","Point Reyes National Seashore","NP10_2007","{764DC5D8-DDE7-49E6-B146-A9328A9BB8B6}","NP","North Beach - Abbott's",2007,,,"Charadrius nivosus","Western Snowy Plover","824030",,,,,,2007-06-16,,"Unknown",,,,,,,,,,,,,"No","No",,"No",2007-06-15,,,3,3,1,,,,,,"No",,,"No",,,"No",,,,,,,,,"Raw",2019-06-24 11:15:22,"swakamiya","Event","HumanObservation"
"PORE","Point Reyes National Seashore","NP10_2008","{764DC5D8-DDE7-49E6-B146-A9328A9BB8B6}","NP","North Beach - Abbott's",2008,,,"Charadrius nivosus","Western Snowy Plover","824030",,,,,,2008-07-05,,"Unknown",,,,,,,,,,,,,"No","No",,"No",,,,3,2,0,,,,,,"No",,,"No",,,"No",,,,,,,,,"Raw",2019-06-24 11:15:22,"swakamiya","Event","HumanObservation"
"PORE","Point Reyes National Seashore","NP10_2009","{764DC5D8-DDE7-49E6-B146-A9328A9BB8B6}","NP","North Beach - Abbott's",2009,,,"Charadrius nivosus","Western Snowy Plover","824030",-122.974573426048,38.0786160717198,"GCS","NAD83",,2009-07-01,2009-07-01,"Square","RE","No","Yes","No","No","No","No","Yes","No","No","No","No","No","No",2009-06-27,"No",2009-07-29,,,3,3,0,,,,2009-07-29,0,"No",2009-07-29,0,"No",2009-07-29,0,"No",,,,,,,"Initiation date=approximate based on hatch.  Lost all 3 chicks at 0-1 days, never observed.",,"Raw",2019-06-24 11:15:22,"swakamiya","Event","HumanObservation"
"PORE","Point Reyes National Seashore","NP10_2011","{764DC5D8-DDE7-49E6-B146-A9328A9BB8B6}","NP","North Beach - Abbott's",2011,"ODEU","Original CickLoss_Age1 was '0-1'","Charadrius nivosus","Western Snowy Plover","824030",-122.967382230729,38.0964054945965,"GCS","NAD83","Garmin",2011-07-14,2011-07-14,"Square","RVKE","No","Yes","Yes","No","No","Yes","Yes","No","No","No","No","No","No",2011-07-10,"No",2011-08-11,2011-09-07,,3,3,1,,,,2011-08-11,0,"No",2011-08-15,4,"No",,,"No",,":Oy",,,,,,,"Raw",2019-06-24 11:15:22,"swakamiya","Event","HumanObservation"
"PORE","Point Reyes National Seashore","NP10_2014","{764DC5D8-DDE7-49E6-B146-A9328A9BB8B6}","NP","North Beach - Abbott's",2014,,,"Charadrius nivosus","Western Snowy Plover","824030",-122.971560359594,38.0861680852042,"GCS","NAD83","Garmin",2014-04-21,,"None","SVD","Yes","No","No","No","No","Yes","No","Yes","No","No","No","No","No",2014-04-20,"No",,,,1,0,0,2014-04-24,"Unknown Depredation",,,,"No",,,"No",,,"No",,":s","ow:wg",,,,"Did not exclose because on top of a dune near the edge of a steep slope and thought the exclosure would not be stable.",,"Raw",2019-06-24 11:15:22,"swakamiya","Event","HumanObservation"
"PORE","Point Reyes National Seashore","NP10_2015","{764DC5D8-DDE7-49E6-B146-A9328A9BB8B6}","NP","North Beach - Abbott's",2015,,,"Charadrius nivosus","Western Snowy Plover","824030",-122.967267832867,38.0971895721232,"GCS","NAD83","Garmin",2015-05-15,2015-05-17,"Round","SWVE","Yes","No","No","Yes","No","Yes","Yes","No","No","No","No","No","No",2015-05-13,"No",2015-06-17,2015-07-16,,3,3,1,,,,2015-06-19,3,"No",2015-06-24,8,"No",,,"No",,,,,,,"Exclosed because of the high nest loss in the area previously.",,"Raw",2019-06-24 11:15:22,"swakamiya","Event","HumanObservation"
"PORE","Point Reyes National Seashore","NP10_2016","{764DC5D8-DDE7-49E6-B146-A9328A9BB8B6}","NP","North Beach - Abbott's",2016,,,"Charadrius nivosus","Western Snowy Plover","824030",-122.970932515026,38.0878533188544,"GCS","NAD83","Garmin",2016-05-16,2016-05-16,"Round","RWVD","No","Yes","No","Yes","No","Yes","No","Yes","No","No","No","No","No",,"Yes",,,,3,0,0,2016-05-28,"Abandoned",,,,"No",,,"No",,,"No",,"ao:by","x:x",,,,"2 eggs suddenly disappeared on 5/19/16 for unknown reasons, 1 egg was left in nest and subsequently abandoned.",,"Raw",2019-06-24 11:15:22,"swakamiya","Event","HumanObservation"
<<<<<<< HEAD
"PORE","Point Reyes National Seashore","NP11_2025","{764DC5D8-DDE7-49E6-B146-A9328A9BB8B6}","NP","North Beach - Abbott's",2025,,,"Charadrius nivosus","Western Snowy Plover","824030",-122.971605704067,38.0867193652811,"GCS","WGS84",,2025-05-16,2025-05-16,"Mini-Exclosure","SWE","Yes","No","No","Yes","No","No","Yes","No","No","No","No","No","No",,"Yes",2025-06-14,2025-07-12,2025-06-14,3,3,0,,,,,,"No",,,"No",,,"No",,"x:x","rv:bb",,,,"2 egg nest, xx f, rvbb m around, seems like their nest -2025-05-16; 3e ME good -2025-05-28; Can see head popping up from far away-2025-05-30; Eggs and ME ok but multiple lines of fresh raven tracks leading to and around exclosure. Small set of GHO tracks ",,"Accepted",2026-04-22 09:53:34,"ksherrill","Event","HumanObservation"
"PORE","Point Reyes National Seashore","NP20_2023","{764DC5D8-DDE7-49E6-B146-A9328A9BB8B6}","NP","North Beach - Abbott's",2023,,,"Charadrius nivosus","Western Snowy Plover","824030",-122.965086962982,38.1025010560506,"GCS","WGS84",,2023-07-14,2023-07-14,"Mini-Exclosure","SE","Yes","No","No","No","No","No","Yes","No","No","No","No","No","Yes",,"Yes",2023-08-03,2023-08-30,,2,2,0,,,,,,"No",,,"No",,,"No",,"vb:ya","va:ya",,,,,,"Raw",2023-09-13 13:52:25,"mjayl","Event","HumanObservation"
"PORE","Point Reyes National Seashore","NP20_2024","{764DC5D8-DDE7-49E6-B146-A9328A9BB8B6}","NP","North Beach - Abbott's",2024,,,"Charadrius nivosus","Western Snowy Plover","824030",-122.96678,38.09862,"GCS","WGS84",,2024-07-16,,,"RE","No","Yes","No","No","No","No","Yes","No","No","No","No","No","No",,"Yes",2024-08-10,2024-09-06,2024-08-27,3,2,2,,,,,,"No",,,"No",,,"No",,"av:gg","va:ww",,,,"Nest was at high tide line, USFWS authorized collection of eggs for transport to IBR on 7/18/24. 2 juveniles released at S NP on 9/27/24.",,"Accepted",2026-04-22 09:55:16,"ksherrill","Event","HumanObservation"
"PORE","Point Reyes National Seashore","NP20_2025","{764DC5D8-DDE7-49E6-B146-A9328A9BB8B6}","NP","North Beach - Abbott's",2025,,,"Charadrius nivosus","Western Snowy Plover","824030",-122.973381828515,38.0824736337431,"GCS","WGS84",,2025-06-14,2025-06-14,"Round","SVE","Yes","No","No","No","No","Yes","Yes","No","No","No","No","No","No",,"No",2025-06-26,2025-07-24,2025-06-26,3,3,1,,,,,,"No",,,"No",,,"No",,"by:gr","x:x",,,,"3e ME ok but ME encircled with CORA tracks-2025-06-16; f on nest. ME/eggs looked good on return trip. -2025-06-20; cracked, tapping, no peeping 2 eggs. 1 egg silent no cracks. bygr f and xx m broken wing display, vocalizing. rvbb nearby -2025-06-23",,"Accepted",2026-04-22 09:53:34,"ksherrill","Event","HumanObservation"
"PORE","Point Reyes National Seashore","NP21_2001","{764DC5D8-DDE7-49E6-B146-A9328A9BB8B6}","NP","North Beach - Abbott's",2001,,,"Charadrius nivosus","Western Snowy Plover","824030",-122.959742451989,38.1145547788984,"GCS","NAD83","Pro Xr",2001-05-24,,"Square",,,,,,,,,,,,,"No","No",,"No",,,,2,0,0,,,,,,"No",,,"No",,,"No",,"AY/WA",,,,,"Abandoned 3 eggs",,"Raw",2019-06-24 11:15:22,"swakamiya","Event","HumanObservation"
"PORE","Point Reyes National Seashore","NP21_2002","{764DC5D8-DDE7-49E6-B146-A9328A9BB8B6}","NP","North Beach - Abbott's",2002,,,"Charadrius nivosus","Western Snowy Plover","824030",-122.96305477893,38.1063903338848,"GCS","NAD83","Garmin 3+",2002-07-08,,"Square",,,,,,,,,,,,,"No","No",2002-07-08,"No",,,,3,3,2,,,,,,"No",,,"No",,,"No",,,,,,,"Fledged 2",,"Raw",2019-06-24 11:15:22,"swakamiya","Event","HumanObservation"
"PORE","Point Reyes National Seashore","NP21_2014","{764DC5D8-DDE7-49E6-B146-A9328A9BB8B6}","NP","North Beach - Abbott's",2014,,,"Charadrius nivosus","Western Snowy Plover","824030",-122.957698681675,38.1176814750491,"GCS","NAD83","Garmin",2014-06-16,,"None","SWE","Yes","No","No","Yes","No","No","Yes","No","No","No","No","No","No",2014-06-13,"No",,,,2,0,0,2014-06-18,"Depredated by Known Predator","Common raven",,,"No",,,"No",,,"No",,,"unknown",,,,"Wanted to exclose because on the south west shore of Abbotts. Unfortunately,  when returned to do so the nest was already depredated.",,"Raw",2019-06-24 11:15:22,"swakamiya","Event","HumanObservation"
"PORE","Point Reyes National Seashore","NP21_2015","{764DC5D8-DDE7-49E6-B146-A9328A9BB8B6}","NP","North Beach - Abbott's",2015,,,"Charadrius nivosus","Western Snowy Plover","824030",-122.965932246309,38.0997938767831,"GCS","NAD83","Garmin",2015-07-10,,"None","RWE","No","Yes","No","Yes","No","No","Yes","No","No","No","No","No","No",,"No",,,,3,,,2015-07-17,"Unknown Depredation",,,,"No",,,"No",,,"No",,"Unknown",,,,,"Found as 3 egg, thought it could survive not exclosed.",,"Raw",2019-06-24 11:15:22,"swakamiya","Event","HumanObservation"
"PORE","Point Reyes National Seashore","NP21_2016","{764DC5D8-DDE7-49E6-B146-A9328A9BB8B6}","NP","North Beach - Abbott's",2016,,,"Charadrius nivosus","Western Snowy Plover","824030",-122.967176589359,38.0971985594225,"GCS","NAD83","Garmin",2016-06-24,,"None","SVE","Yes","No","No","No","No","Yes","Yes","No","No","No","No","No","No",,"Yes",,,,3,0,0,2016-07-01,"Depredated by Known Predator","Common raven",,,"No",,,"No",,,"No",,"Unknown","Unknown",,,,,,"Raw",2019-06-24 11:15:22,"swakamiya","Event","HumanObservation"
"PORE","Point Reyes National Seashore","NP21_2017","{764DC5D8-DDE7-49E6-B146-A9328A9BB8B6}","NP","North Beach - Abbott's",2017,,,"Charadrius nivosus","Western Snowy Plover","824030",-122.968809253434,38.0930621502275,"GCS","NAD83","Garmin",2017-07-06,,"None","SWVE","Yes","No","No","Yes","No","Yes","Yes","No","No","No","No","No","No",,"Yes",2017-08-01,2017-08-29,2017-08-02,3,1,1,,,,,,"No",,,"No",,,"No",,"x:x","x:x",,,,"2 eggs nonviable",,"Raw",2019-06-24 11:15:22,"swakamiya","Event","HumanObservation"
"PORE","Point Reyes National Seashore","NP21_2020","{764DC5D8-DDE7-49E6-B146-A9328A9BB8B6}","NP","North Beach - Abbott's",2020,,,"Charadrius nivosus","Western Snowy Plover","824030",-122.970647027893,38.0888536647036,"GCS","NAD83","Garmin",2020-07-13,2020-07-13,"Round","SVE","Yes","No","No","No","No","Yes","Yes","No","No","No","No","No","No",2020-07-13,"No",2020-08-12,2020-09-08,2020-08-12,3,3,1,,,,,,"No",,,"No",,,"No",,"x:x","as:yy",,,,"Only banded 2 of 3 chicks. 3rd chick was still hatching.",,"Provisional",2020-09-18 13:37:26,"mjayl","Event","HumanObservation"
"PORE","Point Reyes National Seashore","NP21_2023","{764DC5D8-DDE7-49E6-B146-A9328A9BB8B6}","NP","North Beach - Abbott's",2023,,,"Charadrius nivosus","Western Snowy Plover","824030",-122.958824253045,38.1163804371907,"GCS","WGS84",,2023-07-17,2023-07-17,"Mini-Exclosure","SRWE","Yes","Yes","No","Yes","No","No","Yes","No","No","No","No","No","Yes",,"Yes",2023-08-14,2023-09-10,2023-08-15,3,1,,,,,,,"No",,,"No",,,"No",,"va:ry","x:x",,,,,,"Raw",2023-09-13 13:54:58,"mjayl","Event","HumanObservation"
"PORE","Point Reyes National Seashore","NP21_2025","{764DC5D8-DDE7-49E6-B146-A9328A9BB8B6}","NP","North Beach - Abbott's",2025,,,"Charadrius nivosus","Western Snowy Plover","824030",-122.971196374881,38.0880697096036,"GCS","WGS84",,2025-06-16,2025-06-20,"Mini-Exclosure","SRWD","Yes","Yes","No","Yes","No","No","No","Yes","No","No","No","No","No",,"No",2025-07-08,2025-08-05,2025-07-08,3,3,1,,,,,,"No",,,"No",,,"No",,"x:x","va:ww",,,,"70, 60, 40. In velella, leaving unexclosed until week 3-2025-06-16; f on nest. eggs half buried, dug them out and ME placed -2025-06-20; xx f 3 eggs ME good -2025-06-23; 3e still no sign of hatch-2025-07-02; 2 peeping eggs, 1 tapping, all cracked. -2025-0",,"Accepted",2026-04-22 09:53:34,"ksherrill","Event","HumanObservation"
"PORE","Point Reyes National Seashore","NP22_2001","{764DC5D8-DDE7-49E6-B146-A9328A9BB8B6}","NP","North Beach - Abbott's",2001,,,"Charadrius nivosus","Western Snowy Plover","824030",-122.969756723359,38.0908452592981,"GCS","NAD83","Pro Xr",2001-05-25,,"Square",,,,,,,,,,,,,"No","No",,"No",,,,2,0,0,,,,,,"No",,,"No",,,"No",,"AR/YL","YGY/R",,,,"Abandoned 3 eggs",,"Raw",2019-06-24 11:15:22,"swakamiya","Event","HumanObservation"
"PORE","Point Reyes National Seashore","NP22_2002","{764DC5D8-DDE7-49E6-B146-A9328A9BB8B6}","NP","North Beach - Abbott's",2002,,,"Charadrius nivosus","Western Snowy Plover","824030",-122.966366264729,38.0984511024504,"GCS","NAD83","Garmin 3+",2002-07-11,,"Square",,,,,,,,,,,,,"No","No",2002-07-11,"No",,,,3,0,0,,,,,,"No",,,"No",,,"No",,,"YG/YR",,,,"Predation: Unidentified avian",,"Raw",2019-06-24 11:15:22,"swakamiya","Event","HumanObservation"
=======
"PORE","Point Reyes National Seashore","NP10_2017","{764DC5D8-DDE7-49E6-B146-A9328A9BB8B6}","NP","North Beach - Abbott's",2017,,,"Charadrius nivosus","Western Snowy Plover","824030",-122.96808993263,38.0950177249918,"GCS","NAD83","Garmin",2017-05-24,,"None","RWD","No","Yes","No","Yes","No","No","No","Yes","No","No","No","No","No",2017-05-23,"No",,,,1,0,0,2017-05-25,"Depredated by Known Predator","Common raven",,,"No",,,"No",,,"No",,"unknown","unknown",,,,,,"Raw",2019-06-24 11:15:22,"swakamiya","Event","HumanObservation"
"PORE","Point Reyes National Seashore","NP10_2018","{764DC5D8-DDE7-49E6-B146-A9328A9BB8B6}","NP","North Beach - Abbott's",2018,,,"Charadrius nivosus","Western Snowy Plover","824030",-122.966548738601,38.0984691800338,"GCS","NAD83","Garmin",2018-05-29,,,"SVWPE","Yes","No","No","Yes","No","Yes","Yes","No","Yes","No","No","No","No",,"Yes",,,,3,0,0,2018-06-06,"Unknown",,,,"No",,,"No",,,"No",,"x:x","x:x",,,,,,"Raw",2019-06-24 11:15:22,"swakamiya","Event","HumanObservation"
"PORE","Point Reyes National Seashore","NP10_2019","{764DC5D8-DDE7-49E6-B146-A9328A9BB8B6}","NP","North Beach - Abbott's",2019,,,"Charadrius nivosus","Western Snowy Plover","824030",-122.970384246016,38.0900883472117,"GCS","NAD83","Garmin",2019-06-04,,,"SKWE","Yes","No","Yes","Yes","No","No","Yes","No","No","No","No","No","No",,"Yes",,,,2,,,2019-06-10,"Depredated by Known Predator","Common raven",,,"No",,,"No",,,"No",,"x:x","as:yy",,,,,,"Raw",2019-08-23 13:40:43,"mlau","Event","HumanObservation"
"PORE","Point Reyes National Seashore","NP10_2020","{764DC5D8-DDE7-49E6-B146-A9328A9BB8B6}","NP","North Beach - Abbott's",2020,,,"Charadrius nivosus","Western Snowy Plover","824030",-122.973797890477,38.0791656808765,"GCS","NAD83","Garmin",2020-05-28,,"None","RVE","No","Yes","No","No","No","Yes","Yes","No","No","No","No","No","No",,"Yes",,,,1,0,0,2020-05-30,"Abandoned",,,,"No",,,"No",,,"No",,"x:x","x:x",,,,,,"Raw",2020-09-18 12:08:19,"mjayl","Event","HumanObservation"
"PORE","Point Reyes National Seashore","NP10_2021","{764DC5D8-DDE7-49E6-B146-A9328A9BB8B6}","NP","North Beach - Abbott's",2021,,,"Charadrius nivosus","Western Snowy Plover","824030",-122.960907322914,38.1121307491227,"GCS","NAD83",,2021-07-02,2021-07-02,"Mini-Exclosure","SWE","Yes","No","No","Yes","No","No","Yes","No","No","No","No","No","Yes",,"Yes",2021-07-25,,2021-07-25,3,3,0,,,,,,"No",,,"No",,,"No",,"x:x","x:x",,,,"Chicks were in the process of hatching when we approached on 7/2/21. We left for about an hour and returned to find the 3rd chick just hatching. The x:x F was the only adult present and tending to chicks; didn't see the male. The female was VERY tolerant of us, and came in close, displaying and vocalizing within a foot of us. We decided to take the chicks out of the beanie and laid them nearby while banding chicks, and the female proceeded to brood them as we banded each chick one by one.",,"Accepted",2021-12-13 10:32:03,"EEdson","Event","HumanObservation"
"PORE","Point Reyes National Seashore","NP10_2022","{764DC5D8-DDE7-49E6-B146-A9328A9BB8B6}","NP","North Beach - Abbott's",2022,,,"Charadrius nivosus","Western Snowy Plover","824030",-122.973070206686,38.0828950028311,"GCS","NAD83",,2022-05-20,2022-05-20,"Mini-Exclosure","SVD","Yes","No","No","No","No","Yes","No","Yes","No","No","No","No","No",,"Yes",2022-06-25,2022-07-22,2022-06-25,3,3,3,,,,,,"No",,,"No",,,"No",,"x:x","av:aw",,,,"Adult x:w male was captured and banded av:aw, 2381-12093 (possibly 2581-12093, hard to read)",,"Provisional",2022-08-19 16:10:53,"mlau","Event","HumanObservation"
"PORE","Point Reyes National Seashore","NP10_2023","{764DC5D8-DDE7-49E6-B146-A9328A9BB8B6}","NP","North Beach - Abbott's",2023,,,"Charadrius nivosus","Western Snowy Plover","824030",-122.971407203978,38.0870729288196,"GCS","WGS84",,2023-05-08,2023-05-08,"Mini-Exclosure",,,,,,,,,,,,,"No","No",2023-05-07,"No",2023-06-10,,2023-06-10,3,3,0,,,,,,"No",,,"No",,,"No",,"x:x","va:wv",,,,,,"Raw",2023-09-13 13:29:32,"mjayl","Event","HumanObservation"
"PORE","Point Reyes National Seashore","NP10_2024","{764DC5D8-DDE7-49E6-B146-A9328A9BB8B6}","NP","North Beach - Abbott's",2024,,,"Charadrius nivosus","Western Snowy Plover","824030",-122.95943,38.11481,"GCS","WGS84",,2024-05-20,2024-05-20,"Mini-Exclosure","SWVE","Yes","No","No","Yes","No","Yes","Yes","No","No","No","No","No","Yes",,"Yes",2024-06-11,2024-07-08,2024-06-11,3,3,1,,,,,,"No",,,"No",,,"No",,"av:ob","av:ry",,,,,,"Accepted",2026-04-22 09:55:16,"ksherrill","Event","HumanObservation"
"PORE","Point Reyes National Seashore","NP10_2025","{764DC5D8-DDE7-49E6-B146-A9328A9BB8B6}","NP","North Beach - Abbott's",2025,,,"Charadrius nivosus","Western Snowy Plover","824030",-122.973761090694,38.0817976080324,"GCS","WGS84",,2025-05-01,,,"SWE","Yes","No","No","Yes","No","No","Yes","No","No","No","No","No","No",2025-05-01,"No",,,,1,0,0,2025-05-05,"Wind",,,,"No",,,"No",,,"No",,"va:oo","x:x",,,,"One egg on Thursday scrape completely gone after wind event",,"Accepted",2026-04-22 09:53:34,"ksherrill","Event","HumanObservation"
"PORE","Point Reyes National Seashore","NP11_1997","{764DC5D8-DDE7-49E6-B146-A9328A9BB8B6}","NP","North Beach - Abbott's",1997,,,"Charadrius nivosus","Western Snowy Plover","824030",-122.962483861528,38.1075618085663,"GCS","NAD83","Map",1997-05-30,,,,,,,,,,,,,,,"No","No",,"No",,,,3,3,2,,,,,,"No",,,"No",,,"No",,,,,,,,,"Raw",2019-06-24 11:15:22,"swakamiya","Event","HumanObservation"
"PORE","Point Reyes National Seashore","NP11_1999","{764DC5D8-DDE7-49E6-B146-A9328A9BB8B6}","NP","North Beach - Abbott's",1999,,,"Charadrius nivosus","Western Snowy Plover","824030",-122.963682789305,38.1050566445659,"GCS","NAD83",,1999-05-31,,"Square",,,,,,,,,,,,,"No","No",,"No",,,,2,0,0,,,,,,"No",,,"No",,,"No",,,,,,,"eggs abandoned during laying period",,"Raw",2019-06-24 11:15:22,"swakamiya","Event","HumanObservation"
"PORE","Point Reyes National Seashore","NP11_2000","{764DC5D8-DDE7-49E6-B146-A9328A9BB8B6}","NP","North Beach - Abbott's",2000,,,"Charadrius nivosus","Western Snowy Plover","824030",-122.967576204132,38.0961982549876,"GCS","NAD83",,2000-05-19,,,,,,,,,,,,,,,"No","No",,"No",,,,3,3,1,,,,,,"No",,,"No",,,"No",,,,,,,"Fledged 1",,"Raw",2019-06-24 11:15:22,"swakamiya","Event","HumanObservation"
"PORE","Point Reyes National Seashore","NP11_2001","{764DC5D8-DDE7-49E6-B146-A9328A9BB8B6}","NP","North Beach - Abbott's",2001,,,"Charadrius nivosus","Western Snowy Plover","824030",-122.965863592051,38.1002715323959,"GCS","NAD83","Pro Xr",2001-04-29,,"None",,,,,,,,,,,,,"No","No",,"No",,,,3,0,0,,,,,,"No",,,"No",,,"No",,"BY/WA",,,,,"Predation: Raven",,"Raw",2019-06-24 11:15:22,"swakamiya","Event","HumanObservation"
"PORE","Point Reyes National Seashore","NP11_2002","{764DC5D8-DDE7-49E6-B146-A9328A9BB8B6}","NP","North Beach - Abbott's",2002,,,"Charadrius nivosus","Western Snowy Plover","824030",-122.958383092134,38.117816910251,"GCS","NAD83","Garmin 3+",2002-05-03,,"None",,,,,,,,,,,,,"No","No",2002-05-03,"No",,,,2,0,0,,,,,,"No",,,"No",,,"No",,,"  /B",,,,"Predation: Raven",,"Raw",2019-06-24 11:15:22,"swakamiya","Event","HumanObservation"
"PORE","Point Reyes National Seashore","NP11_2003","{764DC5D8-DDE7-49E6-B146-A9328A9BB8B6}","NP","North Beach - Abbott's",2003,,,"Charadrius nivosus","Western Snowy Plover","824030",-122.969037259456,38.0932514784131,"GCS","NAD83","Garmin 3+",2003-05-30,,"Square",,,,,,,,,,,,,"No","No",2003-05-30,"No",2003-06-24,,,3,3,3,,,,,,"No",,,"No",,,"No",,,,,,,,,"Raw",2019-06-24 11:15:22,"swakamiya","Event","HumanObservation"
"PORE","Point Reyes National Seashore","NP11_2004","{764DC5D8-DDE7-49E6-B146-A9328A9BB8B6}","NP","North Beach - Abbott's",2004,,,"Charadrius nivosus","Western Snowy Plover","824030",-122.971012382123,38.087745185403,"GCS","NAD83","Garmin 3+",2004-06-24,,"Square",,,,,,,,,,,,,"No","No",2004-06-24,"No",2004-07-18,,,3,3,2,,,,,,"No",,,"No",,,"No",,,,,,,"1 lost night",,"Raw",2019-06-24 11:15:22,"swakamiya","Event","HumanObservation"
"PORE","Point Reyes National Seashore","NP11_2005","{764DC5D8-DDE7-49E6-B146-A9328A9BB8B6}","NP","North Beach - Abbott's",2005,,,"Charadrius nivosus","Western Snowy Plover","824030",,,,,,2005-06-20,,"Unknown",,,,,,,,,,,,,"No","No",,"No",2005-07-19,,,3,2,1,,,,,,"No",,,"No",,,"No",,,,,,,,,"Raw",2019-06-24 11:15:22,"swakamiya","Event","HumanObservation"
"PORE","Point Reyes National Seashore","NP11_2006","{764DC5D8-DDE7-49E6-B146-A9328A9BB8B6}","NP","North Beach - Abbott's",2006,,,"Charadrius nivosus","Western Snowy Plover","824030",,,,,,2006-07-07,,"Unknown",,,,,,,,,,,,,"No","No",,"No",2006-08-05,,,3,3,3,,,,,,"No",,,"No",,,"No",,,,,,,,,"Raw",2019-06-24 11:15:22,"swakamiya","Event","HumanObservation"
"PORE","Point Reyes National Seashore","NP11_2007","{764DC5D8-DDE7-49E6-B146-A9328A9BB8B6}","NP","North Beach - Abbott's",2007,,,"Charadrius nivosus","Western Snowy Plover","824030",,,,,,2007-06-19,,"Unknown",,,,,,,,,,,,,"No","No",,"No",2007-07-17,,,3,2,2,,,,,,"No",,,"No",,,"No",,"wa:ry","yo:wv",,,,,,"Raw",2019-06-24 11:15:22,"swakamiya","Event","HumanObservation"
"PORE","Point Reyes National Seashore","NP11_2009","{764DC5D8-DDE7-49E6-B146-A9328A9BB8B6}","NP","North Beach - Abbott's",2009,,,"Charadrius nivosus","Western Snowy Plover","824030",-122.959924456999,38.1155011770109,"GCS","NAD83",,2009-07-06,2009-07-06,"Square","RKE","No","Yes","Yes","No","No","No","Yes","No","No","No","No","No","No",2009-07-05,"No",2009-08-07,2009-09-04,,3,3,1,,,,2009-08-08,1,"Yes",2009-08-25,18,"No",,,"No","frequently left nest due to visitors passing by",,,,,,"lost 1 chick at 0-1 days old, lost 1 at 18 days old.",,"Raw",2019-06-24 11:15:22,"swakamiya","Event","HumanObservation"
"PORE","Point Reyes National Seashore","NP11_2011","{764DC5D8-DDE7-49E6-B146-A9328A9BB8B6}","NP","North Beach - Abbott's",2011,,,"Charadrius nivosus","Western Snowy Plover","824030",-122.970019286598,38.0901783822836,"GCS","NAD83","Garmin",2011-07-17,2011-07-17,"Square","RWE","No","Yes","No","Yes","No","No","Yes","No","No","No","No","No","No",2011-07-17,"No",2011-08-16,2011-09-12,,3,2,1,,,,2011-08-20,4,"Yes",,,"No",,,"No",,,,2011-08-17,,,,,"Raw",2019-06-24 11:15:22,"swakamiya","Event","HumanObservation"
"PORE","Point Reyes National Seashore","NP11_2014","{764DC5D8-DDE7-49E6-B146-A9328A9BB8B6}","NP","North Beach - Abbott's",2014,,,"Charadrius nivosus","Western Snowy Plover","824030",-122.971799989984,38.0857445428652,"GCS","NAD83","Garmin",2014-05-01,,"None","SKWTE","Yes","No","Yes","Yes","Yes","No","Yes","No","No","No","No","No","No",2014-04-30,"No",,,,1,0,0,2014-05-03,"Depredated by Known Predator","Racoon",,,"No",,,"No",,,"No",,,,,,,"Was planning to exclose on 5/3 but nest had already been depredated.",,"Raw",2019-06-24 11:15:22,"swakamiya","Event","HumanObservation"
"PORE","Point Reyes National Seashore","NP11_2015","{764DC5D8-DDE7-49E6-B146-A9328A9BB8B6}","NP","North Beach - Abbott's",2015,,,"Charadrius nivosus","Western Snowy Plover","824030",-122.974254203406,38.0785168616537,"GCS","NAD83","Garmin",2015-05-17,2015-05-17,"Round","RE","No","Yes","No","No","No","No","Yes","No","No","No","No","No","No",2015-05-16,"No",2015-06-20,2015-07-17,,3,3,2,,,,2015-06-20,1,"Yes",,,"No",,,"No",,,,,,,"Exclosed because near North Beach parking lot, in hard pan area. Chicks banded av:ow",,"Raw",2019-06-24 11:15:22,"swakamiya","Event","HumanObservation"
"PORE","Point Reyes National Seashore","NP11_2016","{764DC5D8-DDE7-49E6-B146-A9328A9BB8B6}","NP","North Beach - Abbott's",2016,,,"Charadrius nivosus","Western Snowy Plover","824030",-122.974288280126,38.0788863930506,"GCS","NAD83","Garmn",2016-05-28,2016-05-28,"Round","RD","No","Yes","No","No","No","No","No","Yes","No","No","No","No","No",2016-05-28,"No",2016-06-30,2016-07-29,2016-07-01,3,3,2,,,,2016-07-11,10,"Yes",,,"No",,,"No",,"x:x","x:x",,,,"Nest was floated to estimate hatching date.",,"Raw",2019-06-24 11:15:22,"swakamiya","Event","HumanObservation"
"PORE","Point Reyes National Seashore","NP11_2017","{764DC5D8-DDE7-49E6-B146-A9328A9BB8B6}","NP","North Beach - Abbott's",2017,,,"Charadrius nivosus","Western Snowy Plover","824030",-122.959033789172,38.1170420450987,"GCS","NAD83","Garmin",2017-05-30,,"None","STEP","Yes","No","No","No","Yes","No","Yes","No","Yes","No","No","No","No",,"Yes",,,,3,0,0,2017-05-31,"Depredated by Known Predator","Common raven",,,"No",,,"No",,,"No",,"as:or","av:or",,,,"Sibling pair from 2016 NP brood",,"Raw",2019-06-24 11:15:22,"swakamiya","Event","HumanObservation"
"PORE","Point Reyes National Seashore","NP11_2018","{764DC5D8-DDE7-49E6-B146-A9328A9BB8B6}","NP","North Beach - Abbott's",2018,,,"Charadrius nivosus","Western Snowy Plover","824030",-122.968352856302,38.0935847680724,"GCS","NAD83","Garmin",2018-06-06,,"None","SWVE","Yes","No","No","Yes","No","Yes","Yes","No","No","No","No","No","No",2018-06-06,"No",,,,2,0,0,2018-06-11,"Unknown Depredation",,,,"No",,,"No",,,"No",,"x:x","x:x",,,,"Unknown predator, but Coyote tracks found going by within 1m of nest.",,"Raw",2019-06-24 11:15:22,"swakamiya","Event","HumanObservation"
"PORE","Point Reyes National Seashore","NP11_2019","{764DC5D8-DDE7-49E6-B146-A9328A9BB8B6}","NP","North Beach - Abbott's",2019,,,"Charadrius nivosus","Western Snowy Plover","824030",-122.96563510811,38.1010736001025,"GCS","NAD83","Garmin",2019-06-11,,,"SKWE","Yes","No","Yes","Yes","No","No","Yes","No","No","No","No","No","No",2019-06-11,"No",,,,2,,,2019-06-16,"Depredated by Known Predator","Common raven",,,"No",,,"No",,,"No",,"x:s","x:x",,,,,,"Raw",2019-08-23 13:41:51,"mlau","Event","HumanObservation"
"PORE","Point Reyes National Seashore","NP11_2020","{764DC5D8-DDE7-49E6-B146-A9328A9BB8B6}","NP","North Beach - Abbott's",2020,,,"Charadrius nivosus","Western Snowy Plover","824030",-122.973386299704,38.0822389449625,"GCS","NAD83","Garmin",2020-05-30,2020-05-30,"Round","SVD","Yes","No","No","No","No","Yes","No","Yes","No","No","No","No","No",,"Yes",2020-06-24,2020-07-21,2020-06-24,3,3,0,,,,,,"No",,,"No",,,"No",,"as:wy","av:or",,,,,,"Provisional",2020-09-18 12:11:00,"mjayl","Event","HumanObservation"
"PORE","Point Reyes National Seashore","NP11_2021","{764DC5D8-DDE7-49E6-B146-A9328A9BB8B6}","NP","North Beach - Abbott's",2021,,,"Charadrius nivosus","Western Snowy Plover","824030",-122.969496497957,38.0913634257279,"GCS","NAD83",,2021-07-10,,"None","SVE","Yes","No","No","No","No","Yes","Yes","No","No","No","No","No","No",2021-07-09,"No",,,,1,0,0,2021-07-14,"Unknown",,,,"No",,,"No",,,"No",,"x:x?","as:oa?",,,,"Likely an egg dump. Egg laid near where as:oa m and x:x f have been scraping and loafing on multiple surveys.",,"Accepted",2021-12-13 10:32:03,"EEdson","Event","HumanObservation"
"PORE","Point Reyes National Seashore","NP11_2022","{764DC5D8-DDE7-49E6-B146-A9328A9BB8B6}","NP","North Beach - Abbott's",2022,,,"Charadrius nivosus","Western Snowy Plover","824030",-122.971035107267,38.0879524845972,"GCS","NAD83",,2022-05-24,2022-05-24,"Mini-Exclosure","SVD","Yes","No","No","No","No","Yes","No","Yes","No","No","No","No","No",2022-05-22,"No",2022-06-27,2022-07-24,2022-06-27,3,3,1,,,,,,"No",,,"No",,,"No",,"av:ao","av:va",,,,"Adult x:x female was captured and banded av:ao, 2851-04802. Two of the three hatched chicks were adopted/kidnapped by another male with a brood that hatched around the same time (NP13, as:yy m). That brood was found and banded by R. DiGaudio a couple days after.",,"Provisional",2022-08-19 16:14:37,"mlau","Event","HumanObservation"
"PORE","Point Reyes National Seashore","NP11_2023","{764DC5D8-DDE7-49E6-B146-A9328A9BB8B6}","NP","North Beach - Abbott's",2023,,,"Charadrius nivosus","Western Snowy Plover","824030",-122.970376591778,38.0892744918735,"GCS","WGS84",,2023-05-11,2023-05-11,"Mini-Exclosure","SVWPE","Yes","No","No","Yes","No","Yes","Yes","No","Yes","No","No","No","No",2023-05-11,"No",2023-06-15,,2023-06-15,3,3,0,,,,,,"No",,,"No",,,"No",,"x:x","as:oa",,,,,,"Raw",2023-09-13 13:30:39,"mjayl","Event","HumanObservation"
"PORE","Point Reyes National Seashore","NP11_2024","{915091EC-61D4-40EF-92EF-E9EF4B6A26D1}","RA","2011 Dune Restoration Area",2024,,,"Charadrius nivosus","Western Snowy Plover","824030",-122.96084,38.11112,"GCS","WGS84",,2024-05-20,2024-05-20,"Mini-Exclosure","SRWE","Yes","Yes","No","Yes","No","No","Yes","No","No","No","No","No","Yes",,"Yes",2024-06-15,2024-07-12,,3,3,0,,,,,,"No",,,"No",,,"No",,"x:x","av:ay",,,,,,"Accepted",2026-04-22 09:55:16,"ksherrill","Event","HumanObservation"
"PORE","Point Reyes National Seashore","NP11_2025","{764DC5D8-DDE7-49E6-B146-A9328A9BB8B6}","NP","North Beach - Abbott's",2025,,,"Charadrius nivosus","Western Snowy Plover","824030",-122.971605704067,38.0867193652811,"GCS","WGS84",,2025-05-16,2025-05-16,"Mini-Exclosure","SWE","Yes","No","No","Yes","No","No","Yes","No","No","No","No","No","No",,"Yes",2025-06-14,2025-07-12,2025-06-14,3,3,0,,,,,,"No",,,"No",,,"No",,"x:x","rv:bb",,,,"2 egg nest, xx f, rvbb m around, seems like their nest -2025-05-16; 3e ME good -2025-05-28; Can see head popping up from far away-2025-05-30; Eggs and ME ok but multiple lines of fresh raven tracks leading to and around exclosure. Small set of GHO tracks ",,"Accepted",2026-04-22 09:53:34,"ksherrill","Event","HumanObservation"
>>>>>>> origin/main
"PORE","Point Reyes National Seashore","NP12_1997","{764DC5D8-DDE7-49E6-B146-A9328A9BB8B6}","NP","North Beach - Abbott's",1997,,,"Charadrius nivosus","Western Snowy Plover","824030",-122.96878663266,38.0926205191231,"GCS","NAD83","Map",1997-06-04,,,,,,,,,,,,,,,"No","No",,"No",,,,3,2,2,,,,,,"No",,,"No",,,"No",,,,,,,,,"Raw",2019-06-24 11:15:22,"swakamiya","Event","HumanObservation"
"PORE","Point Reyes National Seashore","NP12_1999","{764DC5D8-DDE7-49E6-B146-A9328A9BB8B6}","NP","North Beach - Abbott's",1999,,,"Charadrius nivosus","Western Snowy Plover","824030",-122.969311309904,38.0924223766454,"GCS","NAD83",,1999-06-05,,"Square",,,,,,,,,,,,,"No","No",,"No",,,,3,2,1,,,,,,"No",,,"No",,,"No",,"Y/PV",,,,,"1 egg did not hatch",,"Raw",2019-06-24 11:15:22,"swakamiya","Event","HumanObservation"
"PORE","Point Reyes National Seashore","NP12_2000","{764DC5D8-DDE7-49E6-B146-A9328A9BB8B6}","NP","North Beach - Abbott's",2000,,,"Charadrius nivosus","Western Snowy Plover","824030",-122.962494908653,38.1082648053282,"GCS","NAD83",,2000-05-22,,,,,,,,,,,,,,,"No","No",,"No",,,,2,0,0,,,,,,"No",,,"No",,,"No",,,,,,,"Failed to hatch",,"Raw",2019-06-24 11:15:22,"swakamiya","Event","HumanObservation"
"PORE","Point Reyes National Seashore","NP12_2001","{764DC5D8-DDE7-49E6-B146-A9328A9BB8B6}","NP","North Beach - Abbott's",2001,,,"Charadrius nivosus","Western Snowy Plover","824030",-122.961741340773,38.1096615358601,"GCS","NAD83","Pro Xr",2001-04-29,,"Square",,,,,,,,,,,,,"No","No",,"No",,,,3,3,1,,,,,,"No",,,"No",,,"No",,,,,,,"Fledged 1",,"Raw",2019-06-24 11:15:22,"swakamiya","Event","HumanObservation"
"PORE","Point Reyes National Seashore","NP12_2002","{764DC5D8-DDE7-49E6-B146-A9328A9BB8B6}","NP","North Beach - Abbott's",2002,,,"Charadrius nivosus","Western Snowy Plover","824030",-122.969174720752,38.0918004605778,"GCS","NAD83","Garmin 3+",2002-05-24,,"None",,,,,,,,,,,,,"No","No",2002-05-22,"No",,,,3,0,0,,,,,,"No",,,"No",,,"No",,,,,,,"Predation: Fox",,"Raw",2019-06-24 11:15:22,"swakamiya","Event","HumanObservation"
"PORE","Point Reyes National Seashore","NP12_2003","{764DC5D8-DDE7-49E6-B146-A9328A9BB8B6}","NP","North Beach - Abbott's",2003,,,"Charadrius nivosus","Western Snowy Plover","824030",-122.964470717636,38.103191248345,"GCS","NAD83","Garmin 3+",2003-05-30,,"Square",,,,,,,,,,,,,"No","No",2003-05-30,"No",2003-06-25,,,3,1,1,,,,,,"No",,,"No",,,"No",,,,,,,,,"Raw",2019-06-24 11:15:22,"swakamiya","Event","HumanObservation"
"PORE","Point Reyes National Seashore","NP12_2004","{764DC5D8-DDE7-49E6-B146-A9328A9BB8B6}","NP","North Beach - Abbott's",2004,,,"Charadrius nivosus","Western Snowy Plover","824030",-122.96405974439,38.1039301680842,"GCS","NAD83","Garmin 3+",2004-06-24,,"Square",,,,,,,,,,,,,"No","No",2004-06-24,"No",2004-07-24,,,3,3,0,,,,,,"No",,,"No",,,"No",,,,,,,"chicks lost at unknown time",,"Raw",2019-06-24 11:15:22,"swakamiya","Event","HumanObservation"
"PORE","Point Reyes National Seashore","NP12_2005","{764DC5D8-DDE7-49E6-B146-A9328A9BB8B6}","NP","North Beach - Abbott's",2005,,,"Charadrius nivosus","Western Snowy Plover","824030",,,,,,2005-06-20,,,,,,,,,,,,,,,"No","No",,"No",,,,3,,,2005-07-04,"Depredated by Known Predator","Red/grey fox",,,"No",,,"No",,,"No",,,,,,,,,"Raw",2019-06-24 11:15:22,"swakamiya","Event","HumanObservation"
"PORE","Point Reyes National Seashore","NP12_2006","{764DC5D8-DDE7-49E6-B146-A9328A9BB8B6}","NP","North Beach - Abbott's",2006,,,"Charadrius nivosus","Western Snowy Plover","824030",,,,,,2006-07-14,,"Unknown",,,,,,,,,,,,,"No","No",,"No",2006-08-09,,,3,3,2,,,,,,"No",,,"No",,,"No",,,"go:br",,,,,,"Raw",2019-06-24 11:15:22,"swakamiya","Event","HumanObservation"
"PORE","Point Reyes National Seashore","NP12_2007","{764DC5D8-DDE7-49E6-B146-A9328A9BB8B6}","NP","North Beach - Abbott's",2007,,,"Charadrius nivosus","Western Snowy Plover","824030",,,,,,2007-06-20,,"Unknown",,,,,,,,,,,,,"No","No",,"No",2007-07-17,,,3,3,2,,,,,,"No",,,"No",,,"No",,,,,,,,,"Raw",2019-06-24 11:15:22,"swakamiya","Event","HumanObservation"
"PORE","Point Reyes National Seashore","NP12_2009","{764DC5D8-DDE7-49E6-B146-A9328A9BB8B6}","NP","North Beach - Abbott's",2009,,,"Charadrius nivosus","Western Snowy Plover","824030",-122.962665880052,38.1085172163025,"GCS","NAD83",,2009-07-18,2009-07-18,"Square","RKEP","No","Yes","Yes","No","No","No","Yes","No","Yes","No","No","No","No",2009-07-16,"No",2009-08-16,,,3,3,,,,,2009-08-16,0,"Yes",2009-08-22,6,"Yes",2009-08-22,6,"Yes",,"/Oy",,,,,"lost 1 chick at 0-1 days old, 2 chicks at 6 days old.",,"Raw",2019-06-24 11:15:22,"swakamiya","Event","HumanObservation"
"PORE","Point Reyes National Seashore","NP12_2011","{764DC5D8-DDE7-49E6-B146-A9328A9BB8B6}","NP","North Beach - Abbott's",2011,,,"Charadrius nivosus","Western Snowy Plover","824030",-122.956809161543,38.1171494009942,"GCS","NAD83","Garmin",2011-08-05,2011-08-05,"Square","VRE","No","Yes","No","No","No","Yes","Yes","No","No","No","No","No","Yes",2011-07-24,"No",2011-08-24,2011-09-21,,3,3,2,,,,2011-08-29,5,"No",,,"No",,,"No",,,,,,,,,"Raw",2019-06-24 11:15:22,"swakamiya","Event","HumanObservation"
"PORE","Point Reyes National Seashore","NP12_2014","{764DC5D8-DDE7-49E6-B146-A9328A9BB8B6}","NP","North Beach - Abbott's",2014,,,"Charadrius nivosus","Western Snowy Plover","824030",-122.972838577546,38.0833113396005,"GCS","NAD83","Garmin",2014-05-01,2014-05-01,"Round","SVE","Yes","No","No","No","No","Yes","Yes","No","No","No","No","No","No",2014-04-27,"No",2014-05-28,,,3,3,0,,,,2014-06-03,7,"No",2014-06-03,7,"No",2014-06-11,15,"No",,"y/l:b",,,,,"Exclosed because closer to North Beach Parking lot and the high nest loss that had occurred so far in the season.",,"Raw",2019-06-24 11:15:22,"swakamiya","Event","HumanObservation"
"PORE","Point Reyes National Seashore","NP12_2015","{764DC5D8-DDE7-49E6-B146-A9328A9BB8B6}","NP","North Beach - Abbott's",2015,,,"Charadrius nivosus","Western Snowy Plover","824030",-122.974071519449,38.0792288310091,"GCS","NAD83","Garmin",2015-05-20,2015-05-21,"Round","RVE","No","Yes","No","No","No","Yes","Yes","No","No","No","No","No","No",2015-05-15,"No",2015-06-14,,,3,3,0,,,,2015-06-18,5,"No",2015-06-18,5,"No",2015-06-22,9,"No",,,,,,,"Exclosed because close to North Beach parking lot.",,"Raw",2019-06-24 11:15:22,"swakamiya","Event","HumanObservation"
"PORE","Point Reyes National Seashore","NP12_2016","{764DC5D8-DDE7-49E6-B146-A9328A9BB8B6}","NP","North Beach - Abbott's",2016,,,"Charadrius nivosus","Western Snowy Plover","824030",-122.971034915232,38.0884391738218,"GCS","NAD83","Garmin",2016-06-06,2016-06-06,"Round","SRTE","Yes","Yes","No","No","Yes","No","Yes","No","No","No","No","No","No",,"Yes",2016-07-02,,2016-06-19,3,3,0,,,,2016-07-20,18,"No",,,"No",,,"No",,"x:x","x:x",,,,"Nest floated to estimate hatching date.",,"Raw",2019-06-24 11:15:22,"swakamiya","Event","HumanObservation"
"PORE","Point Reyes National Seashore","NP12_2017","{764DC5D8-DDE7-49E6-B146-A9328A9BB8B6}","NP","North Beach - Abbott's",2017,,,"Charadrius nivosus","Western Snowy Plover","824030",-122.967633450633,38.09569355664,"GCS","NAD83","Garmin",2017-06-01,2017-06-05,"Round","SVWD","Yes","No","No","Yes","No","Yes","No","Yes","No","No","No","No","No",2017-06-01,"No",2017-07-03,2017-07-31,,3,3,2,,,,2017-07-05,2,"No",,,"No",,,"No",,"x:x","x:x",,,,"Chicks left unbanded",,"Raw",2019-06-24 11:15:22,"swakamiya","Event","HumanObservation"
"PORE","Point Reyes National Seashore","NP12_2018","{764DC5D8-DDE7-49E6-B146-A9328A9BB8B6}","NP","North Beach - Abbott's",2018,,,"Charadrius nivosus","Western Snowy Plover","824030",-122.971069381701,38.0877902632736,"GCS","NAD83","Garmin",2018-06-15,2018-06-15,"Round","SVKE","Yes","No","Yes","No","No","Yes","Yes","No","No","No","No","No","No",,"Yes",2018-07-13,,2018-07-14,3,3,0,,"Unknown",,,,"No",,,"No",,,"No",,"ao:by","x:x",,,,,,"Raw",2019-06-24 11:15:22,"swakamiya","Event","HumanObservation"
"PORE","Point Reyes National Seashore","NP12_2019","{764DC5D8-DDE7-49E6-B146-A9328A9BB8B6}","NP","North Beach - Abbott's",2019,,,"Charadrius nivosus","Western Snowy Plover","824030",-122.970932429375,38.0880696251849,"GCS","NAD83","Garmin",2019-06-24,,,"SVD","Yes","No","No","No","No","Yes","No","Yes","No","No","No","No","No",,"Yes",,,,2,,,2019-06-28,"Depredated by Known Predator","Common raven",,,"No",,,"No",,,"No",,"x:x","x:x",,,,,,"Raw",2019-08-23 13:43:09,"mlau","Event","HumanObservation"
"PORE","Point Reyes National Seashore","NP12_2020","{764DC5D8-DDE7-49E6-B146-A9328A9BB8B6}","NP","North Beach - Abbott's",2020,,,"Charadrius nivosus","Western Snowy Plover","824030",-122.974801349526,38.0789586064042,"GCS","NAD83","Garmin",2020-06-09,2020-06-09,"Round","SVE","Yes","No","No","No","No","Yes","Yes","No","No","No","No","No","No",2020-06-09,"No",,,,1,0,0,2020-06-12,"Abandoned",,,,"No",,,"No",,,"No",,"x:x","x:x",,,,,,"Raw",2020-09-18 12:12:42,"mjayl","Event","HumanObservation"
"PORE","Point Reyes National Seashore","NP12_2021","{764DC5D8-DDE7-49E6-B146-A9328A9BB8B6}","NP","North Beach - Abbott's",2021,,,"Charadrius nivosus","Western Snowy Plover","824030",-122.960971828441,38.1109564120875,"GCS","NAD83",,2021-07-19,2021-07-19,"Round","RWD","No","Yes","No","Yes","No","No","No","Yes","No","No","No","No","Yes",,"Yes",2021-08-14,,2021-08-14,3,3,0,,,,,,"No",,,"No",,,"No",,"as:wy","x:x",,,,,,"Accepted",2021-12-13 10:32:03,"EEdson","Event","HumanObservation"
"PORE","Point Reyes National Seashore","NP12_2022","{764DC5D8-DDE7-49E6-B146-A9328A9BB8B6}","NP","North Beach - Abbott's",2022,,,"Charadrius nivosus","Western Snowy Plover","824030",-122.974092729766,38.0805149589857,"GCS","NAD83",,2022-05-28,2022-05-28,"Mini-Exclosure","SWE","Yes","No","No","Yes","No","No","Yes","No","No","No","No","No","No",,"Yes",2022-06-27,2022-07-24,2022-06-27,3,3,3,,,,,,"No",,,"No",,,"No",,"as:wy","Po:aa",,,,,,"Provisional",2022-08-20 17:17:54,"mlau","Event","HumanObservation"
"PORE","Point Reyes National Seashore","NP12_2023","{764DC5D8-DDE7-49E6-B146-A9328A9BB8B6}","NP","North Beach - Abbott's",2023,,,"Charadrius nivosus","Western Snowy Plover","824030",-122.971883023849,38.0862907354798,"GCS","WGS84",,2023-05-22,2023-05-22,"Mini-Exclosure","SRWE","Yes","Yes","No","Yes","No","No","Yes","No","No","No","No","No","No",2023-05-21,"No",2023-06-24,,2023-06-24,3,2,0,,,,,,"No",,,"No",,,"No",,"av:gg","va:yw",,,,,,"Raw",2023-09-13 13:32:29,"mjayl","Event","HumanObservation"
"PORE","Point Reyes National Seashore","NP12_2024","{764DC5D8-DDE7-49E6-B146-A9328A9BB8B6}","NP","North Beach - Abbott's",2024,,,"Charadrius nivosus","Western Snowy Plover","824030",-122.9727,38.08354,"GCS","WGS84",,2024-05-29,2024-05-29,"Mini-Exclosure","SWE","Yes","No","No","Yes","No","No","Yes","No","No","No","No","No","No",,"Yes",2024-06-29,2024-07-26,2024-06-29,3,2,1,,,,,,"No",,,"No",,,"No",,"av:rg","rv:bb",,,,,,"Accepted",2026-04-22 09:55:16,"ksherrill","Event","HumanObservation"
"PORE","Point Reyes National Seashore","NP12_2025","{764DC5D8-DDE7-49E6-B146-A9328A9BB8B6}","NP","North Beach - Abbott's",2025,,,"Charadrius nivosus","Western Snowy Plover","824030",-122.959347416205,38.1161726211384,"GCS","WGS84",,2025-05-19,2025-05-19,"Mini-Exclosure","RW","No","Yes","No","Yes","No","No","No","No","No","No","No","No","Yes",2025-05-17,"No",2025-06-15,2025-07-13,,2,2,0,,,,,,"No",,,"No",,,"No",,"av:vg","as:pg",,,,"aspgM+F-2025-05-19; 2e ME OK. adults acting strange though-2025-05-30; 2 warm eggs. CE saw male earlier-2025-06-02",,"Accepted",2026-04-22 09:53:34,"ksherrill","Event","HumanObservation"
"PORE","Point Reyes National Seashore","NP13_1997","{764DC5D8-DDE7-49E6-B146-A9328A9BB8B6}","NP","North Beach - Abbott's",1997,,,"Charadrius nivosus","Western Snowy Plover","824030",-122.968866355186,38.0928728974745,"GCS","NAD83","Map",1997-06-07,,,,,,,,,,,,,,,"No","No",,"No",,,,3,3,2,,,,,,"No",,,"No",,,"No",,,,,,,,,"Raw",2019-06-24 11:15:22,"swakamiya","Event","HumanObservation"
"PORE","Point Reyes National Seashore","NP13_1999","{764DC5D8-DDE7-49E6-B146-A9328A9BB8B6}","NP","North Beach - Abbott's",1999,,,"Charadrius nivosus","Western Snowy Plover","824030",-122.966400323304,38.0987935966241,"GCS","NAD83",,1999-06-18,,"Triangle",,,,,,,,,,,,,"No","No",,"No",,,,3,3,2,,,,,,"No",,,"No",,,"No",,,"GW/RB",,,,"1 chick lost due to inclement weather",,"Raw",2019-06-24 11:15:22,"swakamiya","Event","HumanObservation"
"PORE","Point Reyes National Seashore","NP13_2000","{764DC5D8-DDE7-49E6-B146-A9328A9BB8B6}","NP","North Beach - Abbott's",2000,,,"Charadrius nivosus","Western Snowy Plover","824030",-122.960267671878,38.1136897361639,"GCS","NAD83",,2000-06-26,,,,,,,,,,,,,,,"No","No",,"No",,,,3,3,3,,,,,,"No",,,"No",,,"No",,"OG/YV",,,,,"Fledged 3",,"Raw",2019-06-24 11:15:22,"swakamiya","Event","HumanObservation"
"PORE","Point Reyes National Seashore","NP13_2001","{764DC5D8-DDE7-49E6-B146-A9328A9BB8B6}","NP","North Beach - Abbott's",2001,,,"Charadrius nivosus","Western Snowy Plover","824030",-122.957630618305,38.1170145093069,"GCS","NAD83","Pro Xr",2001-05-01,,"Square",,,,,,,,,,,,,"No","No",2001-05-01,"No",,,,3,1,1,,,,,,"No",,,"No",,,"No",,"AY/BO","-/B",,,,"Fledged 1",,"Raw",2019-06-24 11:15:22,"swakamiya","Event","HumanObservation"
"PORE","Point Reyes National Seashore","NP13_2002","{764DC5D8-DDE7-49E6-B146-A9328A9BB8B6}","NP","North Beach - Abbott's",2002,,,"Charadrius nivosus","Western Snowy Plover","824030",-122.966057875969,38.0994243905263,"GCS","NAD83","Garmin 3+",2002-05-24,,"Square",,,,,,,,,,,,,"No","No",2002-05-22,"No",,,,3,3,1,,,,,,"No",,,"No",,,"No",,,,,,,"Fledged 1",,"Raw",2019-06-24 11:15:22,"swakamiya","Event","HumanObservation"
"PORE","Point Reyes National Seashore","NP13_2003","{764DC5D8-DDE7-49E6-B146-A9328A9BB8B6}","NP","North Beach - Abbott's",2003,,,"Charadrius nivosus","Western Snowy Plover","824030",-122.968375257278,38.0945311134017,"GCS","NAD83","Garmin 3+",2003-06-24,,"Square",,,,,,,,,,,,,"No","No",2003-06-24,"No",2003-07-19,,,3,3,3,,,,,,"No",,,"No",,,"No",,,,,,,,,"Raw",2019-06-24 11:15:22,"swakamiya","Event","HumanObservation"
"PORE","Point Reyes National Seashore","NP13_2004","{764DC5D8-DDE7-49E6-B146-A9328A9BB8B6}","NP","North Beach - Abbott's",2004,,,"Charadrius nivosus","Western Snowy Plover","824030",-122.964139559832,38.1039842689093,"GCS","NAD83","Garmin 3+",2004-06-24,,"Square",,,,,,,,,,,,,"No","No",2004-06-24,"No",2004-07-24,,,3,3,1,,,,,,"No",,,"No",,,"No",,,,,,,"chicks lost at unknown time",,"Raw",2019-06-24 11:15:22,"swakamiya","Event","HumanObservation"
"PORE","Point Reyes National Seashore","NP13_2005","{764DC5D8-DDE7-49E6-B146-A9328A9BB8B6}","NP","North Beach - Abbott's",2005,,,"Charadrius nivosus","Western Snowy Plover","824030",,,,,,2005-06-22,,"Unknown",,,,,,,,,,,,,"No","No",,"No",2005-07-27,,,2,2,2,,,,,,"No",,,"No",,,"No",,,,,,,,,"Raw",2019-06-24 11:15:22,"swakamiya","Event","HumanObservation"
"PORE","Point Reyes National Seashore","NP13_2006","{764DC5D8-DDE7-49E6-B146-A9328A9BB8B6}","NP","North Beach - Abbott's",2006,,,"Charadrius nivosus","Western Snowy Plover","824030",,,,,,2006-07-18,,"Unknown",,,,,,,,,,,,,"No","No",,"No",,,,2,,,2006-08-31,"Eggs Non-viable",,,,"No",,,"No",,,"No",,,,,,,,,"Raw",2019-06-24 11:15:22,"swakamiya","Event","HumanObservation"
"PORE","Point Reyes National Seashore","NP13_2007","{764DC5D8-DDE7-49E6-B146-A9328A9BB8B6}","NP","North Beach - Abbott's",2007,,,"Charadrius nivosus","Western Snowy Plover","824030",,,,,,2007-06-22,,"Unknown",,,,,,,,,,,,,"No","No",,"No",2007-07-21,,,3,3,1,,,,,,"No",,,"No",,,"No",,,,,,,,,"Raw",2019-06-24 11:15:22,"swakamiya","Event","HumanObservation"
"PORE","Point Reyes National Seashore","NP13_2014","{764DC5D8-DDE7-49E6-B146-A9328A9BB8B6}","NP","North Beach - Abbott's",2014,,,"Charadrius nivosus","Western Snowy Plover","824030",-122.964002113057,38.1051558829472,"GCS","NAD83","Garmin",2014-05-09,2014-05-11,"Round","KRE","No","Yes","Yes","No","No","No","Yes","No","No","No","No","No","Yes",2014-05-08,"No",2014-06-12,,,3,3,0,,,,2014-06-13,2,"No",2014-06-25,21,"No",2014-06-25,21,"No",,,,,,,"Exclosed because of high nest loss at that point in the season.",,"Raw",2019-06-24 11:15:22,"swakamiya","Event","HumanObservation"
"PORE","Point Reyes National Seashore","NP13_2015","{764DC5D8-DDE7-49E6-B146-A9328A9BB8B6}","NP","North Beach - Abbott's",2015,,,"Charadrius nivosus","Western Snowy Plover","824030",-122.967610597473,38.0957926906221,"GCS","NAD83","Garmin",2015-06-11,,"None","SWD","Yes","No","No","Yes","No","No","No","Yes","No","No","No","No","No",2015-06-10,"No",,,,2,0,0,2015-06-15,"Depredated by Known Predator","Common raven",,,"No",,,"No",,,"No",,":s","ly:yo",,,,"Did not exclose initially due to lack of time, then failed before decision to exclosure or not could be reached.",,"Raw",2019-06-24 11:15:22,"swakamiya","Event","HumanObservation"
"PORE","Point Reyes National Seashore","NP13_2016","{764DC5D8-DDE7-49E6-B146-A9328A9BB8B6}","NP","North Beach - Abbott's",2016,,,"Charadrius nivosus","Western Snowy Plover","824030",-122.971548855078,38.086429452669,"GCS","NAD83","Garmin",2016-06-06,,"None","SWE","Yes","No","No","Yes","No","No","Yes","No","No","No","No","No","No",,"Yes",,,,3,0,0,2016-06-11,"Depredated by Known Predator","Common raven",,,"No",,,"No",,,"No",,"ao:by","Unknown",,,,"Male likely x:x. Needed floatation.",,"Raw",2019-06-24 11:15:22,"swakamiya","Event","HumanObservation"
"PORE","Point Reyes National Seashore","NP13_2017","{764DC5D8-DDE7-49E6-B146-A9328A9BB8B6}","NP","North Beach - Abbott's",2017,,,"Charadrius nivosus","Western Snowy Plover","824030",-122.974562083318,38.0784448264602,"GCS","NAD83","Garmin",2017-06-02,2017-06-02,"Round","SRVD","Yes","Yes","No","No","No","Yes","No","Yes","No","No","No","No","No",2017-05-30,"No",2017-07-01,2017-07-29,2017-07-02,3,3,3,,,,,,"No",,,"No",,,"No",,"x:x","x:x",,,,,,"Raw",2019-06-24 11:15:22,"swakamiya","Event","HumanObservation"
"PORE","Point Reyes National Seashore","NP13_2018","{764DC5D8-DDE7-49E6-B146-A9328A9BB8B6}","NP","North Beach - Abbott's",2018,,,"Charadrius nivosus","Western Snowy Plover","824030",-122.967267905227,38.0970273426342,"GCS","NAD83","Garmin",2018-06-20,,"None","SVE","Yes","No","No","No","No","Yes","Yes","No","No","No","No","No","No",,"Yes",,,,3,0,0,2018-06-21,"Depredated by Known Predator","Common raven",,,"No",,,"No",,,"No",,"x:x","unk",,,,,,"Raw",2019-06-24 11:15:22,"swakamiya","Event","HumanObservation"
"PORE","Point Reyes National Seashore","NP13_2019","{764DC5D8-DDE7-49E6-B146-A9328A9BB8B6}","NP","North Beach - Abbott's",2019,,,"Charadrius nivosus","Western Snowy Plover","824030",-122.970578555482,38.0889798262655,"GCS","NAD83","Garmin",2019-06-28,2019-07-01,"Round","SWE","Yes","No","No","Yes","No","No","Yes","No","No","No","No","No","No",2019-06-28,"No",2019-07-31,2019-08-27,2019-08-01,3,2,1,,,,,,"No",,,"No",,,"No",,"x:x","as:yy",,,,,,"Raw",2019-08-23 13:44:54,"mlau","Event","HumanObservation"
"PORE","Point Reyes National Seashore","NP13_2020","{764DC5D8-DDE7-49E6-B146-A9328A9BB8B6}","NP","North Beach - Abbott's",2020,,,"Charadrius nivosus","Western Snowy Plover","824030",-122.967530588998,38.0961892296407,"GCS","NAD83","Garmin",2020-06-09,,"None","SWD","Yes","No","No","Yes","No","No","No","Yes","No","No","No","No","No",,"Yes",,,,1,0,0,2020-06-10,"Depredated by Known Predator","Common raven",,,"No",,,"No",,,"No",,"unk","unk",,,,,,"Raw",2020-09-18 12:13:55,"mjayl","Event","HumanObservation"
"PORE","Point Reyes National Seashore","NP13_2021","{764DC5D8-DDE7-49E6-B146-A9328A9BB8B6}","NP","North Beach - Abbott's",2021,,,"Charadrius nivosus","Western Snowy Plover","824030",-122.959696682771,38.1148071194597,"GCS","NAD83",,2021-07-20,,"None",,,,,,,,,,,,,"No","No",,"Yes",,2021-08-14,,3,3,3,,,,,,"No",,,"No",,,"No",,"unk","Po:aa",,,,"Found as a brood, north NP/RA interface near old crab pots in foredunes (UTMs are location of discovery). Po:aa first observed lure displaying, then watched him brood on x:x chick (male C-AC); chick appeared to be about a week old, however I last saw Po:aa on 7/14 hanging out on south NP so 7/15 would probably be earliest hatch date. Chicks left unbanded and all 3 fledged! We do not know the location of the nest site, but likely in north RA or north NP (near lagoon mouth).",,"Accepted",2021-12-13 10:32:03,"EEdson","Event","HumanObservation"
"PORE","Point Reyes National Seashore","NP13_2022","{764DC5D8-DDE7-49E6-B146-A9328A9BB8B6}","NP","North Beach - Abbott's",2022,,,"Charadrius nivosus","Western Snowy Plover","824030",-122.972250742736,38.0848767205308,"GCS","NAD83",,2022-05-28,2022-05-28,"Mini-Exclosure","SVE","Yes","No","No","No","No","Yes","Yes","No","No","No","No","No","No",,"Yes",2022-06-26,2022-07-23,2022-07-01,3,3,3,,,,,,"No",,,"No",,,"No",,"av:rg","as:yy",,,,"R. DiGaudio found the brood and the male north of nest a few days after hatch. Found 5 total chicks under the care of as:yy, male - we believe 2 chicks were adopted or kidnapped from the NP11 brood, which hatched around the same time.",,"Provisional",2022-08-20 17:22:51,"mlau","Event","HumanObservation"
"PORE","Point Reyes National Seashore","NP13_2023","{764DC5D8-DDE7-49E6-B146-A9328A9BB8B6}","NP","North Beach - Abbott's",2023,,,"Charadrius nivosus","Western Snowy Plover","824030",-122.970658453148,38.0887995899761,"GCS","WGS84",,2023-05-31,2023-05-31,"Mini-Exclosure",,,,,,,,,,,,,"No","No",2023-05-31,"No",2023-07-02,2023-07-29,,3,3,1,,,,,,"No",,,"No",,,"No",,"av:rg","as:yy",,,,,,"Raw",2023-09-13 13:35:16,"mjayl","Event","HumanObservation"
"PORE","Point Reyes National Seashore","NP13_2024","{764DC5D8-DDE7-49E6-B146-A9328A9BB8B6}","NP","North Beach - Abbott's",2024,,,"Charadrius nivosus","Western Snowy Plover","824030",-122.96466,38.1032,"GCS","WGS84",,2024-06-06,2024-06-06,"Mini-Exclosure","SWVE","Yes","No","No","Yes","No","Yes","Yes","No","No","No","No","No","Yes",,"Yes",2024-06-14,,2024-06-13,3,3,0,,,,,,"No",,,"No",,,"No",,"x:x","va:ga",,,,,,"Accepted",2026-04-22 09:55:16,"ksherrill","Event","HumanObservation"
"PORE","Point Reyes National Seashore","NP13_2025","{764DC5D8-DDE7-49E6-B146-A9328A9BB8B6}","NP","North Beach - Abbott's",2025,,,"Charadrius nivosus","Western Snowy Plover","824030",-122.967111561278,38.0977262693911,"GCS","WGS84",,2025-05-20,,,"RWED","No","Yes","No","Yes","No","No","Yes","Yes","No","No","No","No","Yes",,"No",,,,3,0,0,2025-06-16,"Depredated by Known Predator","Common raven",,,"No",,,"No",,,"No",,"x:x","x:x?",,,,"0 10 15. xxM-2025-05-20; About 12m from high tide line. Crazy it made it-2025-05-28; Set up fence. Tight sitter-2025-05-30; Lucky 13 got lucky again. Barely missed getting taken out by the tide but still warm. xxF nearby-2025-06-02; xx f on nest, observed",,"Accepted",2026-04-22 09:53:34,"ksherrill","Event","HumanObservation"
"PORE","Point Reyes National Seashore","NP14_1997","{764DC5D8-DDE7-49E6-B146-A9328A9BB8B6}","NP","North Beach - Abbott's",1997,,,"Charadrius nivosus","Western Snowy Plover","824030",-122.969962282123,38.0901423166819,"GCS","NAD83","Map",1997-06-09,,,,,,,,,,,,,,,"No","No",,"No",,,,3,3,1,,,,,,"No",,,"No",,,"No",,,,,,,,,"Raw",2019-06-24 11:15:22,"swakamiya","Event","HumanObservation"
"PORE","Point Reyes National Seashore","NP14_1999","{764DC5D8-DDE7-49E6-B146-A9328A9BB8B6}","NP","North Beach - Abbott's",1999,,,"Charadrius nivosus","Western Snowy Plover","824030",-122.959022582601,38.1166815323934,"GCS","NAD83",,1999-06-20,,"Square",,,,,,,,,,,,,"No","No",,"No",,,,3,3,3,,,,,,"No",,,"No",,,"No",,,,,,,,,"Raw",2019-06-24 11:15:22,"swakamiya","Event","HumanObservation"
"PORE","Point Reyes National Seashore","NP14_2000","{764DC5D8-DDE7-49E6-B146-A9328A9BB8B6}","NP","North Beach - Abbott's",2000,,,"Charadrius nivosus","Western Snowy Plover","824030",-122.966309247353,38.09843306062,"GCS","NAD83",,2000-06-27,,,,,,,,,,,,,,,"No","No",,"No",,,,3,3,2,,,,,,"No",,,"No",,,"No",,,,,,,"Fledged 2",,"Raw",2019-06-24 11:15:22,"swakamiya","Event","HumanObservation"
"PORE","Point Reyes National Seashore","NP14_2001","{764DC5D8-DDE7-49E6-B146-A9328A9BB8B6}","NP","North Beach - Abbott's",2001,,,"Charadrius nivosus","Western Snowy Plover","824030",-122.968409882053,38.0935757706599,"GCS","NAD83","Pro Xr",2001-05-07,,"None",,,,,,,,,,,,,"No","No",,"No",,,,3,0,0,,,,,,"No",,,"No",,,"No",,,,,,,"Predation: Coyote",,"Raw",2019-06-24 11:15:22,"swakamiya","Event","HumanObservation"
"PORE","Point Reyes National Seashore","NP14_2002","{764DC5D8-DDE7-49E6-B146-A9328A9BB8B6}","NP","North Beach - Abbott's",2002,,,"Charadrius nivosus","Western Snowy Plover","824030",-122.957527768683,38.1173209046325,"GCS","NAD83","Garmin 3+",2002-05-24,,"Square",,,,,,,,,,,,,"No","No",2002-05-22,"No",,,,3,3,3,,,,,,"No",,,"No",,,"No",,"RB/GP","  /B",,,,"Fledged 3",,"Raw",2019-06-24 11:15:22,"swakamiya","Event","HumanObservation"
"PORE","Point Reyes National Seashore","NP14_2003","{764DC5D8-DDE7-49E6-B146-A9328A9BB8B6}","NP","North Beach - Abbott's",2003,,,"Charadrius nivosus","Western Snowy Plover","824030",-122.96325994002,38.1066968312344,"GCS","NAD83","Garmin 3+",2003-07-11,,"Square",,,,,,,,,,,,,"No","No",2003-07-11,"No",2003-08-07,,,3,3,2,,,,,,"No",,,"No",,,"No",,,,,,,,,"Raw",2019-06-24 11:15:22,"swakamiya","Event","HumanObservation"
"PORE","Point Reyes National Seashore","NP14_2004","{764DC5D8-DDE7-49E6-B146-A9328A9BB8B6}","NP","North Beach - Abbott's",2004,,,"Charadrius nivosus","Western Snowy Plover","824030",-122.967621978333,38.0958467702734,"GCS","NAD83","Garmin 3+",2004-06-29,,"None",,,,,,,,,,,,,"No","No",2004-06-29,"No",,,,1,0,0,2004-07-29,"Abandoned",,,,"No",,,"No",,,"No","Human","PR:BY","WR:YO",,,,"under log / camper near /abandoned",,"Raw",2019-06-24 11:15:22,"swakamiya","Event","HumanObservation"
"PORE","Point Reyes National Seashore","NP14_2005","{764DC5D8-DDE7-49E6-B146-A9328A9BB8B6}","NP","North Beach - Abbott's",2005,,,"Charadrius nivosus","Western Snowy Plover","824030",,,,,,2005-07-05,,"Unknown",,,,,,,,,,,,,"No","No",,"No",2005-08-08,,,3,2,2,,,,,,"No",,,"No",,,"No",,,,,,,,,"Raw",2019-06-24 11:15:22,"swakamiya","Event","HumanObservation"
"PORE","Point Reyes National Seashore","NP14_2007","{764DC5D8-DDE7-49E6-B146-A9328A9BB8B6}","NP","North Beach - Abbott's",2007,,,"Charadrius nivosus","Western Snowy Plover","824030",,,,,,2007-06-25,,,,,,,,,,,,,,,"No","No",,"No",2007-07-27,,,3,3,3,,,,,,"No",,,"No",,,"No",,,,,,,,,"Raw",2019-06-24 11:15:22,"swakamiya","Event","HumanObservation"
"PORE","Point Reyes National Seashore","NP14_2014","{764DC5D8-DDE7-49E6-B146-A9328A9BB8B6}","NP","North Beach - Abbott's",2014,,,"Charadrius nivosus","Western Snowy Plover","824030",-122.964150886552,38.1041465016809,"GCS","NAD83","Garmin",2014-05-09,2014-05-11,"Round","SKWE","Yes","No","Yes","Yes","No","No","Yes","No","No","No","No","No","Yes",2014-05-08,"No",,,,1,0,0,2014-05-11,"Abandoned",,,,"No",,,"No",,,"No",,"ga:gg","ow:wg",2014-05-18,"Wildlife freezer",,"Exclosed due to high nest loss at that point in the season.",,"Raw",2019-06-24 11:15:22,"swakamiya","Event","HumanObservation"
"PORE","Point Reyes National Seashore","NP14_2015","{764DC5D8-DDE7-49E6-B146-A9328A9BB8B6}","NP","North Beach - Abbott's",2015,,,"Charadrius nivosus","Western Snowy Plover","824030",-122.973877150739,38.0807249089469,"GCS","NAD83","Garmin",2015-06-12,,"None","RWE","No","Yes","No","Yes","No","No","Yes","No","No","No","No","No","No",,"No",,,,3,,,2015-06-15,"Unknown Depredation",,,,"No",,,"No",,,"No",,"Unknown",,,,,"Found as a 3 egg nest thought it could survive until NP12 hatched and could use that exclosure.",,"Raw",2019-06-24 11:15:22,"swakamiya","Event","HumanObservation"
"PORE","Point Reyes National Seashore","NP14_2016","{764DC5D8-DDE7-49E6-B146-A9328A9BB8B6}","NP","North Beach - Abbott's",2016,,,"Charadrius nivosus","Western Snowy Plover","824030",-122.974277016946,38.0784898283113,"GCS","NAD83","Garmin",2016-06-11,2016-06-11,"Round","SRD","Yes","Yes","No","No","No","No","No","Yes","No","No","No","No","No",2016-06-11,"No",2016-07-19,,2016-07-20,2,2,0,,,,,,"No",,,"No",,,"No",,"s:x","x:x",,,,"Unknown status, didn't resight chicks or x:x, male after banding.",,"Raw",2019-06-24 11:15:22,"swakamiya","Event","HumanObservation"
<<<<<<< HEAD
=======
"PORE","Point Reyes National Seashore","RA03_2019","{915091EC-61D4-40EF-92EF-E9EF4B6A26D1}","RA","2011 Dune Restoration Area",2019,,,"Charadrius nivosus","Western Snowy Plover","824030",-122.961113781209,38.1100038136134,"GCS","NAD83","Garmin",2019-04-24,,,"SRWE","Yes","Yes","No","Yes","No","No","Yes","No","No","No","No","Yes","Yes",,"Yes",,,,3,,,2019-04-26,"Depredated by Known Predator","Common raven",,,"No",,,"No",,,"No",,"av:ow?","x:x",,,,,,"Raw",2019-08-23 13:18:05,"mlau","Event","HumanObservation"
"PORE","Point Reyes National Seashore","RA03_2021","{915091EC-61D4-40EF-92EF-E9EF4B6A26D1}","RA","2011 Dune Restoration Area",2021,,,"Charadrius nivosus","Western Snowy Plover","824030",-122.959767813297,38.1140726068583,"GCS","NAD83",,2021-07-27,2021-07-27,"Mini-Exclosure","RWE","No","Yes","No","Yes","No","No","Yes","No","No","No","No","Yes","No",,"Yes",2021-08-18,2021-09-14,2021-08-20,3,1,1,,,,,,"No",,,"No",,,"No",,"av:ow","r/g:g",,,,"2 nonviable eggs, only a single egg hatched.",,"Accepted",2021-12-13 10:32:03,"EEdson","Event","HumanObservation"
"PORE","Point Reyes National Seashore","RA03_2022","{915091EC-61D4-40EF-92EF-E9EF4B6A26D1}","RA","2011 Dune Restoration Area",2022,,,"Charadrius nivosus","Western Snowy Plover","824030",-122.959975024454,38.1127270777445,"GCS","NAD83",,2022-04-20,2022-04-20,"Mini-Exclosure","SRVWE","Yes","Yes","No","Yes","No","Yes","Yes","No","No","No","No","Yes","Yes",2022-04-20,"No",2022-05-25,,2022-05-27,2,1,0,,,,,,"No",,,"No",,,"No",,"av:ob","av:gr",,,,"Captured av:ba f and rebanded to av:ob female, 8021-26928",,"Provisional",2022-11-01 11:16:17,"mlau","Event","HumanObservation"
"PORE","Point Reyes National Seashore","RA03_2023","{915091EC-61D4-40EF-92EF-E9EF4B6A26D1}","RA","2011 Dune Restoration Area",2023,,,"Charadrius nivosus","Western Snowy Plover","824030",-122.961053080593,38.1083148065623,"GCS","WGS84",,2023-04-19,2023-04-19,"Mini-Exclosure","SVE","Yes","No","No","No","No","Yes","Yes","No","No","No","No","Yes","No",,"Yes",2023-05-18,,2023-05-18,3,3,0,,,,,,"No",,,"No",,,"No",,"rv:ga","x:x",,,,"x:x female captured and rebanded to rv:ga, 8021-26978, by C. Eyster",,"Provisional",2023-09-13 11:29:03,"mjayl","Event","HumanObservation"
"PORE","Point Reyes National Seashore","RA03_2024","{764DC5D8-DDE7-49E6-B146-A9328A9BB8B6}","NP","North Beach - Abbott's",2024,,,"Charadrius nivosus","Western Snowy Plover","824030",-122.95948,38.11371,"GCS","WGS84",,2024-06-10,2024-06-10,"Mini-Exclosure","SVE","Yes","No","No","No","No","Yes","Yes","No","No","No","No","Yes","No",,"Yes",2024-07-08,2024-08-04,2024-07-08,3,3,2,,,,,,"No",,,"No",,,"No",,"rv:xx","av:gx",,,,,,"Accepted",2026-04-22 09:55:16,"ksherrill","Event","HumanObservation"
"PORE","Point Reyes National Seashore","RA03_2025","{764DC5D8-DDE7-49E6-B146-A9328A9BB8B6}","NP","North Beach - Abbott's",2025,,,"Charadrius nivosus","Western Snowy Plover","824030",-122.625927116782,38.2284176983064,"GCS","WGS84",,2025-04-14,2025-04-14,"Round","SWVD","Yes","No","No","Yes","No","Yes","No","Yes","No","No","No","Yes","Yes",,"No",,,,3,0,0,2025-05-06,"Wind",,,,"No",,,"No",,,"No",,"x:x","unknown",,,,"F inc. 3e ME ok-2025-04-25; CORA tracks surrounding exclosure, 3 eggs present. Not quite warm, but two eggs cracked; no tapping heard. Adults seen nearby (vaag, rvrb, and xxF). No progress in eggs from Friday; possible abandonment over weekend?-2025-05-06",,"Accepted",2026-04-22 09:53:34,"ksherrill","Event","HumanObservation"
"PORE","Point Reyes National Seashore","RA04_2014","{915091EC-61D4-40EF-92EF-E9EF4B6A26D1}","RA","2011 Dune Restoration Area",2014,,,"Charadrius nivosus","Western Snowy Plover","824030",-122.961639579154,38.1079400707931,"GCS","NAD83","Garmin",2014-05-05,2014-05-05,"Round","RD","No","Yes","No","No","No","No","No","Yes","No","No","No","Yes","No",2014-05-04,"No",2014-06-08,2014-07-05,,3,3,1,,,,2014-06-09,2,"No",2014-06-09,2,"No",,,"No",,,"b/r:y",,,,"Exclosed because of the high nest loss at this point in the season.",,"Raw",2019-06-24 11:15:22,"swakamiya","Event","HumanObservation"
"PORE","Point Reyes National Seashore","RA04_2015","{915091EC-61D4-40EF-92EF-E9EF4B6A26D1}","RA","2011 Dune Restoration Area",2015,,,"Charadrius nivosus","Western Snowy Plover","824030",-122.962096215914,38.1072192002427,"GCS","NAD83","Garmin",2015-04-15,2015-04-16,"Round","RWD","No","Yes","No","Yes","No","No","No","Yes","No","No","No","Yes","No",2015-04-14,"No",2015-05-29,,,3,2,0,,,,2015-06-01,4,"No",2015-06-04,6,"No",,,"No",,,,2015-06-30,"Wildlife Freezer",,"Exclosure was round but larger, used three panels of wire in order to fit around the log the nest was under.",,"Raw",2019-06-24 11:15:22,"swakamiya","Event","HumanObservation"
"PORE","Point Reyes National Seashore","RA04_2016","{915091EC-61D4-40EF-92EF-E9EF4B6A26D1}","RA","2011 Dune Restoration Area",2016,,,"Charadrius nivosus","Western Snowy Plover","824030",-122.957911036269,38.1054693048311,"GCS","NAD83","Garmin",2016-05-31,2016-05-31,"Round","RVE","No","Yes","No","No","No","Yes","Yes","No","No","No","No","Yes","Yes",,"Yes",2016-06-30,,2016-05-31,2,2,0,,,,2016-07-09,10,"Yes",,,"No",,,"No",,"x:x","x:x",,,,,,"Raw",2019-06-24 11:15:22,"swakamiya","Event","HumanObservation"
"PORE","Point Reyes National Seashore","RA04_2017","{915091EC-61D4-40EF-92EF-E9EF4B6A26D1}","RA","2011 Dune Restoration Area",2017,,,"Charadrius nivosus","Western Snowy Plover","824030",-122.96043965942,38.1120675035011,"GCS","NAD83","Garmin",2017-05-10,2017-05-11,"Round","RD","No","Yes","No","No","No","No","No","Yes","No","No","No","Yes","No",,"Yes",2017-06-12,,,2,2,0,,,,2017-06-12,0,"No",2017-06-12,0,"No",,,"No",,"av:ow","x:x",,,,"Chicks likely taken by CORA waiting outside exclosure at hatch (trail cam evidence)",,"Raw",2019-06-24 11:15:22,"swakamiya","Event","HumanObservation"
"PORE","Point Reyes National Seashore","RA04_2018","{915091EC-61D4-40EF-92EF-E9EF4B6A26D1}","RA","2011 Dune Restoration Area",2018,,,"Charadrius nivosus","Western Snowy Plover","824030",-122.961822127051,38.1078590156443,"GCS","NAD83","Garmin",2018-05-11,2018-05-11,"Round","RWVD","No","Yes","No","Yes","No","Yes","No","Yes","No","No","No","Yes","Yes",,"Yes",2018-06-02,,,3,3,0,,"Unknown",,,,"No",,,"No",,,"No",,"x:x","unk",,,,,,"Raw",2019-06-24 11:15:22,"swakamiya","Event","HumanObservation"
"PORE","Point Reyes National Seashore","RA04_2022","{915091EC-61D4-40EF-92EF-E9EF4B6A26D1}","RA","2011 Dune Restoration Area",2022,,,"Charadrius nivosus","Western Snowy Plover","824030",-122.957721508307,38.1176634578281,"GCS","NAD83",,2022-07-18,2022-07-18,"Mini-Exclosure","SVE","Yes","No","No","No","No","Yes","Yes","No","No","No","No","Yes","Yes",,"Yes",,,,3,0,0,2022-08-09,"Eggs Non-viable",,,,"No",,,"No",,,"No",,"r/a:y","unk",,,,,,"Provisional",2022-11-01 11:16:49,"mlau","Event","HumanObservation"
>>>>>>> origin/main
"PORE","Point Reyes National Seashore","NP14_2017","{764DC5D8-DDE7-49E6-B146-A9328A9BB8B6}","NP","North Beach - Abbott's",2017,,,"Charadrius nivosus","Western Snowy Plover","824030",-122.970761189936,38.0885382464396,"GCS","NAD83","Garmin",2017-06-05,,"None","SVD","Yes","No","No","No","No","Yes","No","Yes","No","No","No","No","No",2017-05-27,"No",,,,3,0,0,2017-06-15,"Unknown",,,,"No",,,"No",,,"No",,"x:x","unknown",,,,"Nest failed 6/12 - 6/15",,"Raw",2019-06-24 11:15:22,"swakamiya","Event","HumanObservation"
"PORE","Point Reyes National Seashore","NP14_2018","{764DC5D8-DDE7-49E6-B146-A9328A9BB8B6}","NP","North Beach - Abbott's",2018,,,"Charadrius nivosus","Western Snowy Plover","824030",-122.967667692534,38.0956304767972,"GCS","NAD83","Garmin",2018-06-20,,"None","SWE","Yes","No","No","Yes","No","No","Yes","No","No","No","No","No","No",,"Yes",,,,3,0,0,2018-07-06,"Depredated by Known Predator","Common raven",,,"No",,,"No",,,"No",,"x:x","unk",,,,"Nest was under an arched log.",,"Raw",2019-06-24 11:15:22,"swakamiya","Event","HumanObservation"
"PORE","Point Reyes National Seashore","NP14_2020","{764DC5D8-DDE7-49E6-B146-A9328A9BB8B6}","NP","North Beach - Abbott's",2020,,,"Charadrius nivosus","Western Snowy Plover","824030",-122.967758720217,38.0961081776861,"GCS","NAD83","Garmin",2020-06-09,,"None","SKE","Yes","No","Yes","No","No","No","Yes","No","No","No","No","No","No",,"Yes",,,,1,0,0,2020-06-10,"Depredated by Known Predator","Common raven",,,"No",,,"No",,,"No",,"as:gy","x:x",,,,,,"Raw",2020-09-18 12:14:56,"mjayl","Event","HumanObservation"
"PORE","Point Reyes National Seashore","NP14_2021","{764DC5D8-DDE7-49E6-B146-A9328A9BB8B6}","NP","North Beach - Abbott's",2021,,,"Charadrius nivosus","Western Snowy Plover","824030",-122.958948366758,38.1167959680311,"GCS","NAD83",,2021-08-14,,"None",,,,,,,,,,,,,"No","No",,"Yes",,2021-08-17,,3,3,3,,,,,,"No",,,"No",,,"No",,"Unk","as:vv",,,,"No nest microsite data collected. Another ""nest"" found as a brood and UTMs represent location of where brood was first found. Nest site was likely in northern RA or northern NP near lagoon mouth.Found as:vv with 3 x:x hatchlings near fledging age, so we were missing them on multiple surveys.",,"Accepted",2021-12-13 10:32:03,"EEdson","Event","HumanObservation"
"PORE","Point Reyes National Seashore","NP14_2022","{764DC5D8-DDE7-49E6-B146-A9328A9BB8B6}","NP","North Beach - Abbott's",2022,,,"Charadrius nivosus","Western Snowy Plover","824030",-122.961021769075,38.1114277943766,"GCS","NAD83",,2022-06-09,2022-06-09,"Mini-Exclosure","SRWVE","Yes","Yes","No","Yes","No","Yes","Yes","No","No","No","No","No","Yes",,"Yes",2022-07-06,2022-08-02,2022-07-06,3,3,2,,,,,,"No",,,"No",,,"No",,"av:oo","av:yg",,,,"Adult x:x female was captured and banded on 7/5/22 - av:oo, 2851-04817. Adult x:x male was captured and banded on 7/6/22 - av:yg, 2851-04819.",,"Provisional",2022-08-20 17:25:57,"mlau","Event","HumanObservation"
"PORE","Point Reyes National Seashore","NP14_2023","{764DC5D8-DDE7-49E6-B146-A9328A9BB8B6}","NP","North Beach - Abbott's",2023,,,"Charadrius nivosus","Western Snowy Plover","824030",-122.961137004186,38.1113845704511,"GCS","WGS84",,2023-06-01,2023-06-01,"Mini-Exclosure","SWVE","Yes","No","No","Yes","No","Yes","Yes","No","No","No","No","No","Yes",2023-05-31,"No",,,,1,0,0,2023-06-08,"Abandoned",,,,"No",,,"No",,,"No",,"av:ob","x:x",,,,"egg dump",,"Raw",2023-09-13 13:36:38,"mjayl","Event","HumanObservation"
"PORE","Point Reyes National Seashore","NP14_2024","{764DC5D8-DDE7-49E6-B146-A9328A9BB8B6}","NP","North Beach - Abbott's",2024,,,"Charadrius nivosus","Western Snowy Plover","824030",-122.97419,38.08003,"GCS","WGS84",,2024-06-13,2024-06-13,"Mini-Exclosure","SWE","Yes","No","No","Yes","No","No","Yes","No","No","No","No","No","No",2024-06-13,"No",2024-07-14,2024-08-11,2024-07-14,3,3,2,,,,,,"No",,,"No",,,"No",,"x:x","va:go",,,,,,"Accepted",2026-04-22 09:55:16,"ksherrill","Event","HumanObservation"
"PORE","Point Reyes National Seashore","NP14_2025","{764DC5D8-DDE7-49E6-B146-A9328A9BB8B6}","NP","North Beach - Abbott's",2025,,,"Charadrius nivosus","Western Snowy Plover","824030",-122.962649477514,38.1077107369643,"GCS","WGS84",,2025-05-21,,,"SRWVED","Yes","Yes","No","Yes","No","Yes","Yes","Yes","No","No","No","No","Yes",,"No",,,,3,0,0,2025-06-09,"Unknown",,,,"No",,,"No",,,"No",,"va:ay","x:x?",,,,"70,80,90-2025-05-21; 3e still present-2025-05-28; 3e ok-2025-06-02; Nest basically undisturbed. Hard to tell if depredated or hatch-2025-06-09",,"Accepted",2026-04-22 09:53:34,"ksherrill","Event","HumanObservation"
"PORE","Point Reyes National Seashore","NP15_1997","{764DC5D8-DDE7-49E6-B146-A9328A9BB8B6}","NP","North Beach - Abbott's",1997,,,"Charadrius nivosus","Western Snowy Plover","824030",-122.962986331649,38.1064083378155,"GCS","NAD83","Map",1997-06-20,,,,,,,,,,,,,,,"No","No",,"No",,,,3,3,2,,,,,,"No",,,"No",,,"No",,,,,,,,,"Raw",2019-06-24 11:15:22,"swakamiya","Event","HumanObservation"
"PORE","Point Reyes National Seashore","NP15_1999","{764DC5D8-DDE7-49E6-B146-A9328A9BB8B6}","NP","North Beach - Abbott's",1999,,,"Charadrius nivosus","Western Snowy Plover","824030",-122.969676694655,38.0913319277053,"GCS","NAD83",,1999-06-24,,"Square",,,,,,,,,,,,,"No","No",,"No",,,,3,3,1,,,,,,"No",,,"No",,,"No",,"AR/YL","YGY/R",,,,,,"Raw",2019-06-24 11:15:22,"swakamiya","Event","HumanObservation"
"PORE","Point Reyes National Seashore","NP15_2000","{764DC5D8-DDE7-49E6-B146-A9328A9BB8B6}","NP","North Beach - Abbott's",2000,,,"Charadrius nivosus","Western Snowy Plover","824030",-122.960416412019,38.1128696283501,"GCS","NAD83",,2000-07-05,,,,,,,,,,,,,,,"No","No",,"No",,,,,0,0,,,,,,"No",,,"No",,,"No",,,,,,,"Adult predated",,"Raw",2019-06-24 11:15:22,"swakamiya","Event","HumanObservation"
"PORE","Point Reyes National Seashore","NP15_2001","{764DC5D8-DDE7-49E6-B146-A9328A9BB8B6}","NP","North Beach - Abbott's",2001,,,"Charadrius nivosus","Western Snowy Plover","824030",-122.961148426849,38.1092016920019,"GCS","NAD83","Pro Xr",2001-05-07,,"None",,,,,,,,,,,,,"No","No",,"No",,,,3,0,0,,,,,,"No",,,"No",,,"No",,,,,,,"Predation: Coyote",,"Raw",2019-06-24 11:15:22,"swakamiya","Event","HumanObservation"
"PORE","Point Reyes National Seashore","NP15_2002","{764DC5D8-DDE7-49E6-B146-A9328A9BB8B6}","NP","North Beach - Abbott's",2002,,,"Charadrius nivosus","Western Snowy Plover","824030",-122.963123321318,38.1061830624813,"GCS","NAD83","Garmin 3+",2002-05-29,,"Square",,,,,,,,,,,,,"No","No",2002-05-29,"No",,,,3,2,2,,,,,,"No",,,"No",,,"No",,,,,,,"Fledged 2",,"Raw",2019-06-24 11:15:22,"swakamiya","Event","HumanObservation"
"PORE","Point Reyes National Seashore","NP15_2003","{764DC5D8-DDE7-49E6-B146-A9328A9BB8B6}","NP","North Beach - Abbott's",2003,,,"Charadrius nivosus","Western Snowy Plover","824030",-122.959821466013,38.11608696874,"GCS","NAD83","Garmin 3+",2003-07-12,,"Square",,,,,,,,,,,,,"No","No",2003-07-12,"No",2003-08-07,,,3,3,1,,,,,,"No",,,"No",,,"No",,,,,,,,,"Raw",2019-06-24 11:15:22,"swakamiya","Event","HumanObservation"
"PORE","Point Reyes National Seashore","NP15_2004","{764DC5D8-DDE7-49E6-B146-A9328A9BB8B6}","NP","North Beach - Abbott's",2004,,,"Charadrius nivosus","Western Snowy Plover","824030",-122.967462040442,38.0964595932317,"GCS","NAD83","Garmin 3+",2004-07-01,,"Square",,,,,,,,,,,,,"No","No",2004-07-01,"No",2004-07-30,,,3,3,2,,,,,,"No",,,"No",,,"No",,"PR:BY","WR:YO",,,,"re nest chick loss unknown",,"Raw",2019-06-24 11:15:22,"swakamiya","Event","HumanObservation"
"PORE","Point Reyes National Seashore","NP15_2005","{764DC5D8-DDE7-49E6-B146-A9328A9BB8B6}","NP","North Beach - Abbott's",2005,,,"Charadrius nivosus","Western Snowy Plover","824030",,,,,,2005-07-07,,"Unknown",,,,,,,,,,,,,"No","No",,"No",2005-08-11,,,3,3,2,,,,,,"No",,,"No",,,"No",,,,,,,,,"Raw",2019-06-24 11:15:22,"swakamiya","Event","HumanObservation"
"PORE","Point Reyes National Seashore","NP15_2014","{764DC5D8-DDE7-49E6-B146-A9328A9BB8B6}","NP","North Beach - Abbott's",2014,,,"Charadrius nivosus","Western Snowy Plover","824030",-122.970156312295,38.0897367918447,"GCS","NAD83","Garmin",2014-05-12,,"None","SVE","Yes","No","No","No","No","Yes","Yes","No","No","No","No","No","No",,"No",,,,3,0,0,2014-05-24,"Unknown Depredation",,,,"No",,,"No",,,"No",,,,,,,"Initiation date unknown. Didn't exclose because nest was located in beach grass and found as 3 egg nest.",,"Raw",2019-06-24 11:15:22,"swakamiya","Event","HumanObservation"
"PORE","Point Reyes National Seashore","NP15_2015","{764DC5D8-DDE7-49E6-B146-A9328A9BB8B6}","NP","North Beach - Abbott's",2015,,,"Charadrius nivosus","Western Snowy Plover","824030",-122.96497301467,38.1022720994844,"GCS","NAD83","Garmin",2015-06-13,2015-06-13,"Round","SWV","Yes","No","No","Yes","No","Yes","No","No","No","No","No","No","Yes",2015-06-09,"No",2015-07-09,2015-08-06,,3,3,1,,,,2015-07-09,1,"No",2015-07-12,4,"Yes",,,"No",,,,,,,,,"Raw",2019-06-24 11:15:22,"swakamiya","Event","HumanObservation"
"PORE","Point Reyes National Seashore","NP15_2016","{764DC5D8-DDE7-49E6-B146-A9328A9BB8B6}","NP","North Beach - Abbott's",2016,,,"Charadrius nivosus","Western Snowy Plover","824030",-122.965646893416,38.1002624564984,"GCS","NAD83","Garmin",2016-06-13,,"None","SWVE","Yes","No","No","Yes","No","Yes","Yes","No","No","No","No","No","No",2016-06-12,"No",,,,1,0,0,2016-06-16,"Depredated by Known Predator","Common raven",,,"No",,,"No",,,"No",,"ga:gg","x:x",,,,,,"Raw",2019-06-24 11:15:22,"swakamiya","Event","HumanObservation"
"PORE","Point Reyes National Seashore","NP15_2017","{764DC5D8-DDE7-49E6-B146-A9328A9BB8B6}","NP","North Beach - Abbott's",2017,,,"Charadrius nivosus","Western Snowy Plover","824030",-122.968306853501,38.0944770184459,"GCS","NAD83","Garmin",2017-06-05,,"None","SWE","Yes","No","No","Yes","No","No","Yes","No","No","No","No","No","No",2017-06-03,"No",,,,3,0,0,2017-06-07,"Unknown",,,,"No",,,"No",,,"No",,"x:x","x:x",,,,"Nest failed 6/7 - 6/15",,"Raw",2019-06-24 11:15:22,"swakamiya","Event","HumanObservation"
"PORE","Point Reyes National Seashore","NP15_2018","{764DC5D8-DDE7-49E6-B146-A9328A9BB8B6}","NP","North Beach - Abbott's",2018,,,"Charadrius nivosus","Western Snowy Plover","824030",-122.970042142107,38.0900612222152,"GCS","NAD83","Garmin",2018-06-25,2018-06-25,"Round","SVD","Yes","No","No","No","No","Yes","No","Yes","No","No","No","No","No",,"Yes",,,,3,0,0,2018-07-16,"Abandoned","Unknown predator type",,,"No",,,"No",,,"No",,"x:x","x:x",,,,"Nest was abandoned likely after M. Lau found a pile of feathers outside of exclosure on 7/2/18. Observed female of nest return to nest and incubate. Observations on days after found no adults associated with the nest. Male of nest likely depredated by an unknown predator.",,"Raw",2019-06-24 11:15:22,"swakamiya","Event","HumanObservation"
"PORE","Point Reyes National Seashore","NP15_2020","{764DC5D8-DDE7-49E6-B146-A9328A9BB8B6}","NP","North Beach - Abbott's",2020,,,"Charadrius nivosus","Western Snowy Plover","824030",-122.969254560759,38.0917734432172,"GCS","NAD83","Garmin",2020-06-09,2020-06-12,"Round","SVD","Yes","No","No","No","No","Yes","No","Yes","No","No","No","No","No",,"Yes",2020-07-05,,2020-07-06,3,3,0,,,,,,"No",,,"No",,,"No",,"x:x","x:x",,,,"Only found 2 chicks with male, though it looked like either last egg was depredated and taken or it hatched and chick didn't survive.",,"Provisional",2020-09-18 12:17:44,"mjayl","Event","HumanObservation"
"PORE","Point Reyes National Seashore","NP15_2022","{764DC5D8-DDE7-49E6-B146-A9328A9BB8B6}","NP","North Beach - Abbott's",2022,,,"Charadrius nivosus","Western Snowy Plover","824030",-122.960119536608,38.1133913647764,"GCS","NAD83",,2022-06-17,2022-06-17,"Mini-Exclosure","SRVE","Yes","Yes","No","No","No","Yes","Yes","No","No","No","No","No","Yes",,"Yes",2022-07-09,2022-08-05,2022-07-09,3,3,3,,,,,,"No",,,"No",,,"No",,"va:ry","x:x",,,,,,"Provisional",2022-08-20 17:31:02,"mlau","Event","HumanObservation"
"PORE","Point Reyes National Seashore","NP15_2023","{764DC5D8-DDE7-49E6-B146-A9328A9BB8B6}","NP","North Beach - Abbott's",2023,,,"Charadrius nivosus","Western Snowy Plover","824030",-122.961649490639,38.1107998127398,"GCS","WGS84",,2023-06-13,,,"SRKWE","Yes","Yes","Yes","Yes","No","No","Yes","No","No","No","No","No","Yes",,"Yes",,,,3,0,0,2023-06-26,"Depredated by Known Predator","Common raven",,,"No",,,"No",,,"No",,"va:ry","x:x",,,,,,"Raw",2023-09-13 13:37:39,"mjayl","Event","HumanObservation"
"PORE","Point Reyes National Seashore","NP15_2024","{764DC5D8-DDE7-49E6-B146-A9328A9BB8B6}","NP","North Beach - Abbott's",2024,,,"Charadrius nivosus","Western Snowy Plover","824030",-122.97295,38.08383,"GCS","WGS84",,2024-06-14,,,"SWE","Yes","No","No","Yes","No","No","Yes","No","No","No","No","No","No",2024-06-14,"No",,,,1,,,2024-06-17,"Unknown",,,,"No",,,"No",,,"No",,"x:x","va:yw",,,,,,"Accepted",2026-04-22 09:55:16,"ksherrill","Event","HumanObservation"
<<<<<<< HEAD
"PORE","Point Reyes National Seashore","NP15_2025","{764DC5D8-DDE7-49E6-B146-A9328A9BB8B6}","NP","North Beach - Abbott's",2025,,,"Charadrius nivosus","Western Snowy Plover","824030",-122.961347142794,38.1116672788927,"GCS","WGS84",,2025-05-28,,,"SWE","Yes","No","No","Yes","No","No","Yes","No","No","No","No","No","Yes",2025-05-28,"No",,,,2,0,0,2025-06-18,"Unknown Depredation",,,,"No",,,"No",,,"No",,"av:vb","unknown",,,,"1 egg avvbF-2025-05-28; 2 eggs ok -2025-06-05; 2e ok-2025-06-09",,"Accepted",2026-04-22 09:53:34,"ksherrill","Event","HumanObservation"
"PORE","Point Reyes National Seashore","NP16_1997","{764DC5D8-DDE7-49E6-B146-A9328A9BB8B6}","NP","North Beach - Abbott's",1997,,,"Charadrius nivosus","Western Snowy Plover","824030",-122.966446150096,38.0983429723061,"GCS","NAD83","Map",1997-06-23,,,,,,,,,,,,,,,"No","No",,"No",,,,3,1,1,,,,,,"No",,,"No",,,"No",,,,,,,,,"Raw",2019-06-24 11:15:22,"swakamiya","Event","HumanObservation"
"PORE","Point Reyes National Seashore","NP16_1999","{764DC5D8-DDE7-49E6-B146-A9328A9BB8B6}","NP","North Beach - Abbott's",1999,,,"Charadrius nivosus","Western Snowy Plover","824030",-122.962689275628,38.1073726065489,"GCS","NAD83",,1999-06-25,,"Square",,,,,,,,,,,,,"No","No",,"No",,,,3,3,1,,,,,,"No",,,"No",,,"No",,,,,,,,,"Raw",2019-06-24 11:15:22,"swakamiya","Event","HumanObservation"
"PORE","Point Reyes National Seashore","NP16_2001","{764DC5D8-DDE7-49E6-B146-A9328A9BB8B6}","NP","North Beach - Abbott's",2001,,,"Charadrius nivosus","Western Snowy Plover","824030",-122.961021682862,38.1115900234559,"GCS","NAD83","Pro Xr",2001-05-14,,"None",,,,,,,,,,,,,"No","No",,"No",,,,2,0,0,,,,,,"No",,,"No",,,"No",,"AY/WA",,,,,"Predation: Raven",,"Raw",2019-06-24 11:15:22,"swakamiya","Event","HumanObservation"
"PORE","Point Reyes National Seashore","NP16_2002","{764DC5D8-DDE7-49E6-B146-A9328A9BB8B6}","NP","North Beach - Abbott's",2002,,,"Charadrius nivosus","Western Snowy Plover","824030",-122.957527768683,38.1173209046325,"GCS","NAD83","Garmin 3+",2002-06-06,,"Square",,,,,,,,,,,,,"No","No",2002-06-06,"No",,,,3,3,1,,,,,,"No",,,"No",,,"No",,,,,,,"Fledged 1",,"Raw",2019-06-24 11:15:22,"swakamiya","Event","HumanObservation"
"PORE","Point Reyes National Seashore","NP16_2003","{764DC5D8-DDE7-49E6-B146-A9328A9BB8B6}","NP","North Beach - Abbott's",2003,,,"Charadrius nivosus","Western Snowy Plover","824030",-122.961809805472,38.1096164944775,"GCS","NAD83","Garmin 3+",2003-07-12,,"Square",,,,,,,,,,,,,"No","No",2003-07-12,"No",2003-08-07,,,2,2,2,,,,,,"No",,,"No",,,"No",,,,,,,,,"Raw",2019-06-24 11:15:22,"swakamiya","Event","HumanObservation"
"PORE","Point Reyes National Seashore","NP16_2004","{764DC5D8-DDE7-49E6-B146-A9328A9BB8B6}","NP","North Beach - Abbott's",2004,,,"Charadrius nivosus","Western Snowy Plover","824030",-122.968432551246,38.0939002359576,"GCS","NAD83","Garmin 3+",2004-07-04,,"Square",,,,,,,,,,,,,"No","No",2004-07-04,"No",2004-07-30,,,3,3,2,,,,,,"No",,,"No",,,"No",,"BO:GW",,,,,"chick lost at unknown time",,"Raw",2019-06-24 11:15:22,"swakamiya","Event","HumanObservation"
"PORE","Point Reyes National Seashore","NP16_2014","{764DC5D8-DDE7-49E6-B146-A9328A9BB8B6}","NP","North Beach - Abbott's",2014,,,"Charadrius nivosus","Western Snowy Plover","824030",-122.974254203406,38.0785168616537,"GCS","NAD83","Garmin",2014-05-20,2014-05-22,"Round","RE","No","Yes","No","No","No","No","Yes","No","No","No","No","No","No",,"No",,,,3,0,0,2014-06-06,"Abandoned",,,,"No",,,"No",,,"No",,":s",,2014-07-10,"Wildlife freezer",,"Initiation date unknown. Exclosed because nest located in hard pan area next to North Beach parking lot.",,"Raw",2019-06-24 11:15:22,"swakamiya","Event","HumanObservation"
"PORE","Point Reyes National Seashore","NP16_2015","{764DC5D8-DDE7-49E6-B146-A9328A9BB8B6}","NP","North Beach - Abbott's",2015,,,"Charadrius nivosus","Western Snowy Plover","824030",-122.974344726941,38.0804996925456,"GCS","NAD83","Garmin",2015-06-25,2015-06-25,"Round","RKWE","No","Yes","Yes","Yes","No","No","Yes","No","No","No","No","No","No",2015-06-23,"No",2015-07-22,2015-08-18,,3,3,3,,,,,,"No",,,"No",,,"No",,,"ow:wg",,,,"Exclosed because of NP14 nest loss",,"Raw",2019-06-24 11:15:22,"swakamiya","Event","HumanObservation"
"PORE","Point Reyes National Seashore","NP16_2016","{764DC5D8-DDE7-49E6-B146-A9328A9BB8B6}","NP","North Beach - Abbott's",2016,,,"Charadrius nivosus","Western Snowy Plover","824030",-122.974596295624,38.0784268083014,"GCS","NAD83","Garmin",2016-06-18,2016-06-18,"Round","SRWVD","Yes","Yes","No","Yes","No","Yes","No","Yes","No","No","No","No","No",2016-06-18,"No",2016-07-20,2016-08-17,2016-07-20,3,3,3,,,,,,"No",,,"No",,,"No",,"x:x","x:x",,,,,,"Raw",2019-06-24 11:15:22,"swakamiya","Event","HumanObservation"
"PORE","Point Reyes National Seashore","NP16_2017","{764DC5D8-DDE7-49E6-B146-A9328A9BB8B6}","NP","North Beach - Abbott's",2017,,,"Charadrius nivosus","Western Snowy Plover","824030",-122.974333557723,38.0798327446311,"GCS","NAD83","Garmin",2017-06-20,2017-06-21,"Round","SWE","Yes","No","No","Yes","No","No","Yes","No","No","No","No","No","No",2017-06-19,"No",2017-07-19,2017-08-16,2017-07-20,3,3,0,,,,2017-08-05,14,"Yes",2017-08-05,14,"Yes",2017-08-05,14,"Yes",,"as:gy","av:bb",,,,"All chicks lost 8/5 - 8/8",,"Raw",2019-06-24 11:15:22,"swakamiya","Event","HumanObservation"
"PORE","Point Reyes National Seashore","NP16_2018","{764DC5D8-DDE7-49E6-B146-A9328A9BB8B6}","NP","North Beach - Abbott's",2018,,,"Charadrius nivosus","Western Snowy Plover","824030",-122.967553462313,38.0960450319259,"GCS","NAD83","Garmin",2018-07-02,2018-07-07,"Round","SVKE","Yes","No","Yes","No","No","Yes","Yes","No","No","No","No","No","No",,"Yes",2018-07-29,2018-08-25,2018-07-29,3,3,1,,,,,,"No",,,"No",,,"No",,"x:x","x:x",,,,,,"Raw",2019-06-24 11:15:22,"swakamiya","Event","HumanObservation"
"PORE","Point Reyes National Seashore","NP16_2020","{764DC5D8-DDE7-49E6-B146-A9328A9BB8B6}","NP","North Beach - Abbott's",2020,,,"Charadrius nivosus","Western Snowy Plover","824030",-122.962939891168,38.1080216027189,"GCS","NAD83","Garmin",2020-06-10,,"None","SRE","Yes","Yes","No","No","No","No","Yes","No","No","No","No","No","Yes",,"Yes",,,,2,0,0,2020-06-18,"Depredated by Known Predator","Common raven",,,"No",,,"No",,,"No",,"av:rg","av:gr?",,,,,,"Raw",2020-09-18 12:22:31,"mjayl","Event","HumanObservation"
"PORE","Point Reyes National Seashore","NP16_2022","{764DC5D8-DDE7-49E6-B146-A9328A9BB8B6}","NP","North Beach - Abbott's",2022,,,"Charadrius nivosus","Western Snowy Plover","824030",-122.959553033577,38.1146484461672,"GCS","NAD83",,2022-06-17,2022-06-17,"Mini-Exclosure","RWE","No","Yes","No","Yes","No","No","Yes","No","No","No","No","No","Yes",,"Yes",2022-07-02,2022-07-29,2022-07-02,3,3,1,,,,,,"No",,,"No",,,"No",,"av:ya","av:ag",,,,"Captured x:x male and banded av:ag - 2851-04816.",,"Provisional",2022-08-20 17:38:22,"mlau","Event","HumanObservation"
"PORE","Point Reyes National Seashore","NP16_2023","{764DC5D8-DDE7-49E6-B146-A9328A9BB8B6}","NP","North Beach - Abbott's",2023,,,"Charadrius nivosus","Western Snowy Plover","824030",-122.974164620032,38.0803572502255,"GCS","WGS84",,2023-06-19,,,"SVWD","Yes","No","No","Yes","No","Yes","No","Yes","No","No","No","No","No",,"Yes",,,,3,0,0,2023-06-27,"Depredated by Known Predator","Common raven",,,"No",,,"No",,,"No",,"vb:ya","va:ya",,,,,,"Raw",2023-09-13 13:39:10,"mjayl","Event","HumanObservation"
"PORE","Point Reyes National Seashore","NP16_2024","{764DC5D8-DDE7-49E6-B146-A9328A9BB8B6}","NP","North Beach - Abbott's",2024,,,"Charadrius nivosus","Western Snowy Plover","824030",-122.96927,38.09208,"GCS","WGS84",,2024-06-17,2024-06-17,"Mini-Exclosure","SWKE","Yes","No","Yes","Yes","No","No","Yes","No","No","No","No","No","No",2024-06-16,"No",2024-07-17,,2024-07-17,3,3,0,,,,,,"No",,,"No",,,"No",,"ww:wk","as:yy",,,,,,"Accepted",2026-04-22 09:55:16,"ksherrill","Event","HumanObservation"
"PORE","Point Reyes National Seashore","NP16_2025","{764DC5D8-DDE7-49E6-B146-A9328A9BB8B6}","NP","North Beach - Abbott's",2025,,,"Charadrius nivosus","Western Snowy Plover","824030",-122.963381307556,38.1061282202643,"GCS","WGS84",,2025-05-28,,,"SWE","Yes","No","No","Yes","No","No","Yes","No","No","No","No","No","Yes",2025-05-25,"No",,,,2,0,0,2025-05-30,"Depredated by Known Predator","Common raven",,,"No",,,"No",,,"No",,"va:wv?","av:ry?",,,,"Velella in bowl. 2eggs. Possibly avryM/vawvF nest?-2025-05-28; Tracks leading away from nest. 0e-2025-05-30",,"Accepted",2026-04-22 09:53:34,"ksherrill","Event","HumanObservation"
"PORE","Point Reyes National Seashore","NP17_1997","{764DC5D8-DDE7-49E6-B146-A9328A9BB8B6}","NP","North Beach - Abbott's",1997,,,"Charadrius nivosus","Western Snowy Plover","824030",-122.962106560911,38.1092741067631,"GCS","NAD83","Map",1997-06-26,,,,,,,,,,,,,,,"No","No",,"No",,,,3,2,1,,,,,,"No",,,"No",,,"No",,,,,,,,,"Raw",2019-06-24 11:15:22,"swakamiya","Event","HumanObservation"
"PORE","Point Reyes National Seashore","NP17_2001","{764DC5D8-DDE7-49E6-B146-A9328A9BB8B6}","NP","North Beach - Abbott's",2001,,,"Charadrius nivosus","Western Snowy Plover","824030",-122.963260125084,38.106327309118,"GCS","NAD83","Pro Xr",2001-05-18,,"None",,,,,,,,,,,,,"No","No",,"No",,,,2,0,0,,,,,,"No",,,"No",,,"No",,"AY/WA",,,,,"Predation: Raven",,"Raw",2019-06-24 11:15:22,"swakamiya","Event","HumanObservation"
"PORE","Point Reyes National Seashore","NP17_2002","{764DC5D8-DDE7-49E6-B146-A9328A9BB8B6}","NP","North Beach - Abbott's",2002,,,"Charadrius nivosus","Western Snowy Plover","824030",-122.968934940986,38.0924943798165,"GCS","NAD83","Garmin 3+",2002-06-09,,"Square",,,,,,,,,,,,,"No","No",2002-06-04,"No",,,,3,3,1,,,,,,"No",,,"No",,,"No",,"OG/YV","YB/BY",,,,"Fledged 1",,"Raw",2019-06-24 11:15:22,"swakamiya","Event","HumanObservation"
"PORE","Point Reyes National Seashore","NP17_2014","{764DC5D8-DDE7-49E6-B146-A9328A9BB8B6}","NP","North Beach - Abbott's",2014,,,"Charadrius nivosus","Western Snowy Plover","824030",-122.970498418356,38.0897549037488,"GCS","NAD83","Garmin",2014-05-26,2014-05-26,"Round","SKD","Yes","No","Yes","No","No","No","No","Yes","No","No","No","No","No",2014-05-23,"No",2014-06-26,,,3,3,0,,,,2014-06-29,4,"Yes",2014-07-09,14,"No",2014-07-13,18,"Yes",,,,,,,"Exclosed because NP15 failure near by and probably the same pair 2nd attempt.",,"Raw",2019-06-24 11:15:22,"swakamiya","Event","HumanObservation"
"PORE","Point Reyes National Seashore","NP17_2015","{764DC5D8-DDE7-49E6-B146-A9328A9BB8B6}","NP","North Beach - Abbott's",2015,,,"Charadrius nivosus","Western Snowy Plover","824030",-122.974744125123,38.079580475809,"GCS","NAD83","Garmin",2015-07-02,2015-07-03,"Round","RKWE","No","Yes","Yes","Yes","No","No","Yes","No","No","No","No","No","No",2015-06-27,"No",2015-07-27,2015-08-23,,3,2,2,,,,,,"No",,,"No",,,"No",,,,,,,"Exclosed because of NP14 loss and close to North Beach parking lot",,"Raw",2019-06-24 11:15:22,"swakamiya","Event","HumanObservation"
"PORE","Point Reyes National Seashore","NP17_2016","{764DC5D8-DDE7-49E6-B146-A9328A9BB8B6}","NP","North Beach - Abbott's",2016,,,"Charadrius nivosus","Western Snowy Plover","824030",-122.964641605841,38.1036058859675,"GCS","NAD83","Garmin",2016-06-20,,"None","RWE","No","Yes","No","Yes","No","No","Yes","No","No","No","No","No","No",,"Yes",2016-07-15,2016-08-13,2016-07-11,2,2,1,,,,2016-07-18,3,"Yes",,,"No",,,"No",,"ga:gg","x:x",,,,,,"Raw",2019-06-24 11:15:22,"swakamiya","Event","HumanObservation"
"PORE","Point Reyes National Seashore","NP17_2017","{764DC5D8-DDE7-49E6-B146-A9328A9BB8B6}","NP","North Beach - Abbott's",2017,,,"Charadrius nivosus","Western Snowy Plover","824030",-122.970818164895,38.0886464137654,"GCS","NAD83","Garmin",2017-06-23,,"None","SRKWE","Yes","Yes","Yes","Yes","No","No","Yes","No","No","No","No","No","No",,"Yes",,,,1,0,0,2017-06-26,"Abandoned",,,,"No",,,"No",,,"No",,"x:x","as:yy",,,,,,"Raw",2019-06-24 11:15:22,"swakamiya","Event","HumanObservation"
"PORE","Point Reyes National Seashore","NP17_2018","{764DC5D8-DDE7-49E6-B146-A9328A9BB8B6}","NP","North Beach - Abbott's",2018,,,"Charadrius nivosus","Western Snowy Plover","824030",-122.968067209709,38.0948194382335,"GCS","NAD83","Garmin",2018-07-02,,,"SWKVE","Yes","No","Yes","Yes","No","Yes","Yes","No","No","No","No","No","No",2018-07-01,"No",,,,3,0,0,2018-07-07,"Depredated by Known Predator","Common raven",,,"No",,,"No",,,"No",,"as:wy","as:by",,,,,,"Raw",2019-06-24 11:15:22,"swakamiya","Event","HumanObservation"
"PORE","Point Reyes National Seashore","NP17_2020","{764DC5D8-DDE7-49E6-B146-A9328A9BB8B6}","NP","North Beach - Abbott's",2020,,,"Charadrius nivosus","Western Snowy Plover","824030",-122.974231393011,38.0785348822131,"GCS","NAD83","Garmin",2020-06-12,2020-06-15,"Round","SRE","Yes","Yes","No","No","No","No","Yes","No","No","No","No","No","No",,"Yes",2020-07-12,,2020-07-12,3,3,0,,,,,,"No",,,"No",,,"No",,"x:x","x:x",,,,,,"Provisional",2020-09-18 13:20:25,"mjayl","Event","HumanObservation"
"PORE","Point Reyes National Seashore","NP17_2022","{764DC5D8-DDE7-49E6-B146-A9328A9BB8B6}","NP","North Beach - Abbott's",2022,,,"Charadrius nivosus","Western Snowy Plover","824030",-122.970567104844,38.089096989317,"GCS","NAD83",,2022-06-24,2022-06-24,"Mini-Exclosure","SKWE","Yes","No","Yes","Yes","No","No","Yes","No","No","No","No","No","No",2022-06-23,"No",2022-07-25,2022-08-21,2022-07-25,3,1,,,,,,,"No",,,"No",,,"No",,"av:br","as:oa",,,,"Captured x:x female, banded av:br, 2851-04827. Two eggs were nonviable and didn't hatch.",,"Provisional",2022-08-20 17:42:07,"mlau","Event","HumanObservation"
"PORE","Point Reyes National Seashore","NP17_2023","{764DC5D8-DDE7-49E6-B146-A9328A9BB8B6}","NP","North Beach - Abbott's",2023,,,"Charadrius nivosus","Western Snowy Plover","824030",-122.959675264894,38.114340252034,"GCS","WGS84",,2023-06-27,2023-06-30,"Mini-Exclosure","SWE","Yes","No","No","Yes","No","No","Yes","No","No","No","No","No","Yes",2023-06-27,"No",2023-07-28,2023-08-24,2023-07-28,3,3,1,,,,,,"No",,,"No",,,"No",,"av:wv","x:x",,,,,,"Raw",2023-09-13 13:41:37,"mjayl","Event","HumanObservation"
"PORE","Point Reyes National Seashore","NP17_2024","{764DC5D8-DDE7-49E6-B146-A9328A9BB8B6}","NP","North Beach - Abbott's",2024,,,"Charadrius nivosus","Western Snowy Plover","824030",-122.96708,38.09722,"GCS","WGS84",,2024-06-17,2024-06-19,"Mini-Exclosure","SWKE","Yes","No","Yes","Yes","No","No","Yes","No","No","No","No","No","No",2024-06-17,"No",2024-07-19,2024-08-15,2024-07-19,3,3,1,,,,,,"No",,,"No",,,"No",,"x:x","va:yw",,,,,,"Accepted",2026-04-22 09:55:16,"ksherrill","Event","HumanObservation"
"PORE","Point Reyes National Seashore","NP17_2025","{764DC5D8-DDE7-49E6-B146-A9328A9BB8B6}","NP","North Beach - Abbott's",2025,,,"Charadrius nivosus","Western Snowy Plover","824030",-122.966352144945,38.0982898384137,"GCS","WGS84",,2025-05-28,,,"RKWE","No","Yes","Yes","Yes","No","No","Yes","No","No","No","No","No","Yes",,"No",,,,3,0,0,2025-05-30,"Depredated by Known Predator","Common raven",,,"No",,,"No",,,"No",,"x:x","unknown",,,,"xxF. 3 eggs in gulch. 20 15 10-2025-05-28; Tracks all over gulch and xxF acting odd north of nest-2025-05-30",,"Accepted",2026-04-22 09:53:34,"ksherrill","Event","HumanObservation"
"PORE","Point Reyes National Seashore","NP18_1997","{764DC5D8-DDE7-49E6-B146-A9328A9BB8B6}","NP","North Beach - Abbott's",1997,,,"Charadrius nivosus","Western Snowy Plover","824030",-122.966240455848,38.0992171499396,"GCS","NAD83","Map",1997-07-01,,,,,,,,,,,,,,,"No","No",,"No",,,,1,0,0,,,,,,"No",,,"No",,,"No",,,,,,,"depredated",,"Raw",2019-06-24 11:15:22,"swakamiya","Event","HumanObservation"
"PORE","Point Reyes National Seashore","NP18_2001","{764DC5D8-DDE7-49E6-B146-A9328A9BB8B6}","NP","North Beach - Abbott's",2001,,,"Charadrius nivosus","Western Snowy Plover","824030",-122.961524222529,38.1104005088644,"GCS","NAD83","Pro Xr",2001-05-21,,"Square",,,,,,,,,,,,,"No","No",,"No",,,,3,0,0,,,,,,"No",,,"No",,,"No",,"BY/WA",,,,,"Abandoned 3 eggs",,"Raw",2019-06-24 11:15:22,"swakamiya","Event","HumanObservation"
"PORE","Point Reyes National Seashore","NP18_2002","{764DC5D8-DDE7-49E6-B146-A9328A9BB8B6}","NP","North Beach - Abbott's",2002,,,"Charadrius nivosus","Western Snowy Plover","824030",-122.972279286704,38.0847802906335,"GCS","NAD83","Garmin 3+",2002-06-13,,"Square",,,,,,,,,,,,,"No","No",2002-06-12,"No",,,,3,3,0,,,,,,"No",,,"No",,,"No",,,,,,,"Fledged 0",,"Raw",2019-06-24 11:15:22,"swakamiya","Event","HumanObservation"
"PORE","Point Reyes National Seashore","NP18_2014","{764DC5D8-DDE7-49E6-B146-A9328A9BB8B6}","NP","North Beach - Abbott's",2014,,,"Charadrius nivosus","Western Snowy Plover","824030",-122.972028248855,38.0852308696125,"GCS","NAD83","Garmin",2014-05-27,2014-05-27,"Round","SWVKE","Yes","No","Yes","Yes","No","Yes","Yes","No","No","No","No","No","No",2014-05-14,"No",2014-06-13,,,2,2,0,,,,2014-06-14,1,"Yes",2014-06-14,1,"Yes",,,"No",,,,,,,"Exclosed because of nests lost in general area ealier in season.",,"Raw",2019-06-24 11:15:22,"swakamiya","Event","HumanObservation"
"PORE","Point Reyes National Seashore","NP18_2015","{764DC5D8-DDE7-49E6-B146-A9328A9BB8B6}","NP","North Beach - Abbott's",2015,,,"Charadrius nivosus","Western Snowy Plover","824030",-122.974025231799,38.0811485422169,"GCS","NAD83","Garmin",2015-07-02,2015-07-03,"Round","SKWE","Yes","No","Yes","Yes","No","No","Yes","No","No","No","No","No","No",2015-06-30,"No",2015-07-29,,,3,3,0,,,,2015-08-04,7,"No",2015-08-04,7,"No",2015-08-04,7,"No",,,,,,,"Exclosed because close to North Beach parking lot",,"Raw",2019-06-24 11:15:22,"swakamiya","Event","HumanObservation"
=======
>>>>>>> origin/main
"PORE","Point Reyes National Seashore","NP18_2016","{764DC5D8-DDE7-49E6-B146-A9328A9BB8B6}","NP","North Beach - Abbott's",2016,,,"Charadrius nivosus","Western Snowy Plover","824030",-122.974162555851,38.0797425793893,"GCS","NAD83","Garmin",2016-06-23,2016-06-27,"Round","SWVE","Yes","No","No","Yes","No","Yes","Yes","No","No","No","No","No","No",2016-06-23,"No",2016-07-28,,,3,1,0,,,,2016-08-23,25,"No",,,"No",,,"No",,"x:x","av:bb",,,,"Male seen multiple times without chick after 8/23",,"Raw",2019-06-24 11:15:22,"swakamiya","Event","HumanObservation"
"PORE","Point Reyes National Seashore","NP18_2017","{764DC5D8-DDE7-49E6-B146-A9328A9BB8B6}","NP","North Beach - Abbott's",2017,,,"Charadrius nivosus","Western Snowy Plover","824030",-122.971445980321,38.0870603213758,"GCS","NAD83","Garmin",2017-06-23,,"None","SWE","Yes","No","No","Yes","No","No","Yes","No","No","No","No","No","No",2017-06-17,"No",2017-07-18,2017-08-15,2017-07-19,3,3,1,,,,2017-08-04,14,"No",2020-08-04,14,"No",,,"No",,"x:x","x:x",,,,"2 chicks lost 8/3 - 8/8",,"Raw",2019-06-24 11:15:22,"swakamiya","Event","HumanObservation"
"PORE","Point Reyes National Seashore","NP18_2018","{764DC5D8-DDE7-49E6-B146-A9328A9BB8B6}","NP","North Beach - Abbott's",2018,,,"Charadrius nivosus","Western Snowy Plover","824030",-122.969665141638,38.0916924350904,"GCS","NAD83","Garmin",2018-07-06,,"None","RKWEP","No","Yes","Yes","Yes","No","No","Yes","No","Yes","No","No","No","No",,"Yes",2018-07-06,2018-08-02,2018-07-06,3,3,1,,,,,,"No",,,"No",,,"No",,"x:x","as:yy",,,,"Nest was found on day of hatch by R. DiGaudio! Banded on the spot.",,"Raw",2019-06-24 11:15:22,"swakamiya","Event","HumanObservation"
"PORE","Point Reyes National Seashore","NP18_2020","{764DC5D8-DDE7-49E6-B146-A9328A9BB8B6}","NP","North Beach - Abbott's",2020,,,"Charadrius nivosus","Western Snowy Plover","824030",-122.971959754662,38.0854291342018,"GCS","NAD83","Garmin",2020-06-15,2020-06-18,"Round","SWE","Yes","No","No","Yes","No","No","Yes","No","No","No","No","No","No",,"Yes",2020-07-13,2020-08-09,2020-07-13,3,3,0,,,,,,"No",,,"No",,,"No",,"as:gy","x:x",,,,,,"Provisional",2020-09-18 13:23:34,"mjayl","Event","HumanObservation"
"PORE","Point Reyes National Seashore","NP18_2022","{764DC5D8-DDE7-49E6-B146-A9328A9BB8B6}","NP","North Beach - Abbott's",2022,,,"Charadrius nivosus","Western Snowy Plover","824030",-122.971982461131,38.0856905098999,"GCS","NAD83",,2022-06-28,2022-06-28,"Mini-Exclosure","SRWE","Yes","Yes","No","Yes","No","No","Yes","No","No","No","No","No","No",2022-06-28,"No",2022-07-29,2022-08-25,2022-07-29,3,3,1,,,,,,"No",,,"No",,,"No",,"av:ba","va:go",,,,"Captured x:x male, banded va:go, 2851-04831",,"Provisional",2022-11-01 11:08:38,"mlau","Event","HumanObservation"
"PORE","Point Reyes National Seashore","NP18_2023","{764DC5D8-DDE7-49E6-B146-A9328A9BB8B6}","NP","North Beach - Abbott's",2023,,,"Charadrius nivosus","Western Snowy Plover","824030",-122.966178450008,38.1001229121365,"GCS","WGS84",,2023-07-05,2023-07-05,"Mini-Exclosure","SRE","Yes","Yes","No","No","No","No","Yes","No","No","No","No","No","No",,"Yes",2023-08-01,2023-08-28,2023-08-01,3,3,0,,,,,,"No",,,"No",,,"No",,"va:va","va:ww",,,,,,"Raw",2023-09-13 13:44:10,"mjayl","Event","HumanObservation"
"PORE","Point Reyes National Seashore","NP18_2024","{764DC5D8-DDE7-49E6-B146-A9328A9BB8B6}","NP","North Beach - Abbott's",2024,,,"Charadrius nivosus","Western Snowy Plover","824030",-122.96121,38.11122,"GCS","WGS84",,2024-06-26,,,"SWE","Yes","No","No","Yes","No","No","Yes","No","No","No","No","No","Yes",,"Yes",2024-07-17,2024-08-13,2024-07-17,3,2,0,,,,,,"No",,,"No",,,"No",,"va:wv","x:x",,,,,,"Accepted",2026-04-22 09:55:16,"ksherrill","Event","HumanObservation"
"PORE","Point Reyes National Seashore","NP18_2025","{764DC5D8-DDE7-49E6-B146-A9328A9BB8B6}","NP","North Beach - Abbott's",2025,,,"Charadrius nivosus","Western Snowy Plover","824030",-122.969573129773,38.0910980549734,"GCS","WGS84",,2025-05-28,,,"SVD","Yes","No","No","No","No","Yes","No","Yes","No","No","No","No","No",,"No",,,,3,0,0,2025-06-02,"Unknown Depredation",,,,"No",,,"No",,,"No",,"va:wo","as:yy",,,,"asyyM vawoF nest in ammoph. 3e 15 15 10-2025-05-28; No tracks leading to nest but scrape obviously disturbed. Dug for eggs in case wind burial but nothing. Possibly faint Cora tracks-2025-06-02",,"Accepted",2026-04-22 09:53:34,"ksherrill","Event","HumanObservation"
"PORE","Point Reyes National Seashore","NP19_2001","{764DC5D8-DDE7-49E6-B146-A9328A9BB8B6}","NP","North Beach - Abbott's",2001,,,"Charadrius nivosus","Western Snowy Plover","824030",-122.962118065468,38.1090848431044,"GCS","NAD83","Pro Xr",2001-05-21,,"Square",,,,,,,,,,,,,"No","No",,"No",,,,3,0,0,,,,,,"No",,,"No",,,"No",,,,,,,"Abandoned 3 eggs",,"Raw",2019-06-24 11:15:22,"swakamiya","Event","HumanObservation"
"PORE","Point Reyes National Seashore","NP19_2002","{764DC5D8-DDE7-49E6-B146-A9328A9BB8B6}","NP","North Beach - Abbott's",2002,,,"Charadrius nivosus","Western Snowy Plover","824030",-122.967279627599,38.0963153385553,"GCS","NAD83","Garmin 3+",2002-06-17,,"Square",,,,,,,,,,,,,"No","No",2002-06-16,"No",,,,3,3,1,,,,,,"No",,,"No",,,"No",,,,,,,"Fledged 1",,"Raw",2019-06-24 11:15:22,"swakamiya","Event","HumanObservation"
"PORE","Point Reyes National Seashore","NP19_2014","{764DC5D8-DDE7-49E6-B146-A9328A9BB8B6}","NP","North Beach - Abbott's",2014,,,"Charadrius nivosus","Western Snowy Plover","824030",-122.969539891242,38.0912237392112,"GCS","NAD83","Garmin",2014-06-06,,"None","SKWD","Yes","No","Yes","Yes","No","No","No","Yes","No","No","No","No","No",2014-06-05,"No",,,,2,0,0,2014-06-13,"Depredated by Known Predator","Common raven",,,"No",,,"No",,,"No",,,,,,,"Did not exclose because nest located on slope of dune and felt it wouldn't be stable. Also, later season nest did better in 2013 and thought an unexclosed nest might work.",,"Raw",2019-06-24 11:15:22,"swakamiya","Event","HumanObservation"
"PORE","Point Reyes National Seashore","NP19_2015","{764DC5D8-DDE7-49E6-B146-A9328A9BB8B6}","NP","North Beach - Abbott's",2015,,,"Charadrius nivosus","Western Snowy Plover","824030",-122.97329489851,38.0827346267503,"GCS","NAD83","Garmin",2015-07-02,2015-07-03,"Round","RKWE","No","Yes","Yes","Yes","No","No","Yes","No","No","No","No","No","No",2015-07-01,"No",2015-08-02,,,3,3,0,,,,2015-08-17,16,"No",2015-08-26,25,"No",2015-08-26,25,"No",,":s",,,,,"Exclosed because close to North Beach parking lot",,"Raw",2019-06-24 11:15:22,"swakamiya","Event","HumanObservation"
"PORE","Point Reyes National Seashore","NP19_2016","{764DC5D8-DDE7-49E6-B146-A9328A9BB8B6}","NP","North Beach - Abbott's",2016,,,"Charadrius nivosus","Western Snowy Plover","824030",-122.973797896909,38.0791476553214,"GCS","NAD83","Garmin",2016-06-24,2016-06-27,"Round","SVD","Yes","No","No","No","No","Yes","No","Yes","No","No","No","No","No",,"Yes",2016-07-23,2016-08-20,2016-07-20,3,3,2,,,,2016-07-24,1,"Yes",,,"No",,,"No",,"x:x","x:x",,,,,,"Raw",2019-06-24 11:15:22,"swakamiya","Event","HumanObservation"
"PORE","Point Reyes National Seashore","NP19_2017","{764DC5D8-DDE7-49E6-B146-A9328A9BB8B6}","NP","North Beach - Abbott's",2017,,,"Charadrius nivosus","Western Snowy Plover","824030",-122.970498592224,38.0893222912059,"GCS","NAD83","Garmin",2017-07-03,2017-07-03,"Round","REW","No","Yes","No","Yes","No","No","Yes","No","No","No","No","No","No",,"Yes",2017-07-28,2017-08-24,2017-08-04,3,3,1,,,,2017-08-05,14,"Yes",2017-08-10,14,"No",,,"No",,"s:x","as:yy",,,,"Chicks caught and banded at 1 week old; 1 chick lost 8/5 - 8/9; 1 chick lost 8/10 - 8/17",,"Raw",2019-06-24 11:15:22,"swakamiya","Event","HumanObservation"
"PORE","Point Reyes National Seashore","NP19_2018","{764DC5D8-DDE7-49E6-B146-A9328A9BB8B6}","NP","North Beach - Abbott's",2018,,,"Charadrius nivosus","Western Snowy Plover","824030",-122.967119657558,38.0969912502441,"GCS","NAD83","Garmin",2018-07-06,,"None","SWE","Yes","No","No","Yes","No","No","Yes","No","No","No","No","No","No",,"Yes",,,,3,0,0,2018-07-14,"Depredated by Known Predator","Common raven",,,"No",,,"No",,,"No",,"av:ow","x:x",,,,,,"Raw",2019-06-24 11:15:22,"swakamiya","Event","HumanObservation"
"PORE","Point Reyes National Seashore","NP19_2020","{764DC5D8-DDE7-49E6-B146-A9328A9BB8B6}","NP","North Beach - Abbott's",2020,,,"Charadrius nivosus","Western Snowy Plover","824030",-122.973865530228,38.0813377750881,"GCS","NAD83","Garmin",2020-06-23,2020-06-26,"Round","SVKWD","Yes","No","Yes","Yes","No","Yes","No","Yes","No","No","No","No","No",2020-06-22,"No",2020-07-23,2020-08-19,2020-07-23,3,3,2,,,,,,"No",,,"No",,,"No",,"av:ow","as:or",,,,,,"Provisional",2020-09-18 13:25:25,"mjayl","Event","HumanObservation"
"PORE","Point Reyes National Seashore","NP19_2022","{764DC5D8-DDE7-49E6-B146-A9328A9BB8B6}","NP","North Beach - Abbott's",2022,,,"Charadrius nivosus","Western Snowy Plover","824030",-122.961363292709,38.1127392590061,"GCS","NAD83",,2022-07-24,,"None",,,,,,,,,,,,,"No","No",,"Yes",2022-07-20,2022-08-18,2022-07-24,,2,2,,,,,,"No",,,"No",,,"No",,"av:ob?","av:gr",,,,"M. Lau found this ""nest"" as a surprise brood on 7/24/22 on outer beach near north RA and Abbotts Triangle. Chicks appeared to be no more than a day or two old. Unknown where nest site was located. UTM coordinates represent where the brood was first found.",,"Provisional",2022-11-01 11:09:30,"mlau","Event","HumanObservation"
"PORE","Point Reyes National Seashore","NP19_2023","{764DC5D8-DDE7-49E6-B146-A9328A9BB8B6}","NP","North Beach - Abbott's",2023,,,"Charadrius nivosus","Western Snowy Plover","824030",-122.970122005583,38.0899711139316,"GCS","WGS84",,2023-07-06,,"None","SRVE","Yes","Yes","No","No","No","Yes","Yes","No","No","No","No","No","No",,"Yes",,,,3,0,0,2023-07-10,"Depredated by Known Predator","Common raven",,,"No",,,"No",,,"No",,"x:x","as:oa",,,,,,"Raw",2023-09-13 13:46:18,"mjayl","Event","HumanObservation"
"PORE","Point Reyes National Seashore","NP19_2024","{764DC5D8-DDE7-49E6-B146-A9328A9BB8B6}","NP","North Beach - Abbott's",2024,,,"Charadrius nivosus","Western Snowy Plover","824030",-122.96993,38.09044,"GCS","WGS84",,2024-06-27,2024-06-27,"Mini-Exclosure","SWKE","Yes","No","Yes","Yes","No","No","Yes","No","No","No","No","No","No",,"Yes",2024-07-22,2024-08-18,2024-07-22,3,3,1,,,,,,"No",,,"No",,,"No",,"va:ao","as:oa",,,,,,"Accepted",2026-04-22 09:55:16,"ksherrill","Event","HumanObservation"
"PORE","Point Reyes National Seashore","NP19_2025","{764DC5D8-DDE7-49E6-B146-A9328A9BB8B6}","NP","North Beach - Abbott's",2025,,,"Charadrius nivosus","Western Snowy Plover","824030",-122.969174706439,38.0927214076921,"GCS","WGS84",,2025-06-02,2025-06-16,"Mini-Exclosure","SRWE","Yes","Yes","No","Yes","No","No","Yes","No","No","No","No","No","No",,"No",2025-06-21,2025-07-19,,3,3,0,,,,,,"No",,,"No",,,"No",,"va:oo","va:yw",,,,"vaooF nest broken wing display. 90 90 4mm-2025-06-02; didnt check, vaoo broken wing display, sitting on nest-2025-06-09; vaooF Chase asyyM away. 3e warm no sign yet-2025-06-12; va:oo f sitting tight on 3 eggs: cracked peeping. 4 other snpl flew in-2025-06",,"Accepted",2026-04-22 09:53:34,"ksherrill","Event","HumanObservation"
"PORE","Point Reyes National Seashore","NP20_2001","{764DC5D8-DDE7-49E6-B146-A9328A9BB8B6}","NP","North Beach - Abbott's",2001,,,"Charadrius nivosus","Western Snowy Plover","824030",-122.96823832891,38.094702318805,"GCS","NAD83","Pro Xr",2001-05-23,,"None",,,,,,,,,,,,,"No","No",,"No",,,,1,0,0,,,,,,"No",,,"No",,,"No",,"AR/YL","YGY/R",,,,"Predation: Raven",,"Raw",2019-06-24 11:15:22,"swakamiya","Event","HumanObservation"
"PORE","Point Reyes National Seashore","NP20_2002","{764DC5D8-DDE7-49E6-B146-A9328A9BB8B6}","NP","North Beach - Abbott's",2002,,,"Charadrius nivosus","Western Snowy Plover","824030",-122.968477998618,38.0942968093846,"GCS","NAD83","Garmin 3+",2002-07-02,,"Square",,,,,,,,,,,,,"No","No",2002-07-01,"No",,,,3,0,0,,,,,,"No",,,"No",,,"No",,,,,,,"Abandoned 3 eggs",,"Raw",2019-06-24 11:15:22,"swakamiya","Event","HumanObservation"
"PORE","Point Reyes National Seashore","NP20_2014","{764DC5D8-DDE7-49E6-B146-A9328A9BB8B6}","NP","North Beach - Abbott's",2014,,,"Charadrius nivosus","Western Snowy Plover","824030",-122.966423376984,38.0982618510633,"GCS","NAD83","Garmin",2014-06-09,2014-06-10,"Round","SWE","Yes","No","No","Yes","No","No","Yes","No","No","No","No","No","No",2014-06-05,"No",2014-07-05,2014-08-03,,3,3,1,,,,2014-07-09,5,"No",2014-07-09,5,"No",,,"No",,,,,,,"Exclosed because of high nest loss in area earlier in the season.",,"Raw",2019-06-24 11:15:22,"swakamiya","Event","HumanObservation"
"PORE","Point Reyes National Seashore","NP20_2015","{764DC5D8-DDE7-49E6-B146-A9328A9BB8B6}","NP","North Beach - Abbott's",2015,,,"Charadrius nivosus","Western Snowy Plover","824030",-122.966503064584,38.0985863327509,"GCS","NAD83","Garmin",2015-07-03,2015-07-06,"Round","RKWE","No","Yes","Yes","Yes","No","No","Yes","No","No","No","No","No","No",2015-07-01,"No",2015-08-03,,,3,3,0,,,,2015-08-08,6,"Yes",2015-08-16,14,"Yes",2015-08-26,24,"No",,,,,,,,,"Raw",2019-06-24 11:15:22,"swakamiya","Event","HumanObservation"
"PORE","Point Reyes National Seashore","NP20_2016","{764DC5D8-DDE7-49E6-B146-A9328A9BB8B6}","NP","North Beach - Abbott's",2016,,,"Charadrius nivosus","Western Snowy Plover","824030",-122.970224720332,38.0897728602446,"GCS","NAD83","Garmin",2016-06-24,,"None","SVE","Yes","No","No","No","No","Yes","Yes","No","No","No","No","No","No",,"Yes",,,,1,0,0,2016-06-27,"Unknown",,,,"No",,,"No",,,"No",,"Unknown","Unknown",,,,"Female was possibly ao:by, f",,"Raw",2019-06-24 11:15:22,"swakamiya","Event","HumanObservation"
"PORE","Point Reyes National Seashore","NP20_2017","{764DC5D8-DDE7-49E6-B146-A9328A9BB8B6}","NP","North Beach - Abbott's",2017,,,"Charadrius nivosus","Western Snowy Plover","824030",-122.967975937784,38.0949005281817,"GCS","NAD83","Garmin",2017-07-03,2017-07-06,"Round","SRWD","Yes","Yes","No","Yes","No","No","No","Yes","No","No","No","No","No",2017-07-03,"No",2017-08-02,2017-08-30,2017-08-02,3,3,0,,,,2017-08-12,14,"No",2017-08-12,14,"No",2017-08-12,14,"No",,"aw:yl","ow:wg",,,,"All chicks lost 8/12 - 8/17",,"Raw",2019-06-24 11:15:22,"swakamiya","Event","HumanObservation"
"PORE","Point Reyes National Seashore","NP20_2018","{764DC5D8-DDE7-49E6-B146-A9328A9BB8B6}","NP","North Beach - Abbott's",2018,,,"Charadrius nivosus","Western Snowy Plover","824030",-122.973511790219,38.082067730614,"GCS","NAD83","Garmin",2018-07-11,2018-07-11,"Round","SVKD","Yes","No","Yes","No","No","Yes","No","Yes","No","No","No","No","No",2018-07-09,"No",,,,3,0,0,2018-07-28,"Abandoned",,,,"No",,,"No",,,"No",,"x:x","as:or",,,,,,"Raw",2019-06-24 11:15:22,"swakamiya","Event","HumanObservation"
"PORE","Point Reyes National Seashore","NP20_2020","{764DC5D8-DDE7-49E6-B146-A9328A9BB8B6}","NP","North Beach - Abbott's",2020,,,"Charadrius nivosus","Western Snowy Plover","824030",-122.969505581865,38.0914580620584,"GCS","NAD83","Garmin",2020-06-29,,"None","SVE","Yes","No","No","No","No","Yes","Yes","No","No","No","No","No","No",,"Yes",,,,3,0,0,2020-07-06,"Depredated by Known Predator","Common raven",,,"No",,,"No",,,"No",,"x:x","as:yy?",,,,,,"Raw",2020-09-18 13:26:36,"mjayl","Event","HumanObservation"
<<<<<<< HEAD
=======
"PORE","Point Reyes National Seashore","NP20_2023","{764DC5D8-DDE7-49E6-B146-A9328A9BB8B6}","NP","North Beach - Abbott's",2023,,,"Charadrius nivosus","Western Snowy Plover","824030",-122.965086962982,38.1025010560506,"GCS","WGS84",,2023-07-14,2023-07-14,"Mini-Exclosure","SE","Yes","No","No","No","No","No","Yes","No","No","No","No","No","Yes",,"Yes",2023-08-03,2023-08-30,,2,2,0,,,,,,"No",,,"No",,,"No",,"vb:ya","va:ya",,,,,,"Raw",2023-09-13 13:52:25,"mjayl","Event","HumanObservation"
"PORE","Point Reyes National Seashore","NP20_2024","{764DC5D8-DDE7-49E6-B146-A9328A9BB8B6}","NP","North Beach - Abbott's",2024,,,"Charadrius nivosus","Western Snowy Plover","824030",-122.96678,38.09862,"GCS","WGS84",,2024-07-16,,,"RE","No","Yes","No","No","No","No","Yes","No","No","No","No","No","No",,"Yes",2024-08-10,2024-09-06,2024-08-27,3,2,2,,,,,,"No",,,"No",,,"No",,"av:gg","va:ww",,,,"Nest was at high tide line, USFWS authorized collection of eggs for transport to IBR on 7/18/24. 2 juveniles released at S NP on 9/27/24.",,"Accepted",2026-04-22 09:55:16,"ksherrill","Event","HumanObservation"
"PORE","Point Reyes National Seashore","NP20_2025","{764DC5D8-DDE7-49E6-B146-A9328A9BB8B6}","NP","North Beach - Abbott's",2025,,,"Charadrius nivosus","Western Snowy Plover","824030",-122.973381828515,38.0824736337431,"GCS","WGS84",,2025-06-14,2025-06-14,"Round","SVE","Yes","No","No","No","No","Yes","Yes","No","No","No","No","No","No",,"No",2025-06-26,2025-07-24,2025-06-26,3,3,1,,,,,,"No",,,"No",,,"No",,"by:gr","x:x",,,,"3e ME ok but ME encircled with CORA tracks-2025-06-16; f on nest. ME/eggs looked good on return trip. -2025-06-20; cracked, tapping, no peeping 2 eggs. 1 egg silent no cracks. bygr f and xx m broken wing display, vocalizing. rvbb nearby -2025-06-23",,"Accepted",2026-04-22 09:53:34,"ksherrill","Event","HumanObservation"
"PORE","Point Reyes National Seashore","NP21_2001","{764DC5D8-DDE7-49E6-B146-A9328A9BB8B6}","NP","North Beach - Abbott's",2001,,,"Charadrius nivosus","Western Snowy Plover","824030",-122.959742451989,38.1145547788984,"GCS","NAD83","Pro Xr",2001-05-24,,"Square",,,,,,,,,,,,,"No","No",,"No",,,,2,0,0,,,,,,"No",,,"No",,,"No",,"AY/WA",,,,,"Abandoned 3 eggs",,"Raw",2019-06-24 11:15:22,"swakamiya","Event","HumanObservation"
"PORE","Point Reyes National Seashore","NP21_2002","{764DC5D8-DDE7-49E6-B146-A9328A9BB8B6}","NP","North Beach - Abbott's",2002,,,"Charadrius nivosus","Western Snowy Plover","824030",-122.96305477893,38.1063903338848,"GCS","NAD83","Garmin 3+",2002-07-08,,"Square",,,,,,,,,,,,,"No","No",2002-07-08,"No",,,,3,3,2,,,,,,"No",,,"No",,,"No",,,,,,,"Fledged 2",,"Raw",2019-06-24 11:15:22,"swakamiya","Event","HumanObservation"
"PORE","Point Reyes National Seashore","NP21_2014","{764DC5D8-DDE7-49E6-B146-A9328A9BB8B6}","NP","North Beach - Abbott's",2014,,,"Charadrius nivosus","Western Snowy Plover","824030",-122.957698681675,38.1176814750491,"GCS","NAD83","Garmin",2014-06-16,,"None","SWE","Yes","No","No","Yes","No","No","Yes","No","No","No","No","No","No",2014-06-13,"No",,,,2,0,0,2014-06-18,"Depredated by Known Predator","Common raven",,,"No",,,"No",,,"No",,,"unknown",,,,"Wanted to exclose because on the south west shore of Abbotts. Unfortunately,  when returned to do so the nest was already depredated.",,"Raw",2019-06-24 11:15:22,"swakamiya","Event","HumanObservation"
"PORE","Point Reyes National Seashore","NP21_2015","{764DC5D8-DDE7-49E6-B146-A9328A9BB8B6}","NP","North Beach - Abbott's",2015,,,"Charadrius nivosus","Western Snowy Plover","824030",-122.965932246309,38.0997938767831,"GCS","NAD83","Garmin",2015-07-10,,"None","RWE","No","Yes","No","Yes","No","No","Yes","No","No","No","No","No","No",,"No",,,,3,,,2015-07-17,"Unknown Depredation",,,,"No",,,"No",,,"No",,"Unknown",,,,,"Found as 3 egg, thought it could survive not exclosed.",,"Raw",2019-06-24 11:15:22,"swakamiya","Event","HumanObservation"
"PORE","Point Reyes National Seashore","NP21_2016","{764DC5D8-DDE7-49E6-B146-A9328A9BB8B6}","NP","North Beach - Abbott's",2016,,,"Charadrius nivosus","Western Snowy Plover","824030",-122.967176589359,38.0971985594225,"GCS","NAD83","Garmin",2016-06-24,,"None","SVE","Yes","No","No","No","No","Yes","Yes","No","No","No","No","No","No",,"Yes",,,,3,0,0,2016-07-01,"Depredated by Known Predator","Common raven",,,"No",,,"No",,,"No",,"Unknown","Unknown",,,,,,"Raw",2019-06-24 11:15:22,"swakamiya","Event","HumanObservation"
"PORE","Point Reyes National Seashore","NP21_2017","{764DC5D8-DDE7-49E6-B146-A9328A9BB8B6}","NP","North Beach - Abbott's",2017,,,"Charadrius nivosus","Western Snowy Plover","824030",-122.968809253434,38.0930621502275,"GCS","NAD83","Garmin",2017-07-06,,"None","SWVE","Yes","No","No","Yes","No","Yes","Yes","No","No","No","No","No","No",,"Yes",2017-08-01,2017-08-29,2017-08-02,3,1,1,,,,,,"No",,,"No",,,"No",,"x:x","x:x",,,,"2 eggs nonviable",,"Raw",2019-06-24 11:15:22,"swakamiya","Event","HumanObservation"
"PORE","Point Reyes National Seashore","NP21_2020","{764DC5D8-DDE7-49E6-B146-A9328A9BB8B6}","NP","North Beach - Abbott's",2020,,,"Charadrius nivosus","Western Snowy Plover","824030",-122.970647027893,38.0888536647036,"GCS","NAD83","Garmin",2020-07-13,2020-07-13,"Round","SVE","Yes","No","No","No","No","Yes","Yes","No","No","No","No","No","No",2020-07-13,"No",2020-08-12,2020-09-08,2020-08-12,3,3,1,,,,,,"No",,,"No",,,"No",,"x:x","as:yy",,,,"Only banded 2 of 3 chicks. 3rd chick was still hatching.",,"Provisional",2020-09-18 13:37:26,"mjayl","Event","HumanObservation"
"PORE","Point Reyes National Seashore","NP21_2023","{764DC5D8-DDE7-49E6-B146-A9328A9BB8B6}","NP","North Beach - Abbott's",2023,,,"Charadrius nivosus","Western Snowy Plover","824030",-122.958824253045,38.1163804371907,"GCS","WGS84",,2023-07-17,2023-07-17,"Mini-Exclosure","SRWE","Yes","Yes","No","Yes","No","No","Yes","No","No","No","No","No","Yes",,"Yes",2023-08-14,2023-09-10,2023-08-15,3,1,,,,,,,"No",,,"No",,,"No",,"va:ry","x:x",,,,,,"Raw",2023-09-13 13:54:58,"mjayl","Event","HumanObservation"
"PORE","Point Reyes National Seashore","NP21_2025","{764DC5D8-DDE7-49E6-B146-A9328A9BB8B6}","NP","North Beach - Abbott's",2025,,,"Charadrius nivosus","Western Snowy Plover","824030",-122.971196374881,38.0880697096036,"GCS","WGS84",,2025-06-16,2025-06-20,"Mini-Exclosure","SRWD","Yes","Yes","No","Yes","No","No","No","Yes","No","No","No","No","No",,"No",2025-07-08,2025-08-05,2025-07-08,3,3,1,,,,,,"No",,,"No",,,"No",,"x:x","va:ww",,,,"70, 60, 40. In velella, leaving unexclosed until week 3-2025-06-16; f on nest. eggs half buried, dug them out and ME placed -2025-06-20; xx f 3 eggs ME good -2025-06-23; 3e still no sign of hatch-2025-07-02; 2 peeping eggs, 1 tapping, all cracked. -2025-0",,"Accepted",2026-04-22 09:53:34,"ksherrill","Event","HumanObservation"
"PORE","Point Reyes National Seashore","NP22_2001","{764DC5D8-DDE7-49E6-B146-A9328A9BB8B6}","NP","North Beach - Abbott's",2001,,,"Charadrius nivosus","Western Snowy Plover","824030",-122.969756723359,38.0908452592981,"GCS","NAD83","Pro Xr",2001-05-25,,"Square",,,,,,,,,,,,,"No","No",,"No",,,,2,0,0,,,,,,"No",,,"No",,,"No",,"AR/YL","YGY/R",,,,"Abandoned 3 eggs",,"Raw",2019-06-24 11:15:22,"swakamiya","Event","HumanObservation"
"PORE","Point Reyes National Seashore","NP22_2002","{764DC5D8-DDE7-49E6-B146-A9328A9BB8B6}","NP","North Beach - Abbott's",2002,,,"Charadrius nivosus","Western Snowy Plover","824030",-122.966366264729,38.0984511024504,"GCS","NAD83","Garmin 3+",2002-07-11,,"Square",,,,,,,,,,,,,"No","No",2002-07-11,"No",,,,3,0,0,,,,,,"No",,,"No",,,"No",,,"YG/YR",,,,"Predation: Unidentified avian",,"Raw",2019-06-24 11:15:22,"swakamiya","Event","HumanObservation"
>>>>>>> origin/main
"PORE","Point Reyes National Seashore","NP22_2014","{764DC5D8-DDE7-49E6-B146-A9328A9BB8B6}","NP","North Beach - Abbott's",2014,,,"Charadrius nivosus","Western Snowy Plover","824030",-122.967302308695,38.0966037529169,"GCS","NAD83","Garmin",2014-07-01,,"None","RWVE","No","Yes","No","Yes","No","Yes","Yes","No","No","No","No","No","No",2014-06-30,"No",,,,1,0,0,2014-07-07,"Unknown Depredation",,,,"No",,,"No",,,"No",,,,,,,"Did not exclose due to nest being in the beach grass.",,"Raw",2019-06-24 11:15:22,"swakamiya","Event","HumanObservation"
"PORE","Point Reyes National Seashore","NP22_2015","{764DC5D8-DDE7-49E6-B146-A9328A9BB8B6}","NP","North Beach - Abbott's",2015,,,"Charadrius nivosus","Western Snowy Plover","824030",-122.971092146061,38.0878984220534,"GCS","NAD83","Garmin",2015-07-13,,"None","SWE","Yes","No","No","Yes","No","No","Yes","No","No","No","No","No","No",2015-07-06,"No",2015-08-05,2015-09-01,,3,3,2,,,,2015-08-09,5,"Yes",,,"No",,,"No",,"ao:by",,,,,"Did not exclose because female had already fledged chicks.",,"Raw",2019-06-24 11:15:22,"swakamiya","Event","HumanObservation"
"PORE","Point Reyes National Seashore","NP22_2016","{764DC5D8-DDE7-49E6-B146-A9328A9BB8B6}","NP","North Beach - Abbott's",2016,,,"Charadrius nivosus","Western Snowy Plover","824030",-122.971902656338,38.085645427006,"GCS","NAD83","Garmin",2016-07-01,,"None","SE","Yes","No","No","No","No","No","Yes","No","No","No","No","No","No",,"Yes",,,,1,,,2016-07-01,"Unknown Depredation",,,,"No",,,"No",,,"No",,"Unknown","Unknown",,,,"Found freshly predated egg in an old scrape. Egg was pecked at and some orange contents still present, Possible canid tracks nearby along with possible corvid.",,"Raw",2019-06-24 11:15:22,"swakamiya","Event","HumanObservation"
"PORE","Point Reyes National Seashore","NP22_2017","{764DC5D8-DDE7-49E6-B146-A9328A9BB8B6}","NP","North Beach - Abbott's",2017,,,"Charadrius nivosus","Western Snowy Plover","824030",-122.966560217662,38.0983069538275,"GCS","NAD83","Garmin",2017-07-14,2017-07-14,"Round","SWE","Yes","No","No","Yes","No","No","Yes","No","No","No","No","No","No",,"Yes",,,,2,0,0,2017-08-01,"Abandoned",,,,"No",,,"No",,,"No",,"x:x","unknown",,,,,,"Raw",2019-06-24 11:15:22,"swakamiya","Event","HumanObservation"
"PORE","Point Reyes National Seashore","NP22_2020","{764DC5D8-DDE7-49E6-B146-A9328A9BB8B6}","NP","North Beach - Abbott's",2020,,,"Charadrius nivosus","Western Snowy Plover","824030",-122.97289555817,38.0834014804734,"GCS","NAD83","Garmin",2020-07-21,2020-07-25,"Round","SKE","Yes","No","Yes","No","No","No","Yes","No","No","No","No","No","No",2020-07-21,"No",2020-08-21,2020-09-18,,3,3,0,,,,,,"No",,,"No",,,"No",,"x:x","x:x",,,,"Checked the day before Woodward Fire forced standdown orders on field work, day before nest hatched. Thus we were unable to band chicks or look for brood in days subsequent to nest hatch.The week before their scheduled fledge, we surveyed sites but could not find brood anywhere.",,"Provisional",2020-09-18 13:40:03,"mjayl","Event","HumanObservation"
"PORE","Point Reyes National Seashore","NP22_2023","{764DC5D8-DDE7-49E6-B146-A9328A9BB8B6}","NP","North Beach - Abbott's",2023,,,"Charadrius nivosus","Western Snowy Plover","824030",-122.95943086854,38.1148349664175,"GCS","WGS84",,2023-07-18,2023-07-18,"Mini-Exclosure","SVWE","Yes","No","No","Yes","No","Yes","Yes","No","No","No","No","No","Yes",,"Yes",2023-08-06,2023-09-02,2023-08-06,3,3,2,,,,,,"No",,,"No",,,"No",,"av:ob","av:or",,,,,,"Raw",2023-09-13 13:55:35,"mjayl","Event","HumanObservation"
"PORE","Point Reyes National Seashore","NP22_2025","{764DC5D8-DDE7-49E6-B146-A9328A9BB8B6}","NP","North Beach - Abbott's",2025,,,"Charadrius nivosus","Western Snowy Plover","824030",-122.96951680599,38.0920870034982,"GCS","WGS84",,2025-06-16,,,"SKE","Yes","No","Yes","No","No","No","Yes","No","No","No","No","No","No",,"No",,,,3,0,0,2025-06-20,"Unknown Depredation",,,,"No",,,"No",,,"No",,"unknown","unknown",,,,"no eggs in scrape, dug around, couldnt find them. vawo f and asyy m around -2025-06-20",,"Accepted",2026-04-22 09:53:34,"ksherrill","Event","HumanObservation"
"PORE","Point Reyes National Seashore","NP23_2001","{764DC5D8-DDE7-49E6-B146-A9328A9BB8B6}","NP","North Beach - Abbott's",2001,,,"Charadrius nivosus","Western Snowy Plover","824030",-122.968546688181,38.0936839604273,"GCS","NAD83","Pro Xr",2001-06-02,,"Square",,,,,,,,,,,,,"No","No",,"No",,,,3,0,0,,,,,,"No",,,"No",,,"No",,,,,,,"Abandoned 3 eggs",,"Raw",2019-06-24 11:15:22,"swakamiya","Event","HumanObservation"
"PORE","Point Reyes National Seashore","NP23_2002","{764DC5D8-DDE7-49E6-B146-A9328A9BB8B6}","NP","North Beach - Abbott's",2002,,,"Charadrius nivosus","Western Snowy Plover","824030",-122.964687732757,38.1025604218518,"GCS","NAD83","Garmin 3+",2002-07-12,,"Square",,,,,,,,,,,,,"No","No",2002-07-12,"No",,,,3,3,2,,,,,,"No",,,"No",,,"No",,,,,,,"Fledged 2",,"Raw",2019-06-24 11:15:22,"swakamiya","Event","HumanObservation"
"PORE","Point Reyes National Seashore","NP23_2014","{764DC5D8-DDE7-49E6-B146-A9328A9BB8B6}","NP","North Beach - Abbott's",2014,,,"Charadrius nivosus","Western Snowy Plover","824030",-122.964710275526,38.1031192186059,"GCS","NAD83","Garmin",2014-07-06,2014-07-06,"Round","SKWD","Yes","No","Yes","Yes","No","No","No","Yes","No","No","No","No","Yes",2014-07-03,"No",,,,3,0,0,2014-08-26,"Eggs Non-viable",,,,"No",,,"No",,,"No",,,,2014-08-26,"Wildlife freezer",,"Exclosed because late in the season and adults probably wouldn't re-nest if eggs lost.",,"Raw",2019-06-24 11:15:22,"swakamiya","Event","HumanObservation"
"PORE","Point Reyes National Seashore","NP23_2016","{764DC5D8-DDE7-49E6-B146-A9328A9BB8B6}","NP","North Beach - Abbott's",2016,,,"Charadrius nivosus","Western Snowy Plover","824030",-122.961684593586,38.1091117407474,"GCS","NAD83","Garmin",2016-07-09,2016-07-13,"Round","RVE","No","Yes","No","No","No","Yes","Yes","No","No","No","No","Yes","Yes",2016-07-09,"No",2016-08-10,,,3,2,0,,,,2016-08-24,14,"No",2016-08-24,14,"No",,,"No",,"x:x","x:x",,,,,,"Raw",2019-06-24 11:15:22,"swakamiya","Event","HumanObservation"
"PORE","Point Reyes National Seashore","NP23_2023","{764DC5D8-DDE7-49E6-B146-A9328A9BB8B6}","NP","North Beach - Abbott's",2023,,,"Charadrius nivosus","Western Snowy Plover","824030",-122.968341207001,38.0941525675313,"GCS","WGS84",,2023-07-21,2023-07-21,"Mini-Exclosure","SRWE","Yes","Yes","No","Yes","No","No","Yes","No","No","No","No","No","No",,"Yes",2023-08-15,2023-09-10,2023-08-16,3,2,2,,,,,,"No",,,"No",,,"No",,"av:rg","as:oa",,,,,,"Raw",2023-09-13 13:59:35,"mjayl","Event","HumanObservation"
"PORE","Point Reyes National Seashore","NP23_2025","{915091EC-61D4-40EF-92EF-E9EF4B6A26D1}","RA","2011 Dune Restoration Area",2025,,,"Charadrius nivosus","Western Snowy Plover","824030",-122.959474306466,38.1147951918314,"GCS","WGS84",,2025-06-23,2025-06-23,"Mini-Exclosure","SRKWVE","Yes","Yes","Yes","Yes","No","Yes","Yes","No","No","No","No","Yes","Yes",,"Yes",2025-07-23,2025-08-20,2025-07-24,3,3,3,,,,,,"No",,,"No",,,"No",,"x:x","as:oa",,,,"3eggs and xxU seen leaving area-2025-06-17; xx f and asoa m around; xx f flushed off 2egg nest, looks like 1 egg just laid-wet looking ww. -2025-06-23; 3e MEok-2025-06-26; 3e ME ok-2025-07-02; 3 eggs, ME good. xx f further north, running back, maybe her? ",,"Accepted",2026-04-22 09:53:34,"ksherrill","Event","HumanObservation"
"PORE","Point Reyes National Seashore","NP24_2001","{764DC5D8-DDE7-49E6-B146-A9328A9BB8B6}","NP","North Beach - Abbott's",2001,,,"Charadrius nivosus","Western Snowy Plover","824030",-122.960244959474,38.1135004612564,"GCS","NAD83","Pro Xr",2001-07-03,,"None",,,,,,,,,,,,,"No","No",,"No",,,,3,3,2,,,,,,"No",,,"No",,,"No",,,,,,,"Fledged 2",,"Raw",2019-06-24 11:15:22,"swakamiya","Event","HumanObservation"
"PORE","Point Reyes National Seashore","NP24_2002","{764DC5D8-DDE7-49E6-B146-A9328A9BB8B6}","NP","North Beach - Abbott's",2002,,,"Charadrius nivosus","Western Snowy Plover","824030",-122.957356825925,38.1170144102528,"GCS","NAD83","Garmin 3+",2002-07-18,,"Square",,,,,,,,,,,,,"No","No",2002-07-17,"No",,,,3,0,0,,,,,,"No",,,"No",,,"No",,,,,,,"Abandoned 3 eggs",,"Raw",2019-06-24 11:15:22,"swakamiya","Event","HumanObservation"
"PORE","Point Reyes National Seashore","NP24_2014","{764DC5D8-DDE7-49E6-B146-A9328A9BB8B6}","NP","North Beach - Abbott's",2014,,,"Charadrius nivosus","Western Snowy Plover","824030",-122.972119545348,38.0850416231574,"GCS","NAD83","Garmin",2014-07-10,2014-07-10,"Round","SWVE","Yes","No","No","Yes","No","Yes","Yes","No","No","No","No","No","No",2014-07-07,"No",2014-08-06,2014-09-02,,3,3,2,,,,2014-08-27,22,"No",,,"No",,,"No",,,,,,,"Exclosed because late in the season and adults probably wouldn't re-nest if eggs lost.",,"Raw",2019-06-24 11:15:22,"swakamiya","Event","HumanObservation"
"PORE","Point Reyes National Seashore","NP24_2016","{764DC5D8-DDE7-49E6-B146-A9328A9BB8B6}","NP","North Beach - Abbott's",2016,,,"Charadrius nivosus","Western Snowy Plover","824030",-122.967610577585,38.0958377543791,"GCS","NAD83","Garmin",2016-07-09,,"None","SVE","Yes","No","No","No","No","Yes","Yes","No","No","No","No","No","No",2016-07-08,"No",,,,1,0,0,2016-07-11,"Unknown",,,,"No",,,"No",,,"No",,"x:x","Unknown",,,,"Tracking from predators nonexistent",,"Raw",2019-06-24 11:15:22,"swakamiya","Event","HumanObservation"
"PORE","Point Reyes National Seashore","NP24_2025","{764DC5D8-DDE7-49E6-B146-A9328A9BB8B6}","NP","North Beach - Abbott's",2025,,,"Charadrius nivosus","Western Snowy Plover","824030",-122.959758728478,38.1154101344401,"GCS","WGS84",,2025-06-24,2025-06-24,"Mini-Exclosure","RWE","No","Yes","No","Yes","No","No","Yes","No","No","No","No","No","Yes",,"Yes",2025-07-27,2025-08-24,,3,2,2,,,,,,"No",,,"No",,,"No",,"av:vb","rv:rb",,,,"banded female, flushed off 1 egg nest. vagy M nearby. ME placed -2025-06-24; 2e ME ok-2025-06-26; 3e ME ok-2025-06-30; 3e me ok-2025-07-07; avvbF? Could be on nest-2025-07-10; 3e ME ok. Saw female flush-2025-07-11; Probably avvbF on nest-2025-07-11",,"Accepted",2026-04-22 09:53:34,"ksherrill","Event","HumanObservation"
<<<<<<< HEAD
=======
"PORE","Point Reyes National Seashore","NP25_2001","{764DC5D8-DDE7-49E6-B146-A9328A9BB8B6}","NP","North Beach - Abbott's",2001,,,"Charadrius nivosus","Western Snowy Plover","824030",-122.965886423828,38.1002264752982,"GCS","NAD83","Pro Xr",2001-07-06,,"None",,,,,,,,,,,,,"No","No",,"No",,,,3,0,0,,,,,,"No",,,"No",,,"No",,,,,,,"Predation: Raven",,"Raw",2019-06-24 11:15:22,"swakamiya","Event","HumanObservation"
"PORE","Point Reyes National Seashore","NP25_2014","{764DC5D8-DDE7-49E6-B146-A9328A9BB8B6}","NP","North Beach - Abbott's",2014,,,"Charadrius nivosus","Western Snowy Plover","824030",-122.960507316717,38.1135275879097,"GCS","NAD83","Garmin",2014-07-18,,"None","SWE","Yes","No","No","Yes","No","No","Yes","No","No","No","No","No","Yes",2014-07-17,"No",,,,1,0,0,2014-07-20,"Depredated by Known Predator","Common raven",,,"No",,,"No",,,"No",,,"Unknown",,,,"Wanted to exclose but depredated before I could.",,"Raw",2019-06-24 11:15:22,"swakamiya","Event","HumanObservation"
"PORE","Point Reyes National Seashore","NP25_2016","{764DC5D8-DDE7-49E6-B146-A9328A9BB8B6}","NP","North Beach - Abbott's",2016,,,"Charadrius nivosus","Western Snowy Plover","824030",-122.972005198692,38.0858707706789,"GCS","NAD83","Garmin",2016-07-09,2016-07-09,"Round","SEP","Yes","No","No","No","No","No","Yes","No","Yes","No","No","No","No",,"Yes",2016-08-02,2016-08-31,2016-08-02,2,2,2,,,,,,"No",,,"No",,,"No",,"x:x","ow:wg",,,,,,"Raw",2019-06-24 11:15:22,"swakamiya","Event","HumanObservation"
"PORE","Point Reyes National Seashore","NP25_2025","{764DC5D8-DDE7-49E6-B146-A9328A9BB8B6}","NP","North Beach - Abbott's",2025,,,"Charadrius nivosus","Western Snowy Plover","824030",-122.970052343046,38.0908860835167,"GCS","WGS84",,2025-06-30,2025-06-30,"Mini-Exclosure","SKE","Yes","No","Yes","No","No","No","Yes","No","No","No","No","No","No",2025-06-27,"No",2025-07-27,2025-08-24,2025-07-28,3,3,3,,,,,,"No",,,"No",,,"No",,"va:wo","as:yy",,,,"vellela, west of fence (moved), ME placed-2025-06-30; 3e ME ok-2025-07-02; 3 eggs, ME good. no adults around -2025-07-10; Bird incubating from distance-2025-07-15; 3e, me good. vawo incubating -2025-07-18; 3 e, me good. asyy and vawo around-2025-07-21; Ne",,"Accepted",2026-04-22 09:53:34,"ksherrill","Event","HumanObservation"
"PORE","Point Reyes National Seashore","NP26_2001","{764DC5D8-DDE7-49E6-B146-A9328A9BB8B6}","NP","North Beach - Abbott's",2001,,,"Charadrius nivosus","Western Snowy Plover","824030",-122.961798473708,38.1094722870937,"GCS","NAD83","Pro Xr",2001-07-20,,"None",,,,,,,,,,,,,"No","No",,"No",,,,3,0,0,,,,,,"No",,,"No",,,"No",,,,,,,"Predation: Raven",,"Raw",2019-06-24 11:15:22,"swakamiya","Event","HumanObservation"
"PORE","Point Reyes National Seashore","NP26_2016","{764DC5D8-DDE7-49E6-B146-A9328A9BB8B6}","NP","North Beach - Abbott's",2016,,,"Charadrius nivosus","Western Snowy Plover","824030",-122.972655602724,38.0847353149469,"GCS","NAD83","Garmin",2016-07-23,,"None","SWHE","Yes","No","No","Yes","No","No","Yes","No","No","Yes","No","No","No",,"Yes",,,,3,0,0,2016-08-05,"Depredated by Known Predator","Common raven",,,"No",,,"No",,,"No",,"x:x","Unknown",,,,"ML observed 2 CORA in vicinity of nest, likely predated moments before.",,"Raw",2019-06-24 11:15:22,"swakamiya","Event","HumanObservation"
>>>>>>> origin/main
"PORE","Point Reyes National Seashore","NP26_2025","{764DC5D8-DDE7-49E6-B146-A9328A9BB8B6}","NP","North Beach - Abbott's",2025,,,"Charadrius nivosus","Western Snowy Plover","824030",-122.961789748589,38.1095417217226,"GCS","WGS84",,2025-06-30,2025-07-03,"Mini-Exclosure","SRWE","Yes","Yes","No","Yes","No","No","Yes","No","No","No","No","No","Yes",2025-06-28,"No",2025-07-30,2025-08-27,2025-07-30,3,2,1,,,,,,"No",,,"No",,,"No",,"av:ya","x:x",,,,"avyaF and xxM -2025-06-30; 3e me ok. No adult seen, but eggs warm-2025-07-07; 3e ME ok. XxM on outer beach -2025-07-10",,"Accepted",2026-04-22 09:53:34,"ksherrill","Event","HumanObservation"
"PORE","Point Reyes National Seashore","NP27_2025","{764DC5D8-DDE7-49E6-B146-A9328A9BB8B6}","NP","North Beach - Abbott's",2025,,,"Charadrius nivosus","Western Snowy Plover","824030",-122.959194409821,38.1174083395843,"GCS","WGS84",,2025-06-30,2025-06-30,"Round","SE","Yes","No","No","No","No","No","Yes","No","No","No","No","No","Yes",,"No",2025-07-17,2025-08-14,2025-07-17,3,3,0,,,,,,"No",,,"No",,,"No",,"rv:xx","va:gy",,,,"rvxxF and vaagM 3 eggs on outer beach-2025-06-30; 3 eggs floated: 90, 85, 0.  vaag m and rvxx f around-2025-07-01; 3e me ok-2025-07-07; 3e ME ok-2025-07-10; 1e crack-2025-07-11",,"Accepted",2026-04-22 09:53:34,"ksherrill","Event","HumanObservation"
"PORE","Point Reyes National Seashore","NP28_2025","{764DC5D8-DDE7-49E6-B146-A9328A9BB8B6}","NP","North Beach - Abbott's",2025,,,"Charadrius nivosus","Western Snowy Plover","824030",-122.960146149892,38.1137487677445,"GCS","WGS84",,2025-07-26,2025-07-26,"Round","SWE","Yes","No","No","Yes","No","No","Yes","No","No","No","No","Yes","Yes",,"No",2025-07-30,2025-08-27,2025-07-31,3,2,0,,,,,,"No",,,"No",,,"No",,"av:vg","va:ya",,,,"float=3 at 10-12mm; returning to place ME, could not surprise inc adult!-2025-07-26; 2 chicks 1 nonviable egg. Banded chicks -2025-07-31",,"Accepted",2026-04-22 09:53:34,"ksherrill","Event","HumanObservation"
"PORE","Point Reyes National Seashore","NP29_2025","{764DC5D8-DDE7-49E6-B146-A9328A9BB8B6}","NP","North Beach - Abbott's",2025,,,"Charadrius nivosus","Western Snowy Plover","824030",-122.964794736534,38.1025923393968,"GCS","WGS84",,2025-07-28,,,"SWVD","Yes","No","No","Yes","No","Yes","No","Yes","No","No","No","No","Yes",,"No",2025-07-28,2025-08-25,2025-07-28,3,2,0,,,,,,"No",,,"No",,,"No",,"va:ay","x:x",,,,"Finally found after a long month of searching. 2 chicks and 1 egg with no sign. Banded chicks. vaayF and xxM-2025-07-28; Final egg munched by coyote. Yolk and shell in scrape-2025-07-31",,"Accepted",2026-04-22 09:53:34,"ksherrill","Event","HumanObservation"
"PORE","Point Reyes National Seashore","RA01_2014","{915091EC-61D4-40EF-92EF-E9EF4B6A26D1}","RA","2011 Dune Restoration Area",2014,,,"Charadrius nivosus","Western Snowy Plover","824030",-122.961537349737,38.1071198785476,"GCS","NAD83","Garmin",2014-04-03,2014-04-12,"Round","SWTE","Yes","No","No","Yes","Yes","No","Yes","No","No","No","No","Yes","No",2014-03-23,"No",2014-04-22,,,3,3,0,,,,2014-04-24,3,"No",2014-04-27,6,"Yes",2014-04-27,6,"Yes",,,"b/r:y",,,,"Exclosed after NP01, NP03 and NP04 were lost.",,"Raw",2019-06-24 11:15:22,"swakamiya","Event","HumanObservation"
"PORE","Point Reyes National Seashore","RA01_2015","{915091EC-61D4-40EF-92EF-E9EF4B6A26D1}","RA","2011 Dune Restoration Area",2015,,,"Charadrius nivosus","Western Snowy Plover","824030",-122.960463027759,38.1110400603596,"GCS","NAD83","Garmin",2015-03-30,2015-04-04,"Round","RWD","No","Yes","No","Yes","No","No","No","Yes","No","No","No","Yes","No",2015-03-28,"No",2015-05-03,,,3,3,0,,,,2015-05-06,4,"No",2015-05-06,4,"No",2015-05-06,4,"No",,"ga:gg",,,,,,,"Raw",2019-06-24 11:15:22,"swakamiya","Event","HumanObservation"
"PORE","Point Reyes National Seashore","RA01_2016","{915091EC-61D4-40EF-92EF-E9EF4B6A26D1}","RA","2011 Dune Restoration Area",2016,,,"Charadrius nivosus","Western Snowy Plover","824030",-122.961035622702,38.1068222929789,"GCS","NAD83","Garmin",2016-03-31,2016-04-01,"Round","SWE","Yes","No","No","Yes","No","No","Yes","No","No","No","No","Yes","Yes",2016-03-31,"No",2016-05-07,,,3,2,0,,,,2016-05-09,2,"Yes",2016-05-09,2,"Yes",,,"No",,"x:x","s:y",,,,,,"Raw",2019-06-24 11:15:22,"swakamiya","Event","HumanObservation"
"PORE","Point Reyes National Seashore","RA01_2017","{915091EC-61D4-40EF-92EF-E9EF4B6A26D1}","RA","2011 Dune Restoration Area",2017,,,"Charadrius nivosus","Western Snowy Plover","824030",-122.960795018328,38.1088230398672,"GCS","NAD83","Garmin",2017-04-20,2017-04-20,"Round","STE","Yes","No","No","No","Yes","No","Yes","No","No","No","No","Yes","No",2017-04-18,"No",2017-05-22,,2017-05-23,3,3,0,,,,2017-05-30,8,"No",2017-05-30,8,"No",2017-05-30,8,"No",,"x:x","r/g:g",,,,,,"Raw",2019-06-24 11:15:22,"swakamiya","Event","HumanObservation"
"PORE","Point Reyes National Seashore","RA01_2018","{915091EC-61D4-40EF-92EF-E9EF4B6A26D1}","RA","2011 Dune Restoration Area",2018,,,"Charadrius nivosus","Western Snowy Plover","824030",-122.959720418816,38.1131307608611,"GCS","NAD83","Garmin",2018-04-24,,"None","RWD","No","Yes","No","Yes","No","No","No","Yes","No","No","No","Yes","Yes",2018-04-23,"No",,,,2,,,,"Depredated by Known Predator","Common raven",,,"No",,,"No",,,"No",,"Unk","Unk",,,,,,"Raw",2019-06-24 11:15:22,"swakamiya","Event","HumanObservation"
"PORE","Point Reyes National Seashore","RA01_2019","{915091EC-61D4-40EF-92EF-E9EF4B6A26D1}","RA","2011 Dune Restoration Area",2019,,,"Charadrius nivosus","Western Snowy Plover","824030",-122.960600968166,38.1090753314594,"GCS","NAD83","Garmin",2019-04-13,,,"SVE","Yes","No","No","No","No","Yes","Yes","No","No","No","No","Yes","Yes",2019-04-12,"No",,,,1,,,2019-04-16,"Abandoned",,,,"No",,,"No",,,"No",,"x:x","r/g:g",,,,"Nest was abandoned soon after nest was found, for unknown reasons.",,"Raw",2019-08-23 13:15:03,"mlau","Event","HumanObservation"
"PORE","Point Reyes National Seashore","RA01_2020","{915091EC-61D4-40EF-92EF-E9EF4B6A26D1}","RA","2011 Dune Restoration Area",2020,,,"Charadrius nivosus","Western Snowy Plover","824030",-122.962975198204,38.1058675701163,"GCS","NAD83","Garmin",2020-05-15,,"None","SRE","Yes","Yes","No","No","No","No","Yes","No","No","No","No","Yes","No",,"Yes",,,,,0,0,2020-05-15,"Depredated by Known Predator","Common raven",,,"No",,,"No",,,"No",,"unk","unk",,,,"R. DiGaudio found already depredated. Appeared to be a recent depredation event. Three large eggshell fragments that appear to be from same single egg. Possible raven tracks around scrape.",,"Raw",2020-09-18 11:29:17,"mjayl","Event","HumanObservation"
"PORE","Point Reyes National Seashore","RA01_2021","{915091EC-61D4-40EF-92EF-E9EF4B6A26D1}","RA","2011 Dune Restoration Area",2021,,,"Charadrius nivosus","Western Snowy Plover","824030",-122.961455510072,38.1065736799645,"GCS","NAD83",,2021-04-28,2021-04-28,"Round","SRVWE","Yes","Yes","No","Yes","No","Yes","Yes","No","No","No","No","Yes","Yes",2021-04-25,"No",2021-05-30,2021-06-27,2021-05-30,3,3,1,,,,,,"No",,,"No",,,"No",,"x:x","x:x",,,,"Could not accurately collect chick loss data.",,"Accepted",2021-12-13 10:32:03,"EEdson","Event","HumanObservation"
"PORE","Point Reyes National Seashore","RA01_2022","{915091EC-61D4-40EF-92EF-E9EF4B6A26D1}","RA","2011 Dune Restoration Area",2022,,,"Charadrius nivosus","Western Snowy Plover","824030",-122.959351403443,38.1141337500572,"GCS","NAD83",,2022-04-15,2022-04-15,"Mini-Exclosure","RWVE","No","Yes","No","Yes","No","Yes","Yes","No","No","No","No","Yes","Yes",,"Yes",2022-05-12,,,3,1,0,,,,,,"No",,,"No",,,"No",,"av:ya","x:x?",,,,"Two eggs were nonviable. Third egg likely hatched the night of 5/12 but chick likely depredated.",,"Provisional",2022-08-20 18:12:28,"mlau","Event","HumanObservation"
"PORE","Point Reyes National Seashore","RA01_2023","{915091EC-61D4-40EF-92EF-E9EF4B6A26D1}","RA","2011 Dune Restoration Area",2023,,,"Charadrius nivosus","Western Snowy Plover","824030",-122.95853192241,38.1168895530722,"GCS","WGS84",,2023-04-18,2023-04-18,"Mini-Exclosure","RWE","No","Yes","No","Yes","No","No","Yes","No","No","No","No","Yes","No",,"Yes",2023-05-12,2023-06-08,2023-05-12,3,2,1,,,,,,"No",,,"No",,,"No",,"av:gg","x:x",,,,,,"Provisional",2023-09-13 11:23:50,"mjayl","Event","HumanObservation"
"PORE","Point Reyes National Seashore","RA01_2024","{915091EC-61D4-40EF-92EF-E9EF4B6A26D1}","RA","2011 Dune Restoration Area",2024,,,"Charadrius nivosus","Western Snowy Plover","824030",-122.957405,38.114337,"GCS","WGS84",,2024-04-10,2024-04-10,"Mini-Exclosure","SVE","Yes","No","No","No","No","Yes","Yes","No","No","No","No","Yes","No",,"Yes",2024-05-04,2024-05-31,,3,3,3,,,,,,"No",,,"No",,,"No",,"x:x","x:x",,,,,,"Accepted",2026-04-22 09:55:16,"ksherrill","Event","HumanObservation"
"PORE","Point Reyes National Seashore","RA01_2025","{915091EC-61D4-40EF-92EF-E9EF4B6A26D1}","RA","2011 Dune Restoration Area",2025,,,"Charadrius nivosus","Western Snowy Plover","824030",-122.958192,38.116645,"GCS","WGS84",,2025-03-28,2025-03-28,"Mini-Exclosure","SW","Yes","No","No","Yes","No","No","No","No","No","No","No","Yes","Yes",,"No",,,,1,0,0,2025-04-02,"Abandoned",,,,"No",,,"No",,,"No",,"av:gg?","av:yb?",,,,"Processed from SFN_SNPLPORE_Survey2024v1 Feature Layer - KRS 20250425",,"Accepted",2026-04-22 09:53:34,"ksherrill","Event","HumanObservation"
"PORE","Point Reyes National Seashore","RA02_2014","{915091EC-61D4-40EF-92EF-E9EF4B6A26D1}","RA","2011 Dune Restoration Area",2014,,,"Charadrius nivosus","Western Snowy Plover","824030",-122.960485861354,38.111004017125,"GCS","NAD83","Garmin",2014-04-14,,"None","RWD","No","Yes","No","Yes","No","No","No","Yes","No","No","No","Yes","No",2014-03-17,"No",2014-04-16,2014-05-18,,3,3,1,,,,2014-04-21,6,"No",2014-05-11,26,"Yes",,,"No",,"ga:gg",,,,,"Didn't exclose because early in the season and had one RA nest exclosed already.",,"Raw",2019-06-24 11:15:22,"swakamiya","Event","HumanObservation"
"PORE","Point Reyes National Seashore","RA02_2015","{915091EC-61D4-40EF-92EF-E9EF4B6A26D1}","RA","2011 Dune Restoration Area",2015,,,"Charadrius nivosus","Western Snowy Plover","824030",-122.95982350024,38.1123737271474,"GCS","NAD83","Garmin",2015-03-30,2015-03-30,"Round","RWD","No","Yes","No","Yes","No","No","No","Yes","No","No","No","Yes","No",2015-03-26,"No",2015-04-29,,,3,2,0,,,,2015-05-02,4,"Yes",2015-05-06,8,"No",,,"No",,,"ly:yo",2015-05-21,"Wildlife Freezer",,,,"Raw",2019-06-24 11:15:22,"swakamiya","Event","HumanObservation"
"PORE","Point Reyes National Seashore","RA02_2016","{915091EC-61D4-40EF-92EF-E9EF4B6A26D1}","RA","2011 Dune Restoration Area",2016,,,"Charadrius nivosus","Western Snowy Plover","824030",-122.962484317837,38.1066695479459,"GCS","NAD83","Garmin",2016-04-18,2016-04-29,"Round","RE","No","Yes","No","No","No","No","Yes","No","No","No","No","Yes","Yes",2016-04-12,"No",2016-05-18,,,3,2,0,,,,2016-05-20,2,"No",2016-05-20,2,"No",,,"No",,"x:s","ly:yo",,,,"Nest lost an egg on 4/30/16 for unknown reasons.. Became a 2 egg nest.",,"Raw",2019-06-24 11:15:22,"swakamiya","Event","HumanObservation"
"PORE","Point Reyes National Seashore","RA02_2017","{915091EC-61D4-40EF-92EF-E9EF4B6A26D1}","RA","2011 Dune Restoration Area",2017,,,"Charadrius nivosus","Western Snowy Plover","824030",-122.962872569025,38.105813461311,"GCS","NAD83","Garmin",2017-05-02,2017-05-02,"Round","RVE","No","Yes","No","No","No","Yes","Yes","No","No","No","No","No","No",,"Yes",,,,2,0,0,2017-05-16,"Eggs Non-viable",,,,"No",,,"No",,,"No",,"x:s","unknown",,,,"One egg disappeared 5/16/17, the other non-viable",,"Raw",2019-06-24 11:15:22,"swakamiya","Event","HumanObservation"
"PORE","Point Reyes National Seashore","RA02_2018","{915091EC-61D4-40EF-92EF-E9EF4B6A26D1}","RA","2011 Dune Restoration Area",2018,,,"Charadrius nivosus","Western Snowy Plover","824030",-122.961091512358,38.1089763548704,"GCS","NAD83","Garmin",2018-04-30,2018-05-02,"Round","RWTE","No","Yes","No","Yes","Yes","No","Yes","No","No","No","No","Yes","Yes",,"Yes",2018-05-16,,2018-05-16,3,1,0,,,,,,"No",,,"No",,,"No",,"x:x","r/g:g",,,,,,"Raw",2019-06-24 11:15:22,"swakamiya","Event","HumanObservation"
"PORE","Point Reyes National Seashore","RA02_2019","{915091EC-61D4-40EF-92EF-E9EF4B6A26D1}","RA","2011 Dune Restoration Area",2019,,,"Charadrius nivosus","Western Snowy Plover","824030",-122.961604783815,38.109039612839,"GCS","NAD83","Garmin",2019-04-24,,,"SRWE","Yes","Yes","No","Yes","No","No","Yes","No","No","No","No","Yes","Yes",,"Yes",,,,2,,,2019-04-26,"Depredated by Known Predator","Common raven",,,"No",,,"No",,,"No",,"x:x","r/g:g?",,,,,,"Raw",2019-08-23 13:16:35,"mlau","Event","HumanObservation"
"PORE","Point Reyes National Seashore","RA02_2021","{915091EC-61D4-40EF-92EF-E9EF4B6A26D1}","RA","2011 Dune Restoration Area",2021,,,"Charadrius nivosus","Western Snowy Plover","824030",-122.959846957208,38.1132840205078,"GCS","NAD83",,2021-05-04,2021-05-05,"Mini-Exclosure","RVWE","No","Yes","No","Yes","No","Yes","Yes","No","No","No","No","Yes","No",,"Yes",,,,4,0,0,2021-07-23,"Depredated by Known Predator","Common raven",,,"No",,,"No",,,"No",,"r/a:y","vb:gg",,,,"This nest started out with 3 eggs. Nest did not hatch days and weeks after hatch date. A couple weeks after the projected hatch date, the female laid a 4th egg. USFWS and Point Blue Conservation Science were consulted, and we removed 2 eggs to prompt female to lay more eggs (leaving 1 old, nonviable egg and 1 new egg). Female did not continue laying eggs. A new hatch date was estimated. On 7/2/21, we removed the mini-exclosure to use it for another nest. Nest was depredated by a CORA on 7/23/21, a couple months after the nest was established.",,"Accepted",2021-12-13 10:32:03,"EEdson","Event","HumanObservation"
"PORE","Point Reyes National Seashore","RA02_2022","{915091EC-61D4-40EF-92EF-E9EF4B6A26D1}","RA","2011 Dune Restoration Area",2022,"OUC","Predator Type for Rodent unsure","Charadrius nivosus","Western Snowy Plover","824030",-122.957789618234,38.1162701158464,"GCS","NAD83",,2022-04-20,2022-04-20,"Mini-Exclosure","SRVTE","Yes","Yes","No","No","Yes","Yes","Yes","No","No","No","No","Yes","Yes",,"Yes",,,,3,0,0,2022-05-05,"Depredated by Known Predator","Rodent",,,"No",,,"No",,,"No",,"r/a:y","av:yv",,,,,,"Provisional",2022-11-01 11:15:31,"mlau","Event","HumanObservation"
"PORE","Point Reyes National Seashore","RA02_2023","{915091EC-61D4-40EF-92EF-E9EF4B6A26D1}","RA","2011 Dune Restoration Area",2023,,,"Charadrius nivosus","Western Snowy Plover","824030",-122.95892581989,38.1142787059048,"GCS","WGS84",,2023-04-18,,"None","SVE","Yes","No","No","No","No","Yes","Yes","No","No","No","No","Yes","No",,"Yes",,,,3,0,0,2023-04-19,"Depredated by Known Predator","Common raven",,,"No",,,"No",,,"No",,"va:ry","av:yg",,,,,,"Raw",2023-09-13 11:25:58,"mjayl","Event","HumanObservation"
"PORE","Point Reyes National Seashore","RA02_2024","{764DC5D8-DDE7-49E6-B146-A9328A9BB8B6}","NP","North Beach - Abbott's",2024,,,"Charadrius nivosus","Western Snowy Plover","824030",-122.95969,38.112896,"GCS","WGS84",,2024-05-28,2024-05-28,"Mini-Exclosure","SV","Yes","No","No","No","No","Yes","No","No","No","No","No","Yes","No",,"Yes",2024-06-15,2024-07-12,2024-06-15,2,1,0,,,,,,"No",,,"No",,,"No",,"av:ya","x:x",,,,,,"Accepted",2026-04-22 09:55:16,"ksherrill","Event","HumanObservation"
"PORE","Point Reyes National Seashore","RA02_2025","{764DC5D8-DDE7-49E6-B146-A9328A9BB8B6}","NP","North Beach - Abbott's",2025,,,"Charadrius nivosus","Western Snowy Plover","824030",-122.9631301,38.1055339,"GCS","WGS84",,2025-04-11,2025-04-11,"Mini-Exclosure","SRWE","Yes","Yes","No","Yes","No","No","Yes","No","No","No","No","Yes","Yes",,"No",2025-05-02,2025-05-30,2025-05-02,3,3,0,,,,,,"No",,,"No",,,"No",,"va:ay","av:ry",,,,"Large wind event on 5/3 and 5/4 and unable to find brood on 5/5. av:ryM freaking out and in later days/week seen without chicks acting strange with non-broody behavior",,"Accepted",2026-04-22 09:53:34,"ksherrill","Event","HumanObservation"
"PORE","Point Reyes National Seashore","RA03_2014","{915091EC-61D4-40EF-92EF-E9EF4B6A26D1}","RA","2011 Dune Restoration Area",2014,,,"Charadrius nivosus","Western Snowy Plover","824030",-122.958934134987,38.1116524014788,"GCS","NAD83","Garmin",2014-04-28,2014-04-29,"Round","SVE","Yes","No","No","No","No","Yes","Yes","No","No","No","No","Yes","No",,"No",,,,3,0,0,2014-05-08,"Wind",,,,"No",,,"No",,,"No",,,,2014-05-21,"Wildlife freezer",,"Initiation date unknown. Exclosed because of the high nest loss at this point in the season.",,"Raw",2019-06-24 11:15:22,"swakamiya","Event","HumanObservation"
"PORE","Point Reyes National Seashore","RA03_2015","{915091EC-61D4-40EF-92EF-E9EF4B6A26D1}","RA","2011 Dune Restoration Area",2015,,,"Charadrius nivosus","Western Snowy Plover","824030",-122.962050445405,38.1074985802422,"GCS","NAD83","Garmin",2015-04-08,2015-04-08,"Round","RWE","No","Yes","No","Yes","No","No","Yes","No","No","No","No","Yes","No",2015-03-31,"No",2015-04-30,,,3,3,0,,,,2015-05-02,3,"Yes",2015-05-02,3,"Yes",2015-05-02,3,"Yes",,,"r/b/r:y",,,,,,"Raw",2019-06-24 11:15:22,"swakamiya","Event","HumanObservation"
"PORE","Point Reyes National Seashore","RA03_2016","{915091EC-61D4-40EF-92EF-E9EF4B6A26D1}","RA","2011 Dune Restoration Area",2016,,,"Charadrius nivosus","Western Snowy Plover","824030",-122.960794488446,38.1098144401642,"GCS","NAD83","Garmin",2016-05-13,2016-05-13,"Round","SWE","Yes","No","No","Yes","No","No","Yes","No","No","No","No","Yes","Yes",2016-05-12,"No",2016-06-17,2016-07-15,,3,1,1,,,,,,"No",,,"No",,,"No",,"x:x","bg:bb",,,,"Had 3 eggs but then a single egg disappeared overnight for unknown reasons. Single chick brood was thought to have perished, but refound 2 weeks later.",,"Raw",2019-06-24 11:15:22,"swakamiya","Event","HumanObservation"
"PORE","Point Reyes National Seashore","RA03_2017","{915091EC-61D4-40EF-92EF-E9EF4B6A26D1}","RA","2011 Dune Restoration Area",2017,,,"Charadrius nivosus","Western Snowy Plover","824030",-122.961467788877,38.1092558735576,"GCS","NAD83","Garmin",2017-05-09,2017-05-09,"Round","SWE","Yes","No","No","Yes","No","No","Yes","No","No","No","No","Yes","No",,"Yes",2017-06-06,,2017-06-06,3,2,0,,,,2017-06-06,1,"No",2017-06-08,2,"No",,,"No",,"x:x","ow:wg",,,,"Both chicks lost within first week",,"Raw",2019-06-24 11:15:22,"swakamiya","Event","HumanObservation"
"PORE","Point Reyes National Seashore","RA03_2018","{915091EC-61D4-40EF-92EF-E9EF4B6A26D1}","RA","2011 Dune Restoration Area",2018,,,"Charadrius nivosus","Western Snowy Plover","824030",-122.962164487527,38.1075436806916,"GCS","NAD83","Garmin",2018-05-08,,"None","RWVE","No","Yes","No","Yes","No","Yes","Yes","No","No","No","No","Yes","Yes",,"Yes",,,,3,0,0,2018-05-25,"Unknown",,,,"No",,,"No",,,"No",,"x:x","unk",,,,,,"Raw",2019-06-24 11:15:22,"swakamiya","Event","HumanObservation"
<<<<<<< HEAD
"PORE","Point Reyes National Seashore","RA03_2019","{915091EC-61D4-40EF-92EF-E9EF4B6A26D1}","RA","2011 Dune Restoration Area",2019,,,"Charadrius nivosus","Western Snowy Plover","824030",-122.961113781209,38.1100038136134,"GCS","NAD83","Garmin",2019-04-24,,,"SRWE","Yes","Yes","No","Yes","No","No","Yes","No","No","No","No","Yes","Yes",,"Yes",,,,3,,,2019-04-26,"Depredated by Known Predator","Common raven",,,"No",,,"No",,,"No",,"av:ow?","x:x",,,,,,"Raw",2019-08-23 13:18:05,"mlau","Event","HumanObservation"
"PORE","Point Reyes National Seashore","RA03_2021","{915091EC-61D4-40EF-92EF-E9EF4B6A26D1}","RA","2011 Dune Restoration Area",2021,,,"Charadrius nivosus","Western Snowy Plover","824030",-122.959767813297,38.1140726068583,"GCS","NAD83",,2021-07-27,2021-07-27,"Mini-Exclosure","RWE","No","Yes","No","Yes","No","No","Yes","No","No","No","No","Yes","No",,"Yes",2021-08-18,2021-09-14,2021-08-20,3,1,1,,,,,,"No",,,"No",,,"No",,"av:ow","r/g:g",,,,"2 nonviable eggs, only a single egg hatched.",,"Accepted",2021-12-13 10:32:03,"EEdson","Event","HumanObservation"
"PORE","Point Reyes National Seashore","RA03_2022","{915091EC-61D4-40EF-92EF-E9EF4B6A26D1}","RA","2011 Dune Restoration Area",2022,,,"Charadrius nivosus","Western Snowy Plover","824030",-122.959975024454,38.1127270777445,"GCS","NAD83",,2022-04-20,2022-04-20,"Mini-Exclosure","SRVWE","Yes","Yes","No","Yes","No","Yes","Yes","No","No","No","No","Yes","Yes",2022-04-20,"No",2022-05-25,,2022-05-27,2,1,0,,,,,,"No",,,"No",,,"No",,"av:ob","av:gr",,,,"Captured av:ba f and rebanded to av:ob female, 8021-26928",,"Provisional",2022-11-01 11:16:17,"mlau","Event","HumanObservation"
"PORE","Point Reyes National Seashore","RA03_2023","{915091EC-61D4-40EF-92EF-E9EF4B6A26D1}","RA","2011 Dune Restoration Area",2023,,,"Charadrius nivosus","Western Snowy Plover","824030",-122.961053080593,38.1083148065623,"GCS","WGS84",,2023-04-19,2023-04-19,"Mini-Exclosure","SVE","Yes","No","No","No","No","Yes","Yes","No","No","No","No","Yes","No",,"Yes",2023-05-18,,2023-05-18,3,3,0,,,,,,"No",,,"No",,,"No",,"rv:ga","x:x",,,,"x:x female captured and rebanded to rv:ga, 8021-26978, by C. Eyster",,"Provisional",2023-09-13 11:29:03,"mjayl","Event","HumanObservation"
"PORE","Point Reyes National Seashore","RA03_2024","{764DC5D8-DDE7-49E6-B146-A9328A9BB8B6}","NP","North Beach - Abbott's",2024,,,"Charadrius nivosus","Western Snowy Plover","824030",-122.95948,38.11371,"GCS","WGS84",,2024-06-10,2024-06-10,"Mini-Exclosure","SVE","Yes","No","No","No","No","Yes","Yes","No","No","No","No","Yes","No",,"Yes",2024-07-08,2024-08-04,2024-07-08,3,3,2,,,,,,"No",,,"No",,,"No",,"rv:xx","av:gx",,,,,,"Accepted",2026-04-22 09:55:16,"ksherrill","Event","HumanObservation"
"PORE","Point Reyes National Seashore","RA03_2025","{764DC5D8-DDE7-49E6-B146-A9328A9BB8B6}","NP","North Beach - Abbott's",2025,,,"Charadrius nivosus","Western Snowy Plover","824030",-122.625927116782,38.2284176983064,"GCS","WGS84",,2025-04-14,2025-04-14,"Round","SWVD","Yes","No","No","Yes","No","Yes","No","Yes","No","No","No","Yes","Yes",,"No",,,,3,0,0,2025-05-06,"Wind",,,,"No",,,"No",,,"No",,"x:x","unknown",,,,"F inc. 3e ME ok-2025-04-25; CORA tracks surrounding exclosure, 3 eggs present. Not quite warm, but two eggs cracked; no tapping heard. Adults seen nearby (vaag, rvrb, and xxF). No progress in eggs from Friday; possible abandonment over weekend?-2025-05-06",,"Accepted",2026-04-22 09:53:34,"ksherrill","Event","HumanObservation"
"PORE","Point Reyes National Seashore","RA04_2014","{915091EC-61D4-40EF-92EF-E9EF4B6A26D1}","RA","2011 Dune Restoration Area",2014,,,"Charadrius nivosus","Western Snowy Plover","824030",-122.961639579154,38.1079400707931,"GCS","NAD83","Garmin",2014-05-05,2014-05-05,"Round","RD","No","Yes","No","No","No","No","No","Yes","No","No","No","Yes","No",2014-05-04,"No",2014-06-08,2014-07-05,,3,3,1,,,,2014-06-09,2,"No",2014-06-09,2,"No",,,"No",,,"b/r:y",,,,"Exclosed because of the high nest loss at this point in the season.",,"Raw",2019-06-24 11:15:22,"swakamiya","Event","HumanObservation"
"PORE","Point Reyes National Seashore","RA04_2015","{915091EC-61D4-40EF-92EF-E9EF4B6A26D1}","RA","2011 Dune Restoration Area",2015,,,"Charadrius nivosus","Western Snowy Plover","824030",-122.962096215914,38.1072192002427,"GCS","NAD83","Garmin",2015-04-15,2015-04-16,"Round","RWD","No","Yes","No","Yes","No","No","No","Yes","No","No","No","Yes","No",2015-04-14,"No",2015-05-29,,,3,2,0,,,,2015-06-01,4,"No",2015-06-04,6,"No",,,"No",,,,2015-06-30,"Wildlife Freezer",,"Exclosure was round but larger, used three panels of wire in order to fit around the log the nest was under.",,"Raw",2019-06-24 11:15:22,"swakamiya","Event","HumanObservation"
"PORE","Point Reyes National Seashore","RA04_2016","{915091EC-61D4-40EF-92EF-E9EF4B6A26D1}","RA","2011 Dune Restoration Area",2016,,,"Charadrius nivosus","Western Snowy Plover","824030",-122.957911036269,38.1054693048311,"GCS","NAD83","Garmin",2016-05-31,2016-05-31,"Round","RVE","No","Yes","No","No","No","Yes","Yes","No","No","No","No","Yes","Yes",,"Yes",2016-06-30,,2016-05-31,2,2,0,,,,2016-07-09,10,"Yes",,,"No",,,"No",,"x:x","x:x",,,,,,"Raw",2019-06-24 11:15:22,"swakamiya","Event","HumanObservation"
"PORE","Point Reyes National Seashore","RA04_2017","{915091EC-61D4-40EF-92EF-E9EF4B6A26D1}","RA","2011 Dune Restoration Area",2017,,,"Charadrius nivosus","Western Snowy Plover","824030",-122.96043965942,38.1120675035011,"GCS","NAD83","Garmin",2017-05-10,2017-05-11,"Round","RD","No","Yes","No","No","No","No","No","Yes","No","No","No","Yes","No",,"Yes",2017-06-12,,,2,2,0,,,,2017-06-12,0,"No",2017-06-12,0,"No",,,"No",,"av:ow","x:x",,,,"Chicks likely taken by CORA waiting outside exclosure at hatch (trail cam evidence)",,"Raw",2019-06-24 11:15:22,"swakamiya","Event","HumanObservation"
"PORE","Point Reyes National Seashore","RA04_2018","{915091EC-61D4-40EF-92EF-E9EF4B6A26D1}","RA","2011 Dune Restoration Area",2018,,,"Charadrius nivosus","Western Snowy Plover","824030",-122.961822127051,38.1078590156443,"GCS","NAD83","Garmin",2018-05-11,2018-05-11,"Round","RWVD","No","Yes","No","Yes","No","Yes","No","Yes","No","No","No","Yes","Yes",,"Yes",2018-06-02,,,3,3,0,,"Unknown",,,,"No",,,"No",,,"No",,"x:x","unk",,,,,,"Raw",2019-06-24 11:15:22,"swakamiya","Event","HumanObservation"
"PORE","Point Reyes National Seashore","RA04_2022","{915091EC-61D4-40EF-92EF-E9EF4B6A26D1}","RA","2011 Dune Restoration Area",2022,,,"Charadrius nivosus","Western Snowy Plover","824030",-122.957721508307,38.1176634578281,"GCS","NAD83",,2022-07-18,2022-07-18,"Mini-Exclosure","SVE","Yes","No","No","No","No","Yes","Yes","No","No","No","No","Yes","Yes",,"Yes",,,,3,0,0,2022-08-09,"Eggs Non-viable",,,,"No",,,"No",,,"No",,"r/a:y","unk",,,,,,"Provisional",2022-11-01 11:16:49,"mlau","Event","HumanObservation"
=======
>>>>>>> origin/main
"PORE","Point Reyes National Seashore","RA04_2023","{915091EC-61D4-40EF-92EF-E9EF4B6A26D1}","RA","2011 Dune Restoration Area",2023,,,"Charadrius nivosus","Western Snowy Plover","824030",-122.960010101725,38.1132507280631,"GCS","WGS84",,2023-04-28,2023-04-28,"Mini-Exclosure","SWE","Yes","No","No","Yes","No","No","Yes","No","No","No","No","Yes","No",,"Yes",,,,3,0,0,2023-06-05,"Eggs Non-viable",,,,"No",,,"No",,,"No",,"r/a:y","av:gr",,,,"Eggs were deemed nonviable, as eggs were unhatched 2 weeks past their projected hatch date. Removed ME and removed eggs after USFWS approval.",,"Raw",2023-09-13 11:31:30,"mjayl","Event","HumanObservation"
"PORE","Point Reyes National Seashore","RA04_2024","{764DC5D8-DDE7-49E6-B146-A9328A9BB8B6}","NP","North Beach - Abbott's",2024,,,"Charadrius nivosus","Western Snowy Plover","824030",-122.960401,38.111852,"GCS","WGS84",,2024-06-27,2024-06-27,"Mini-Exclosure","SVTE","Yes","No","No","No","Yes","Yes","Yes","No","No","No","No","Yes","No",,"Yes",2024-07-20,2024-08-16,2024-07-20,,3,1,,,,,,"No",,,"No",,,"No",,"av:ob","av:aw",,,,,,"Accepted",2026-04-22 09:55:16,"ksherrill","Event","HumanObservation"
"PORE","Point Reyes National Seashore","RA04_2025","{764DC5D8-DDE7-49E6-B146-A9328A9BB8B6}","NP","North Beach - Abbott's",2025,,,"Charadrius nivosus","Western Snowy Plover","824030",-122.625886262749,38.2283729293331,"GCS","WGS84",,2025-04-17,2025-04-17,"Mini-Exclosure","SV","Yes","No","No","No","No","Yes","No","No","No","No","No","Yes","Yes",,"No",,,,3,0,0,2025-05-09,"Depredated by Known Predator","Common raven",,,"No",,,"No",,,"No",,"av:vb","x:x",,,,"Eggs present. Did not see adults-2025-04-25; One egg buried and brought to surface. Other eggs were warm and likely still incubated. Adult not seen-2025-05-06; Large eggshell and Cora tracks -2025-05-09",,"Accepted",2026-04-22 09:53:34,"ksherrill","Event","HumanObservation"
"PORE","Point Reyes National Seashore","RA05_2014","{915091EC-61D4-40EF-92EF-E9EF4B6A26D1}","RA","2011 Dune Restoration Area",2014,,,"Charadrius nivosus","Western Snowy Plover","824030",-122.963020668872,38.1061740174834,"GCS","NAD83","Garmin",2014-05-12,2014-05-12,"Round","RKWD","No","Yes","Yes","Yes","No","No","No","Yes","No","No","No","Yes","No",2014-05-03,"No",2014-06-02,,,3,2,0,,,,2004-06-04,3,"No",2014-06-04,3,"No",,,"No",,,"ly:yo",2014-06-12,"Wildlife freezer",,"Exclosed because of the high nest loss at this point in the season.",,"Raw",2019-06-24 11:15:22,"swakamiya","Event","HumanObservation"
"PORE","Point Reyes National Seashore","RA05_2015","{915091EC-61D4-40EF-92EF-E9EF4B6A26D1}","RA","2011 Dune Restoration Area",2015,,,"Charadrius nivosus","Western Snowy Plover","824030",-122.960727740734,38.1066509485032,"GCS","NAD83","Garmin",2015-04-22,2015-04-23,"Round","RWE","No","Yes","No","Yes","No","No","Yes","No","No","No","No","Yes","No",2015-04-18,"No",2015-05-23,,,3,3,0,,,,2015-05-23,1,"Yes",2015-05-23,1,"Yes",2015-05-23,1,"Yes",,,"ow:wg",,,,,,"Raw",2019-06-24 11:15:22,"swakamiya","Event","HumanObservation"
"PORE","Point Reyes National Seashore","RA05_2016","{915091EC-61D4-40EF-92EF-E9EF4B6A26D1}","RA","2011 Dune Restoration Area",2016,,,"Charadrius nivosus","Western Snowy Plover","824030",-122.961011981157,38.1083814881578,"GCS","NAD83","Garmin",2016-06-12,2016-06-12,"Round","SWE","Yes","No","No","Yes","No","No","Yes","No","No","No","No","Yes","Yes",,"Yes",2016-07-11,2016-08-06,,2,1,1,,,,,,"No",,,"No",,,"No",,"x:x","s:y",,,,"Didn't band chick. 2 PEFA were very actively hunting in the area at the time.",,"Raw",2019-06-24 11:15:22,"swakamiya","Event","HumanObservation"
"PORE","Point Reyes National Seashore","RA05_2017","{915091EC-61D4-40EF-92EF-E9EF4B6A26D1}","RA","2011 Dune Restoration Area",2017,,,"Charadrius nivosus","Western Snowy Plover","824030",-122.9597320588,38.1127071667282,"GCS","NAD83","Garmin",2017-06-01,2017-06-02,"Round","RE","No","Yes","No","No","No","No","Yes","No","No","No","No","Yes","No",2017-06-01,"No",2017-07-04,,,2,1,0,,,,2017-07-04,0,"No",,,"No",,,"No",,"gy:yy","x:x",,,,"Holiday loss (likely by CORA)",,"Raw",2019-06-24 11:15:22,"swakamiya","Event","HumanObservation"
"PORE","Point Reyes National Seashore","RA05_2018","{915091EC-61D4-40EF-92EF-E9EF4B6A26D1}","RA","2011 Dune Restoration Area",2018,,,"Charadrius nivosus","Western Snowy Plover","824030",-122.962107571197,38.1073183439876,"GCS","NAD83","Garmin",2018-06-06,2018-06-06,"Round","RWVD","No","Yes","No","Yes","No","Yes","No","Yes","No","No","No","Yes","Yes",,"Yes",2018-07-06,,2018-07-06,3,2,,,"Unknown",,,,"No",,,"No",,,"No",,"x:x","av:rw",,,,,,"Raw",2019-06-24 11:15:22,"swakamiya","Event","HumanObservation"
"PORE","Point Reyes National Seashore","RA05_2022","{915091EC-61D4-40EF-92EF-E9EF4B6A26D1}","RA","2011 Dune Restoration Area",2022,,,"Charadrius nivosus","Western Snowy Plover","824030",-122.958345062666,38.1164821130205,"GCS","NAD83",,2022-08-02,,"None","SRWE","Yes","Yes","No","Yes","No","No","Yes","No","No","No","No","Yes","Yes",,"Yes",2022-08-02,2022-08-29,2022-08-02,2,2,0,,,,,,"No",,,"No",,,"No",,"o/y:b","av:yb",,,,"Nest was found as it was hatching, in Abbotts Triangle. Could not relocate brood or adult male after 8/5/22. Male was observed in winter flock in September and October.",,"Provisional",2022-11-01 11:18:09,"mlau","Event","HumanObservation"
"PORE","Point Reyes National Seashore","RA05_2023","{915091EC-61D4-40EF-92EF-E9EF4B6A26D1}","RA","2011 Dune Restoration Area",2023,,,"Charadrius nivosus","Western Snowy Plover","824030",-122.960436327186,38.1119007659199,"GCS","WGS84",,2023-05-17,2023-05-17,"Mini-Exclosure","RVE","No","Yes","No","No","No","Yes","Yes","No","No","No","No","Yes","No",,"Yes",,,,3,0,0,2023-05-30,"Abandoned",,,,"No",,,"No",,,"No",,"va:ry","av:yg",,,,,,"Raw",2023-09-13 11:33:14,"mjayl","Event","HumanObservation"
"PORE","Point Reyes National Seashore","RA05_2024","{764DC5D8-DDE7-49E6-B146-A9328A9BB8B6}","NP","North Beach - Abbott's",2024,,,"Charadrius nivosus","Western Snowy Plover","824030",-122.95974,38.11286,"GCS","WGS84",,2024-07-12,2024-07-12,"Mini-Exclosure","SVE","Yes","No","No","No","No","Yes","Yes","No","No","No","No","Yes","No",,"Yes",2024-08-09,2024-09-05,2024-08-09,3,3,2,,,,,,"No",,,"No",,,"No",,"av:ya","va:ya",,,,,,"Accepted",2026-04-22 09:55:16,"ksherrill","Event","HumanObservation"
"PORE","Point Reyes National Seashore","RA05_2025","{915091EC-61D4-40EF-92EF-E9EF4B6A26D1}","RA","2011 Dune Restoration Area",2025,,,"Charadrius nivosus","Western Snowy Plover","824030",-122.957676366578,38.1161458938657,"GCS","WGS84",,2025-05-19,,,"SWV","Yes","No","No","Yes","No","Yes","No","No","No","No","No","Yes","Yes",2025-05-17,"No",,,,2,0,0,2025-06-09,"Unknown Depredation",,,,"No",,,"No",,,"No",,"rv:xx","va:gy",,,,"rvxxF and vagyM-2025-05-19; 2e fine-2025-05-30; 2 eggs no sign of hatch-2025-06-05; vagyM seen near Kehoe nests. No eggs in scrape or evidence of hatch-2025-06-09",,"Accepted",2026-04-22 09:53:34,"ksherrill","Event","HumanObservation"
"PORE","Point Reyes National Seashore","RA06_2014","{915091EC-61D4-40EF-92EF-E9EF4B6A26D1}","RA","2011 Dune Restoration Area",2014,,,"Charadrius nivosus","Western Snowy Plover","824030",-122.960508646402,38.1110581011591,"GCS","NAD83","Garmin",2014-05-15,2014-05-21,"Round","RWD","No","Yes","No","Yes","No","No","No","Yes","No","No","No","Yes","No",2014-05-14,"No",2014-06-14,,,3,3,0,,,,2014-06-15,2,"Yes",2014-06-15,2,"Yes",2014-06-18,5,"No",,"aw:yl",,,,,"Exclosed because of the high loss at this point in the season.",,"Raw",2019-06-24 11:15:22,"swakamiya","Event","HumanObservation"
"PORE","Point Reyes National Seashore","RA06_2015","{915091EC-61D4-40EF-92EF-E9EF4B6A26D1}","RA","2011 Dune Restoration Area",2015,,,"Charadrius nivosus","Western Snowy Plover","824030",-122.962427244254,38.1067506443303,"GCS","NAD83","Garmin",2015-04-23,2015-04-23,"Round","RWD","No","Yes","No","Yes","No","No","No","Yes","No","No","No","Yes","No",2015-04-21,"No",2015-05-28,,,3,2,0,,,,2015-05-31,4,"Yes",2015-06-17,21,"No",,,"No",,":s",,2015-06-30,"Wildlife Freezer",,,,"Raw",2019-06-24 11:15:22,"swakamiya","Event","HumanObservation"
"PORE","Point Reyes National Seashore","RA06_2016","{915091EC-61D4-40EF-92EF-E9EF4B6A26D1}","RA","2011 Dune Restoration Area",2016,,,"Charadrius nivosus","Western Snowy Plover","824030",-122.962198953303,38.107066016845,"GCS","NAD83","Garmin",2016-06-29,2016-06-29,"Round","RWTE","No","Yes","No","Yes","Yes","No","Yes","No","No","No","No","Yes","Yes",,"Yes",2016-07-22,2016-08-19,2016-07-19,3,2,1,,,,2016-07-29,7,"No",,,"No",,,"No",,"x:s","ly:yo",,,,,,"Raw",2019-06-24 11:15:22,"swakamiya","Event","HumanObservation"
"PORE","Point Reyes National Seashore","RA06_2017","{915091EC-61D4-40EF-92EF-E9EF4B6A26D1}","RA","2011 Dune Restoration Area",2017,,,"Charadrius nivosus","Western Snowy Plover","824030",-122.96191339383,38.1078320070616,"GCS","NAD83","Garmin",2017-06-07,2017-06-07,"Round","RWE","No","Yes","No","Yes","No","No","Yes","No","No","No","No","Yes","No",2017-05-28,"No",2017-06-28,,2017-06-29,3,2,0,,,,2017-06-30,2,"No",2017-06-30,2,"No",,,"No",,"x:s","x:x",,,,"3rd egg non-viable",,"Raw",2019-06-24 11:15:22,"swakamiya","Event","HumanObservation"
"PORE","Point Reyes National Seashore","RA06_2018","{915091EC-61D4-40EF-92EF-E9EF4B6A26D1}","RA","2011 Dune Restoration Area",2018,,,"Charadrius nivosus","Western Snowy Plover","824030",-122.961423578807,38.1065610516553,"GCS","NAD83","Garmin",2018-06-06,,,"RWE","No","Yes","No","Yes","No","No","Yes","No","No","No","No","Yes","Yes",2018-06-05,"No",,,,1,0,0,2018-06-11,"Unknown Depredation",,,,"No",,,"No",,,"No",,"x:s","as:yb",,,,,,"Raw",2019-06-24 11:15:22,"swakamiya","Event","HumanObservation"
"PORE","Point Reyes National Seashore","RA06_2023","{915091EC-61D4-40EF-92EF-E9EF4B6A26D1}","RA","2011 Dune Restoration Area",2023,,,"Charadrius nivosus","Western Snowy Plover","824030",-122.957936640567,38.1165135110301,"GCS","WGS84",,2023-05-23,2023-05-23,"Mini-Exclosure","SRVE","Yes","Yes","No","No","No","Yes","Yes","No","No","No","No","Yes","No",,"Yes",2023-06-17,2023-07-14,,3,3,1,,,,,,"No",,,"No",,,"No",,"av:wv","av:aw",,,,"Did not band chicks",,"Raw",2023-09-13 11:35:27,"mjayl","Event","HumanObservation"
"PORE","Point Reyes National Seashore","RA06_2025","{915091EC-61D4-40EF-92EF-E9EF4B6A26D1}","RA","2011 Dune Restoration Area",2025,,,"Charadrius nivosus","Western Snowy Plover","824030",-122.959839485933,38.1141344317185,"GCS","WGS84",,2025-05-19,2025-06-11,"Mini-Exclosure","RWVD","No","Yes","No","Yes","No","Yes","No","Yes","No","No","No","Yes","Yes",2025-05-17,"No",2025-06-20,2025-07-18,,3,1,0,,,,,,"No",,,"No",,,"No",,"unknown","av:ay",,,,"Banded F and unk M-2025-05-19; 3 eggs no sign of hatch -2025-06-05; 3e ok-2025-06-09; One crack egg with heavy taps, two silent-2025-06-17; 1 dry chick w/ egg tooth and 2 eggs that may be unviable. Exclosure left in place-2025-06-20; 2e no sign. -2025-06-",,"Accepted",2026-04-22 09:53:34,"ksherrill","Event","HumanObservation"
"PORE","Point Reyes National Seashore","RA07_2014","{915091EC-61D4-40EF-92EF-E9EF4B6A26D1}","RA","2011 Dune Restoration Area",2014,,,"Charadrius nivosus","Western Snowy Plover","824030",-122.962347205022,38.1071291535908,"GCS","NAD83","Garmin",2014-05-15,2014-05-18,"Round","RWD","No","Yes","No","Yes","No","No","No","Yes","No","No","No","Yes","No",2014-05-12,"No",2014-06-16,,,3,3,0,,,,2014-06-18,3,"No",2014-06-18,3,"No",2014-06-18,3,"No",,,,,,,"Exclosed because the high nest loss at this point in the season.",,"Raw",2019-06-24 11:15:22,"swakamiya","Event","HumanObservation"
"PORE","Point Reyes National Seashore","RA07_2015","{915091EC-61D4-40EF-92EF-E9EF4B6A26D1}","RA","2011 Dune Restoration Area",2015,,,"Charadrius nivosus","Western Snowy Plover","824030",-122.959696851172,38.1145006869237,"GCS","NAD83","Garmin",2015-04-30,,"None","RWVD","No","Yes","No","Yes","No","Yes","No","Yes","No","No","No","Yes","No",2015-04-29,"No",,,,1,0,0,2015-05-04,"Depredated by Known Predator","Common raven",,,"No",,,"No",,,"No",,,"Unknown",,,,,,"Raw",2019-06-24 11:15:22,"swakamiya","Event","HumanObservation"
"PORE","Point Reyes National Seashore","RA07_2017","{915091EC-61D4-40EF-92EF-E9EF4B6A26D1}","RA","2011 Dune Restoration Area",2017,,,"Charadrius nivosus","Western Snowy Plover","824030",-122.963214761782,38.1058045561998,"GCS","NAD83","Garmin",2017-06-25,2017-06-25,"Round","RTEP","No","Yes","No","No","Yes","No","Yes","No","Yes","No","No","Yes","No",,"Yes",2017-07-20,2017-08-17,2017-07-20,3,3,3,,,,,,"No",,,"No",,,"No",,"x:x","aw:gl",,,,"3rd chick left unbanded",,"Raw",2019-06-24 11:15:22,"swakamiya","Event","HumanObservation"
"PORE","Point Reyes National Seashore","RA07_2018","{915091EC-61D4-40EF-92EF-E9EF4B6A26D1}","RA","2011 Dune Restoration Area",2018,,,"Charadrius nivosus","Western Snowy Plover","824030",-122.96299801077,38.1058675773023,"GCS","NAD83","Garmin",2018-06-20,2018-06-21,"Round","RE","No","Yes","No","No","No","No","Yes","No","No","No","No","Yes","Yes",,"Yes",,,,3,0,0,2018-07-07,"Abandoned",,,,"No",,,"No",,,"No",,"x:s","as:yb",,,,,,"Raw",2019-06-24 11:15:22,"swakamiya","Event","HumanObservation"
"PORE","Point Reyes National Seashore","RA07_2023","{915091EC-61D4-40EF-92EF-E9EF4B6A26D1}","RA","2011 Dune Restoration Area",2023,,,"Charadrius nivosus","Western Snowy Plover","824030",-122.959308151696,38.1139588872338,"GCS","WGS84",,2023-06-02,2023-06-02,"Mini-Exclosure","SVE","Yes","No","No","No","No","Yes","Yes","No","No","No","No","Yes","No",,"Yes",,,,1,0,0,2023-06-13,"Abandoned",,,,"No",,,"No",,,"No",,"unk","unk",,,,,,"Raw",2023-09-13 11:37:04,"mjayl","Event","HumanObservation"
"PORE","Point Reyes National Seashore","RA07_2025","{915091EC-61D4-40EF-92EF-E9EF4B6A26D1}","RA","2011 Dune Restoration Area",2025,,,"Charadrius nivosus","Western Snowy Plover","824030",-122.95925803095,38.1139452955692,"GCS","WGS84",,2025-06-02,2025-06-02,"Mini-Exclosure","RWVE","No","Yes","No","Yes","No","Yes","Yes","No","No","No","No","Yes","Yes",,"No",2025-06-10,2025-07-08,2025-06-10,3,2,2,,,,,,"No",,,"No",,,"No",,"av:ob","x:x",,,,"3 eggs no sign of hatch-2025-06-05; 1 pip, 2 peep, 3 heavy cracks. Mob-2025-06-09",,"Accepted",2026-04-22 09:53:34,"ksherrill","Event","HumanObservation"
"PORE","Point Reyes National Seashore","RA08_2014","{915091EC-61D4-40EF-92EF-E9EF4B6A26D1}","RA","2011 Dune Restoration Area",2014,,,"Charadrius nivosus","Western Snowy Plover","824030",-122.962301884787,38.10653429852,"GCS","NAD83","Garmin",2014-05-19,,"None","SVD","Yes","No","No","No","No","Yes","No","Yes","No","No","No","Yes","No",2014-05-18,"No",,,,1,0,0,2014-05-23,"Failed - Unknown",,,,"No",,,"No",,,"No",,"Unknown","ow:wg",,,,"Female probably ga:gg, never saw near nest but ocean side of nest and was consistantly with M ow:wg in nesting attempts. Didn't exclose because previous nest by this pair was abandoned after being discovered/exclosed. Wanted to wait until clutch was complete but nest failed before. Unable to tell what happened to nest so classified as failed unknown.",,"Raw",2019-06-24 11:15:22,"swakamiya","Event","HumanObservation"
"PORE","Point Reyes National Seashore","RA08_2015","{915091EC-61D4-40EF-92EF-E9EF4B6A26D1}","RA","2011 Dune Restoration Area",2015,,,"Charadrius nivosus","Western Snowy Plover","824030",-122.961833425791,38.1080663121899,"GCS","NAD83","Garmin",2015-05-01,,"None","RWD","No","Yes","No","Yes","No","No","No","Yes","No","No","No","Yes","No",2015-04-30,"No",,,,1,0,0,2015-05-04,"Depredated by Known Predator","Common raven",,,"No",,,"No",,,"No",,"Unknown","Unknown",,,,,,"Raw",2019-06-24 11:15:22,"swakamiya","Event","HumanObservation"
"PORE","Point Reyes National Seashore","RA08_2025","{764DC5D8-DDE7-49E6-B146-A9328A9BB8B6}","NP","North Beach - Abbott's",2025,,,"Charadrius nivosus","Western Snowy Plover","824030",-122.938293963235,38.1234634378937,"GCS","WGS84",,2025-06-17,,,"RWE","No","Yes","No","Yes","No","No","Yes","No","No","No","No","Yes","Yes",,"No",,,,3,0,0,2025-06-22,"Failed - Unknown",,,,"No",,,"No",,,"No",,"va:ay","unknown",,,,"Band F leave nest. 3e partially buried but ok-2025-06-20; No sign in eggs on Friday and today all evidence of scrape and eggs gone. No tracks likely blown by wind, so not depredated today-2025-06-23",,"Accepted",2026-04-22 09:53:34,"ksherrill","Event","HumanObservation"
"PORE","Point Reyes National Seashore","RA09_2014","{915091EC-61D4-40EF-92EF-E9EF4B6A26D1}","RA","2011 Dune Restoration Area",2014,,,"Charadrius nivosus","Western Snowy Plover","824030",-122.959732078593,38.1126711158295,"GCS","NAD83","Garmin",2014-06-14,2014-06-16,"Round","RD","No","Yes","No","No","No","No","No","Yes","No","No","No","Yes","No",2014-06-13,"No",2014-07-20,,,2,1,0,,,,2014-07-21,1,"No",,,"No",,,"No",,,,2014-09-11,"Wildlife freezer",,"Exclosed because high nest loss at this point in the season and RA08 recently lost.",,"Raw",2019-06-24 11:15:22,"swakamiya","Event","HumanObservation"
"PORE","Point Reyes National Seashore","RA09_2015","{915091EC-61D4-40EF-92EF-E9EF4B6A26D1}","RA","2011 Dune Restoration Area",2015,,,"Charadrius nivosus","Western Snowy Plover","824030",-122.961867748737,38.1078680431927,"GCS","NAD83","Garmin",2015-05-17,2015-05-17,"Round","RWTD","No","Yes","No","Yes","Yes","No","No","Yes","No","No","No","Yes","No",2015-05-15,"No",2015-06-17,,,3,2,0,,,,2015-06-20,4,"Yes",2015-06-23,7,"No",,,"No",,,"s:y",2015-06-24,"Wildlife Freezer",,,,"Raw",2019-06-24 11:15:22,"swakamiya","Event","HumanObservation"
"PORE","Point Reyes National Seashore","RA09_2025","{915091EC-61D4-40EF-92EF-E9EF4B6A26D1}","RA","2011 Dune Restoration Area",2025,,,"Charadrius nivosus","Western Snowy Plover","824030",-122.960128909545,38.1118920868817,"GCS","WGS84",,2025-06-24,2025-06-24,"Round","RWVE","No","Yes","No","Yes","No","Yes","Yes","No","No","No","No","Yes","Yes",2025-06-21,"No",2025-07-23,2025-08-20,2025-07-23,3,3,0,,,,,,"No",,,"No",,,"No",,"x:x","rv:or",,,,"wnobF and xxM 2e pre inc. m sit after placement -2025-06-24; XxF flush. 3e ME OK-2025-06-30; 3e ME ok-2025-07-03; 3e me ok-2025-07-07; 3e ME ok. Did not approach -2025-07-10; 3e ME ok-2025-07-21",,"Accepted",2026-04-22 09:53:34,"ksherrill","Event","HumanObservation"
"PORE","Point Reyes National Seashore","RA10_2014","{915091EC-61D4-40EF-92EF-E9EF4B6A26D1}","RA","2011 Dune Restoration Area",2014,,,"Charadrius nivosus","Western Snowy Plover","824030",-122.961650670072,38.1085439275418,"GCS","NAD83","Garmin",2014-06-27,,"None","RKE","No","Yes","Yes","No","No","No","Yes","No","No","No","No","Yes","No",2014-06-24,"No",,,,2,0,0,2014-07-02,"Unknown Depredation",,,,"No",,,"No",,,"No",,,"Unknown",,,,"Waited initially for a complete clutch then was going to exclose but failed before I could.",,"Raw",2019-06-24 11:15:22,"swakamiya","Event","HumanObservation"
"PORE","Point Reyes National Seashore","RA10_2015","{915091EC-61D4-40EF-92EF-E9EF4B6A26D1}","RA","2011 Dune Restoration Area",2015,,,"Charadrius nivosus","Western Snowy Plover","824030",-122.959469450771,38.1131396872814,"GCS","NAD83","Garmin",2015-05-21,2015-05-21,"Round","RWVD","No","Yes","No","Yes","No","Yes","No","Yes","No","No","No","Yes","No",2015-05-14,"No",2015-06-13,2015-07-10,,2,2,1,,,,2015-06-22,10,"No",,,"No",,,"No",,,"w/o/w:v",,,,"Male adopted RA11 chick before 6/26/15, probably around 6/22/15 when T-CP was occuring between RA10 and RA11 male.",,"Raw",2019-06-24 11:15:22,"swakamiya","Event","HumanObservation"
"PORE","Point Reyes National Seashore","RA10_2025","{915091EC-61D4-40EF-92EF-E9EF4B6A26D1}","RA","2011 Dune Restoration Area",2025,,,"Charadrius nivosus","Western Snowy Plover","824030",-122.962567302824,38.1082631019896,"GCS","WGS84",,2025-07-28,,,"","No","No","No","No","No","No","No","No","No","No","No","Yes","Yes",,"Yes",2025-07-26,2025-08-23,,2,2,2,,,,,,"No",,,"No",,,"No",,"va:wv","av:ry",,,,"1 sm chick seen",,"Accepted",2026-04-22 09:53:34,"ksherrill","Event","HumanObservation"
"PORE","Point Reyes National Seashore","RA11_2014","{915091EC-61D4-40EF-92EF-E9EF4B6A26D1}","RA","2011 Dune Restoration Area",2014,,,"Charadrius nivosus","Western Snowy Plover","824030",-122.962210369058,38.1070479950468,"GCS","NAD83","Garmin",2014-06-27,,"None","RWD","No","Yes","No","Yes","No","No","No","Yes","No","No","No","Yes","No",2014-06-26,"No",,,,1,0,0,2014-07-03,"Depredated by Known Predator","Common raven",,,"No",,,"No",,,"No",,,,,,,"Waited initially for a complete clutch then was going to exclose but failed before I could.",,"Raw",2019-06-24 11:15:22,"swakamiya","Event","HumanObservation"
"PORE","Point Reyes National Seashore","RA11_2015","{915091EC-61D4-40EF-92EF-E9EF4B6A26D1}","RA","2011 Dune Restoration Area",2015,,,"Charadrius nivosus","Western Snowy Plover","824030",-122.957339462156,38.1076411680164,"GCS","NAD83","Garmin",2015-06-01,2015-06-08,"Round","SVE","Yes","No","No","No","No","Yes","Yes","No","No","No","No","Yes","No",2015-05-12,"No",2015-06-11,2015-07-08,,3,2,1,,,,2015-06-18,8,"No",,,"No",,,"No",,,,2015-06-16,"Wildlife freezer",,"Chick adopted by RA10 male",,"Raw",2019-06-24 11:15:22,"swakamiya","Event","HumanObservation"
"PORE","Point Reyes National Seashore","RA11_2025","{764DC5D8-DDE7-49E6-B146-A9328A9BB8B6}","NP","North Beach - Abbott's",2025,,,"Charadrius nivosus","Western Snowy Plover","824030",,,,,,2025-08-01,,,"","No","No","No","No","No","No","No","No","No","No","No","No","No",,"Yes",2025-07-25,2025-08-18,,2,2,2,,,,,,"No",,,"No",,,"No",,"unknown","va:ag",,,,"Detected at brood stage. Note: we suspect av:ob F due to timing of her ""disappearance"" and reappearance in flock and location where brood first detected, east of her territory",,"Accepted",2026-04-22 09:53:34,"ksherrill","Event","HumanObservation"
"PORE","Point Reyes National Seashore","RA12_2014","{915091EC-61D4-40EF-92EF-E9EF4B6A26D1}","RA","2011 Dune Restoration Area",2014,,,"Charadrius nivosus","Western Snowy Plover","824030",-122.956849330065,38.1070461485644,"GCS","NAD83","Garmin",2014-06-29,2014-06-30,"Round","SWE","Yes","No","No","Yes","No","No","Yes","No","No","No","No","Yes","No",2014-06-20,"No",2014-07-20,2014-08-16,,3,3,2,,,,2014-07-21,2,"No",,,"No",,,"No",,":s",,,,,"Exclosed because in the far back of RA where predator activity seemed higher.",,"Raw",2019-06-24 11:15:22,"swakamiya","Event","HumanObservation"
"PORE","Point Reyes National Seashore","RA12_2015","{915091EC-61D4-40EF-92EF-E9EF4B6A26D1}","RA","2011 Dune Restoration Area",2015,,,"Charadrius nivosus","Western Snowy Plover","824030",-122.957773865931,38.1059829816272,"GCS","NAD83","Garmin",2015-06-08,2015-06-16,"Round","SVE","Yes","No","No","No","No","Yes","Yes","No","No","No","No","Yes","No",2015-06-24,"No",2015-06-23,2015-07-20,,2,2,2,,,,,,"No",,,"No",,,"No",,"ao:by",,,,,,,"Raw",2019-06-24 11:15:22,"swakamiya","Event","HumanObservation"
"PORE","Point Reyes National Seashore","RA13_2014","{915091EC-61D4-40EF-92EF-E9EF4B6A26D1}","RA","2011 Dune Restoration Area",2014,,,"Charadrius nivosus","Western Snowy Plover","824030",-122.960417302135,38.1112202995399,"GCS","NAD83","Garmin",2014-06-30,2014-07-06,"Round","RWD","No","Yes","No","Yes","No","No","No","Yes","No","No","No","Yes","No",2014-06-27,"No",,,,2,0,0,2014-07-10,"Abandoned",,,,"No",,,"No",,,"No",,":w","unknown",2014-09-11,"Wildlife freezer",,"Exclosed because of recent nest loss of RA10 and RA11.",,"Raw",2019-06-24 11:15:22,"swakamiya","Event","HumanObservation"
"PORE","Point Reyes National Seashore","RA13_2015","{915091EC-61D4-40EF-92EF-E9EF4B6A26D1}","RA","2011 Dune Restoration Area",2015,,,"Charadrius nivosus","Western Snowy Plover","824030",-122.960909229839,38.1085526959433,"GCS","NAD83","Garmin",2015-06-24,2015-06-24,"Round","RWD","No","Yes","No","Yes","No","No","No","Yes","No","No","No","Yes","No",2015-06-22,"No",2015-07-22,2015-08-18,,3,3,1,,,,2015-07-23,2,"No",2015-08-02,12,"Yes",,,"No",,,,,,,,,"Raw",2019-06-24 11:15:22,"swakamiya","Event","HumanObservation"
"PORE","Point Reyes National Seashore","RA14_2014","{915091EC-61D4-40EF-92EF-E9EF4B6A26D1}","RA","2011 Dune Restoration Area",2014,,,"Charadrius nivosus","Western Snowy Plover","824030",,,,,,2014-08-18,,"None",,,,,,,,,,,,,"No","No",2014-07-17,"No",2014-08-16,2014-09-12,,2,2,2,,,,,,"No",,,"No",,,"No",,"Unknown","aa:gg",,,,"Found nest after hatch date, located male and chick 8/18/14, only 2 chicks ever observed. Initiation date and hatch dates are estimates based on chicks fledge date.",,"Raw",2019-06-24 11:15:22,"swakamiya","Event","HumanObservation"
"PORE","Point Reyes National Seashore","RA14_2015","{915091EC-61D4-40EF-92EF-E9EF4B6A26D1}","RA","2011 Dune Restoration Area",2015,,,"Charadrius nivosus","Western Snowy Plover","824030",-122.962107110295,38.1082106045053,"GCS","NAD83","Garmin",2015-06-29,2015-06-30,"Round","RWD","No","Yes","No","Yes","No","No","No","Yes","No","No","No","Yes","No",2015-06-28,"No",2015-07-28,,,3,3,0,,,,2015-08-03,7,"No",2015-08-03,7,"No",2015-08-06,10,"No",,,"s:y",,,,,,"Raw",2019-06-24 11:15:22,"swakamiya","Event","HumanObservation"
"PORE","Point Reyes National Seashore","RA15_2015","{915091EC-61D4-40EF-92EF-E9EF4B6A26D1}","RA","2011 Dune Restoration Area",2015,,,"Charadrius nivosus","Western Snowy Plover","824030",-122.956872169489,38.1070010932747,"GCS","NAD83","Garmin",2015-07-06,2015-07-08,"Round","SWVE","Yes","No","No","Yes","No","Yes","Yes","No","No","No","No","Yes","No",2015-06-24,"No",2015-07-24,2015-08-20,,3,3,1,,,,2015-07-30,7,"No",2015-07-30,7,"No",,,"No",,":s","ly:yo",,,,,,"Raw",2019-06-24 11:15:22,"swakamiya","Event","HumanObservation"
"PORE","Point Reyes National Seashore","RA16_2015","{915091EC-61D4-40EF-92EF-E9EF4B6A26D1}","RA","2011 Dune Restoration Area",2015,,,"Charadrius nivosus","Western Snowy Plover","824030",-122.95647196478,38.1086502759779,"GCS","NAD83","Garmin",2015-07-12,,"None","SWD","Yes","No","No","Yes","No","No","No","Yes","No","No","No","Yes","No",2015-06-27,"No",2015-07-27,,,3,3,0,,,,2015-08-08,13,"Yes",2015-08-10,15,"No",2015-08-10,15,"No",,,,,,,,,"Raw",2019-06-24 11:15:22,"swakamiya","Event","HumanObservation"
"PORE","Point Reyes National Seashore","SB01_2019","{C3FE26AC-14CC-4030-B7A6-94ADE3A1F54B}","SB","South Beach",2019,,,"Charadrius nivosus","Western Snowy Plover","824030",-122.990768603525,38.0446762346201,"GCS","NAD83","Garmin",2019-06-26,,,,,,,,,,,,,,,"No","No",,"Yes",,,,3,3,1,,,,,,"No",,,"No",,,"No",,"unk","x:x",,,,"This was a ""nest"" where we found a ~2 week old brood from an unknown nest on SB. Coordinates for this ""nest"" are the location of where the brood was first found, not representing exactly where the actual nest was. Could not capture chicks to band.",,"Raw",2019-08-23 13:12:16,"mlau","Event","HumanObservation"
"PORE","Point Reyes National Seashore","SB01_2020","{C3FE26AC-14CC-4030-B7A6-94ADE3A1F54B}","SB","South Beach",2020,,,"Charadrius nivosus","Western Snowy Plover","824030",-122.990643323759,38.0440092751506,"GCS","NAD83","Garmin",2020-05-23,,"None","SWVE","Yes","No","No","Yes","No","Yes","Yes","No","No","No","No","No","No",2020-05-23,"No",,,,1,0,0,2020-05-26,"Depredated by Known Predator","Common raven",,,"No",,,"No",,,"No",,"x:x","x:x",,,,,,"Raw",2020-09-18 11:32:53,"mjayl","Event","HumanObservation"
"PORE","Point Reyes National Seashore","SB02_2020","{C3FE26AC-14CC-4030-B7A6-94ADE3A1F54B}","SB","South Beach",2020,,,"Charadrius nivosus","Western Snowy Plover","824030",-122.990460852894,38.044964620651,"GCS","NAD83","Garmin",2020-06-21,2020-06-21,"Round","SKVWE","Yes","No","Yes","Yes","No","Yes","Yes","No","No","No","No","No","No",,"Yes",2020-07-18,2020-08-14,2020-07-18,3,3,2,,,,,,"No",,,"No",,,"No",,"av:wo","x:x",,,,,,"Provisional",2020-09-18 11:35:50,"mjayl","Event","HumanObservation"
"PORE","Point Reyes National Seashore","SB03_2020","{C3FE26AC-14CC-4030-B7A6-94ADE3A1F54B}","SB","South Beach",2020,,,"Charadrius nivosus","Western Snowy Plover","824030",-122.989526122782,38.0462984399263,"GCS","NAD83","Garmin",2020-06-21,2020-06-21,"Round","SKWE","Yes","No","Yes","Yes","No","No","Yes","No","No","No","No","No","No",,"Yes",2020-07-19,2020-08-15,2020-07-19,3,3,1,,,,,,"No",,,"No",,,"No",,"x:x","x:w",,,,,,"Provisional",2020-09-18 11:38:16,"mjayl","Event","HumanObservation"
<<<<<<< HEAD
=======
"PORE","Point Reyes National Seashore","K05_2013","{39744D68-DFEE-4649-ACE2-806C077E64E2}","K","Kehoe Beach",2013,,,"Charadrius nivosus","Western Snowy Plover","824030",-122.953158308833,38.1354437938332,"GCS","NAD83","Garmin",2013-06-15,2013-06-15,"Round","SKWE","Yes","No","Yes","Yes","No","No","Yes","No","No","No","No","No","No",2013-06-12,"No",2013-07-12,2013-08-09,,3,2,2,,,,,,"No",,,"No",,,"No",,,,2013-07-15,"USGS OR",,"Nest inside exclosure for K01_2013",,"Raw",2019-06-24 11:15:22,"swakamiya","Event","HumanObservation"
"PORE","Point Reyes National Seashore","K05_2014","{39744D68-DFEE-4649-ACE2-806C077E64E2}","K","Kehoe Beach",2014,,,"Charadrius nivosus","Western Snowy Plover","824030",-122.953375396589,38.135002258311,"GCS","NAD83","Garmin",2014-07-05,2014-07-05,"Round","SWVD","Yes","No","No","Yes","No","Yes","No","Yes","No","No","No","No","No",2014-07-04,"No",2014-08-06,2014-09-02,,3,3,2,,,,2014-08-09,4,"Yes",,,"No",,,"No",,,,,,,"Pair nested in already established exclosure.",,"Raw",2019-06-24 11:15:22,"swakamiya","Event","HumanObservation"
"PORE","Point Reyes National Seashore","K05_2015","{39744D68-DFEE-4649-ACE2-806C077E64E2}","K","Kehoe Beach",2015,,,"Charadrius nivosus","Western Snowy Plover","824030",-122.953284069855,38.1350653108708,"GCS","NAD83","Garmin",2015-05-03,,"None","SVE","Yes","No","No","No","No","Yes","Yes","No","No","No","No","No","No",,"No",,,,3,0,0,2015-05-09,"Unknown Depredation",,,,"No",,,"No",,,"No",,,"Unknown",,,,,,"Raw",2019-06-24 11:15:22,"swakamiya","Event","HumanObservation"
"PORE","Point Reyes National Seashore","K05_2016","{39744D68-DFEE-4649-ACE2-806C077E64E2}","K","Kehoe Beach",2016,,,"Charadrius nivosus","Western Snowy Plover","824030",-122.955250721382,38.1285318712818,"GCS","NAD83","Garmin",2016-05-23,2016-05-23,"Round","SWVE","Yes","No","No","Yes","No","Yes","Yes","No","No","No","No","No","No",2016-05-23,"No",2016-06-25,2016-07-23,2016-06-24,3,3,2,,,,2016-07-08,13,"No",,,"No",,,"No",,"gy:yy","x:x",,,,,,"Raw",2019-06-24 11:15:22,"swakamiya","Event","HumanObservation"
"PORE","Point Reyes National Seashore","K05_2017","{39744D68-DFEE-4649-ACE2-806C077E64E2}","K","Kehoe Beach",2017,,,"Charadrius nivosus","Western Snowy Plover","824030",-122.954473309458,38.1310190777663,"GCS","NAD83","Garmin",2017-06-23,,"None","SWD","Yes","No","No","Yes","No","No","No","Yes","No","No","No","No","No",2017-06-23,"No",,,,2,0,0,2017-06-26,"Depredated by Known Predator","Common raven",,,"No",,,"No",,,"No",,"aw:yl","ow:wg",,,,,,"Raw",2019-06-24 11:15:22,"swakamiya","Event","HumanObservation"
"PORE","Point Reyes National Seashore","K05_2018","{39744D68-DFEE-4649-ACE2-806C077E64E2}","K","Kehoe Beach",2018,,,"Charadrius nivosus","Western Snowy Plover","824030",-122.953340871493,38.1354618918701,"GCS","NAD83","Garmin",2018-06-15,2018-06-20,"Round","SKE","Yes","No","Yes","No","No","No","Yes","No","No","No","No","No","No",2018-06-15,"No",,,,3,0,0,2018-06-28,"Abandoned",,,,"No",,,"No",,,"No",,"x:x","av:ry",,,,,,"Raw",2019-06-24 11:15:22,"swakamiya","Event","HumanObservation"
"PORE","Point Reyes National Seashore","K05_2019","{39744D68-DFEE-4649-ACE2-806C077E64E2}","K","Kehoe Beach",2019,,,"Charadrius nivosus","Western Snowy Plover","824030",-122.952002427032,38.1406075969916,"GCS","NAD83","Garmin",2019-07-08,2019-07-11,"Round","SVD","Yes","No","No","No","No","Yes","No","Yes","No","No","No","No","No",2019-07-06,"No",2019-08-03,2019-08-30,2019-08-04,2,2,1,,,,,,"No",,,"No",,,"No",,"x:x","av:or",,,,"1 chick lost sometime between 8/15 and 8/24.",,"Raw",2019-08-24 14:10:02,"mlau","Event","HumanObservation"
"PORE","Point Reyes National Seashore","K05_2020","{39744D68-DFEE-4649-ACE2-806C077E64E2}","K","Kehoe Beach",2020,,,"Charadrius nivosus","Western Snowy Plover","824030",-122.95218508461,38.1404995192849,"GCS","NAD83","Garmin",2020-07-01,2020-07-01,"Round","SVE","Yes","No","No","No","No","Yes","Yes","No","No","No","No","No","No",,"Yes",,,,3,0,0,2020-07-07,"Abandoned",,,,"No",,,"No",,,"No",,"av:rg","av:gr?",,,,"Abandoned, female observed far south of nest on NP and L earlier in the week. One of the abandoned eggs was taken by a coyote!",,"Raw",2020-09-18 10:44:05,"mjayl","Event","HumanObservation"
"PORE","Point Reyes National Seashore","K05_2021","{39744D68-DFEE-4649-ACE2-806C077E64E2}","K","Kehoe Beach",2021,,,"Charadrius nivosus","Western Snowy Plover","824030",-122.950795122564,38.145627159848,"GCS","NAD83",,2021-05-03,2021-05-03,"Mini-Exclosure","SVE","Yes","No","No","No","No","Yes","Yes","No","No","No","No","No","No",,"Yes",,,,3,0,0,2021-05-18,"Wind",,,,"No",,,"No",,,"No",,"x:b","av:ry",,,,,,"Accepted",2021-12-13 10:32:03,"EEdson","Event","HumanObservation"
"PORE","Point Reyes National Seashore","K05_2023","{39744D68-DFEE-4649-ACE2-806C077E64E2}","K","Kehoe Beach",2023,,,"Charadrius nivosus","Western Snowy Plover","824030",-122.952025179592,38.1407157574822,"GCS","WGS84",,2023-06-28,,"None","SV","Yes","No","No","No","No","Yes","No","No","No","No","No","No","No",2023-06-26,"No",,,,2,0,0,2023-06-29,"Depredated by Known Predator","Common raven",,,"No",,,"No",,,"No",,"av:ob","av:or",,,,,,"Raw",2023-09-13 13:03:47,"mjayl","Event","HumanObservation"
"PORE","Point Reyes National Seashore","K05_2024","{39744D68-DFEE-4649-ACE2-806C077E64E2}","K","Kehoe Beach",2024,,,"Charadrius nivosus","Western Snowy Plover","824030",-122.95754,38.12162,"GCS","WGS84",,2024-07-18,2024-07-19,"Mini-Exclosure","SW","Yes","No","No","Yes","No","No","No","No","No","No","No","No","No",,"Yes",,,,3,,,2024-08-13,"Abandoned",,,,"No",,,"No",,,"No",,"va:oy",,,,,"Male of nest never confirmed. Possibly rv:ao, va:ga.",,"Accepted",2026-04-22 09:55:16,"ksherrill","Event","HumanObservation"
"PORE","Point Reyes National Seashore","K05_2025","{39744D68-DFEE-4649-ACE2-806C077E64E2}","K","Kehoe Beach",2025,,,"Charadrius nivosus","Western Snowy Plover","824030",-122.955412522067,38.1285788649254,"GCS","WGS84",,2025-05-09,2025-05-09,"Mini-Exclosure","SV","Yes","No","No","No","No","Yes","No","No","No","No","No","No","No",2025-05-07,"No",2025-06-07,2025-07-05,2025-06-07,3,3,2,,,,,,"No",,,"No",,,"No",,"av:gg","av:yb",,,,"3 eggs. Fresh snpl prints nearby-2025-05-12; 3e me good. avgg nearby. av:yb male seen on return trip. -2025-05-28; avyb and avgg both broken wing display. all 3 eggs cracked and tapping -2025-06-06",,"Accepted",2026-04-22 09:53:34,"ksherrill","Event","HumanObservation"
"PORE","Point Reyes National Seashore","K06_2000","{39744D68-DFEE-4649-ACE2-806C077E64E2}","K","Kehoe Beach",2000,,,"Charadrius nivosus","Western Snowy Plover","824030",-122.956496850812,38.1243864949943,"GCS","NAD83",,2000-06-20,,,,,,,,,,,,,,,"No","No",,"No",,,,3,2,2,,,,,,"No",,,"No",,,"No",,,,,,,"Fledged 2",,"Raw",2019-06-24 11:15:22,"swakamiya","Event","HumanObservation"
"PORE","Point Reyes National Seashore","K06_2001","{39744D68-DFEE-4649-ACE2-806C077E64E2}","K","Kehoe Beach",2001,,,"Charadrius nivosus","Western Snowy Plover","824030",-122.953226768382,38.1354528338025,"GCS","NAD83",,2001-06-15,,"Square",,,,,,,,,,,,,"No","No",,"No",,,,3,3,2,,,,,,"No",,,"No",,,"No",,,,,,,"Fledged 2",,"Raw",2019-06-24 11:15:22,"swakamiya","Event","HumanObservation"
"PORE","Point Reyes National Seashore","K06_2002","{39744D68-DFEE-4649-ACE2-806C077E64E2}","K","Kehoe Beach",2002,,,"Charadrius nivosus","Western Snowy Plover","824030",-122.95155620921,38.1423648867752,"GCS","NAD83","Garmin 3+",2002-05-16,,"Square",,,,,,,,,,,,,"No","No",2002-05-16,"No",2002-06-15,,,3,3,0,,,,,,"No",,,"No",,,"No",,,,,,,"Fledged 0",,"Raw",2019-06-24 11:15:22,"swakamiya","Event","HumanObservation"
"PORE","Point Reyes National Seashore","K06_2003","{39744D68-DFEE-4649-ACE2-806C077E64E2}","K","Kehoe Beach",2003,,,"Charadrius nivosus","Western Snowy Plover","824030",-122.9530441538,38.1355158497877,"GCS","NAD83","Garmin 3+",2003-07-01,,"Square",,,,,,,,,,,,,"No","No",2003-07-01,"No",2003-08-02,,,3,3,2,,,,,,"No",,,"No",,,"No",,,,,,,,,"Raw",2019-06-24 11:15:22,"swakamiya","Event","HumanObservation"
"PORE","Point Reyes National Seashore","K06_2004","{39744D68-DFEE-4649-ACE2-806C077E64E2}","K","Kehoe Beach",2004,,,"Charadrius nivosus","Western Snowy Plover","824030",-122.957925339198,38.1203042569745,"GCS","NAD83","Garmin 3+",2004-04-26,,"Square",,,,,,,,,,,,,"No","No",2004-04-26,"No",2004-06-01,,,3,3,0,,,,,,"No",,,"No",,,"No",,,,,,,"n. abbott's 2 chick loss unknown 1 abbott's raven",,"Raw",2019-06-24 11:15:22,"swakamiya","Event","HumanObservation"
"PORE","Point Reyes National Seashore","K06_2006","{39744D68-DFEE-4649-ACE2-806C077E64E2}","K","Kehoe Beach",2006,,,"Charadrius nivosus","Western Snowy Plover","824030",,,,,,2006-06-20,,"Unknown",,,,,,,,,,,,,"No","No",,"No",,,,3,,,2006-06-22,"Depredated by Known Predator","Red/grey fox",,,"No",,,"No",,,"No",,,,,,,,,"Raw",2019-06-24 11:15:22,"swakamiya","Event","HumanObservation"
"PORE","Point Reyes National Seashore","K06_2007","{39744D68-DFEE-4649-ACE2-806C077E64E2}","K","Kehoe Beach",2007,,,"Charadrius nivosus","Western Snowy Plover","824030",,,,,,2007-04-30,,"Unknown",,,,,,,,,,,,,"No","No",,"No",2007-06-01,,,3,3,2,,,,,,"No",,,"No",,,"No",,"bg:wp",,,,,,,"Raw",2019-06-24 11:15:22,"swakamiya","Event","HumanObservation"
"PORE","Point Reyes National Seashore","K06_2008","{39744D68-DFEE-4649-ACE2-806C077E64E2}","K","Kehoe Beach",2008,,,"Charadrius nivosus","Western Snowy Plover","824030",,,,,,2008-05-16,,"Unknown",,,,,,,,,,,,,"No","No",,"No",,,,3,3,1,,,,,,"No",,,"No",,,"No",,,,,,,,,"Raw",2019-06-24 11:15:22,"swakamiya","Event","HumanObservation"
"PORE","Point Reyes National Seashore","K06_2009","{39744D68-DFEE-4649-ACE2-806C077E64E2}","K","Kehoe Beach",2009,,,"Charadrius nivosus","Western Snowy Plover","824030",-122.957764820315,38.121692157264,"GCS","NAD83",,2009-07-03,2009-07-03,"Square","RKE","No","Yes","Yes","No","No","No","Yes","No","No","No","No","No","No",2009-07-02,"No",2009-08-02,,,3,0,,,,,2009-08-05,3,"No",2009-08-05,3,"No",2009-08-05,3,"No",,,,,,,,,"Raw",2019-06-24 11:15:22,"swakamiya","Event","HumanObservation"
"PORE","Point Reyes National Seashore","K06_2010","{39744D68-DFEE-4649-ACE2-806C077E64E2}","K","Kehoe Beach",2010,,,"Charadrius nivosus","Western Snowy Plover","824030",-122.953134737777,38.1366154341682,"GCS","NAD83","Garmin",2010-06-29,2010-06-29,"Square","VE","No","No","No","No","No","Yes","Yes","No","No","No","No","No","No",2010-06-29,"No",2010-07-29,,,3,3,0,,,,2010-07-29,1,"No",2010-08-04,6,"No",2010-08-04,6,"No",,":Oy","yo:w",,,,,,"Raw",2019-06-24 11:15:22,"swakamiya","Event","HumanObservation"
"PORE","Point Reyes National Seashore","K06_2013","{39744D68-DFEE-4649-ACE2-806C077E64E2}","K","Kehoe Beach",2013,,,"Charadrius nivosus","Western Snowy Plover","824030",-122.95716058871,38.120952896026,"GCS","NAD83","Garmin",2013-06-22,,"None","RWVD","No","Yes","No","Yes","No","Yes","No","Yes","No","No","No","Yes","No",2013-06-19,"No",2013-07-19,2013-08-16,,3,3,3,,,,,,"No",,,"No",,,"No",,"bw:yl",,,,,"In the old Kehoe restroed area. Same female from K03_2013 and K04_2013. Did not exclose because nest was further back into dune and well hidden, close to Abbotts but thought exclosure would be too much of an attractant.",,"Raw",2019-06-24 11:15:22,"swakamiya","Event","HumanObservation"
"PORE","Point Reyes National Seashore","K06_2014","{39744D68-DFEE-4649-ACE2-806C077E64E2}","K","Kehoe Beach",2014,,,"Charadrius nivosus","Western Snowy Plover","824030",-122.953947217294,38.1329656151541,"GCS","NAD83","Garmin",2014-07-12,2014-07-14,"Square","SWE","Yes","No","No","Yes","No","No","Yes","No","No","No","No","No","No",2014-07-07,"No",2014-08-06,2014-09-02,,3,3,1,,,,2014-08-21,16,"No",2014-08-21,16,"No",,,"No",,"aw:yl",,,,,"Exclosed because late in the season and pair unlikely to re-nest.",,"Raw",2019-06-24 11:15:22,"swakamiya","Event","HumanObservation"
"PORE","Point Reyes National Seashore","K06_2015","{39744D68-DFEE-4649-ACE2-806C077E64E2}","K","Kehoe Beach",2015,,,"Charadrius nivosus","Western Snowy Plover","824030",-122.953912974465,38.1329836271151,"GCS","NAD83","Garmin",2015-05-18,2015-05-19,"Square","SWE","Yes","No","No","Yes","No","No","Yes","No","No","No","No","No","No",2015-05-17,"No",2015-06-19,,,3,3,0,,,,2015-06-21,3,"Yes",2015-06-28,10,"Yes",2015-07-01,13,"No",,"aw:yl",,,,,,,"Raw",2019-06-24 11:15:22,"swakamiya","Event","HumanObservation"
"PORE","Point Reyes National Seashore","K06_2016","{39744D68-DFEE-4649-ACE2-806C077E64E2}","K","Kehoe Beach",2016,,,"Charadrius nivosus","Western Snowy Plover","824030",-122.954964894773,38.1294780956785,"GCS","NAD83","Garmin",2016-05-23,,"Round","SVE","Yes","No","No","No","No","Yes","Yes","No","No","No","No","No","No",,"Yes",2016-06-09,,,3,0,0,2016-06-09,"Unknown Depredation","Unknown predator type",,,"No",,,"No",,,"No",,"aw:yl","x:x",,,,"Unsure if nest hatched and predated or eggs predated. Nest gone on day of scheduled hatch. Raven tracks and canid tracks in area around nest. Both adults showed no signs of having chicks.",,"Raw",2019-06-24 11:15:22,"swakamiya","Event","HumanObservation"
"PORE","Point Reyes National Seashore","K06_2019","{39744D68-DFEE-4649-ACE2-806C077E64E2}","K","Kehoe Beach",2019,,,"Charadrius nivosus","Western Snowy Plover","824030",-122.951132734289,38.1442123105718,"GCS","NAD83","Garmin",2019-07-18,2019-07-20,"Round","SVD","Yes","No","No","No","No","Yes","No","Yes","No","No","No","No","No",,"Yes",2019-08-09,2019-09-05,2019-08-09,3,2,2,,,,,,"No",,,"No",,,"No",,"x:s","x:x",,,,"Chicks lost sometime between 8/15-8/24.",,"Raw",2019-08-24 14:11:40,"mlau","Event","HumanObservation"
"PORE","Point Reyes National Seashore","K06_2020","{39744D68-DFEE-4649-ACE2-806C077E64E2}","K","Kehoe Beach",2020,,,"Charadrius nivosus","Western Snowy Plover","824030",-122.951956307501,38.1413285927495,"GCS","NAD83","Garmin",2020-07-07,2020-07-10,"Mini-Exclosure","SVE","Yes","No","No","No","No","Yes","Yes","No","No","No","No","No","No",2020-07-06,"No",,,,3,0,0,2020-07-21,"Abandoned",,,,"No",,,"No",,,"No",,"as:wy","av:or",,,,,,"Provisional",2020-09-18 10:46:41,"mjayl","Event","HumanObservation"
"PORE","Point Reyes National Seashore","K06_2021","{39744D68-DFEE-4649-ACE2-806C077E64E2}","K","Kehoe Beach",2021,,,"Charadrius nivosus","Western Snowy Plover","824030",-122.95138430615,38.1434553499913,"GCS","NAD83",,2021-05-24,2021-05-24,"Round","SKE","Yes","No","Yes","No","No","No","Yes","No","No","No","No","No","No",2021-05-24,"No",2021-06-25,,2021-06-25,3,3,0,,,,,,"No",,,"No",,,"No",,"x:b","av:ry",,,,,,"Accepted",2021-12-13 10:32:03,"EEdson","Event","HumanObservation"
"PORE","Point Reyes National Seashore","K06_2023","{39744D68-DFEE-4649-ACE2-806C077E64E2}","K","Kehoe Beach",2023,,,"Charadrius nivosus","Western Snowy Plover","824030",-122.954091090622,38.1328043432233,"GCS","WGS84",,2023-06-28,2023-06-28,"Mini-Exclosure","SWE","Yes","No","No","Yes","No","No","Yes","No","No","No","No","No","No",2023-06-28,"No",2023-07-30,2023-08-26,2023-07-31,3,3,0,,,,,,"No",,,"No",,,"No",,"av:oo","va:gr",,,,,,"Raw",2023-09-13 13:05:09,"mjayl","Event","HumanObservation"
"PORE","Point Reyes National Seashore","K06_2025","{39744D68-DFEE-4649-ACE2-806C077E64E2}","K","Kehoe Beach",2025,,,"Charadrius nivosus","Western Snowy Plover","824030",-122.953026491091,38.137498122056,"GCS","WGS84",,2025-05-12,2025-05-12,"Mini-Exclosure","SK","Yes","No","Yes","No","No","No","No","No","No","No","No","No","No",2025-05-12,"No",,,,1,0,0,2025-05-16,"Tide",,,,"No",,,"No",,,"No",,"x:x","va:bo?",,,,"xxF; ME mangled by tide",,"Accepted",2026-04-22 09:53:34,"ksherrill","Event","HumanObservation"
"PORE","Point Reyes National Seashore","K07_2000","{39744D68-DFEE-4649-ACE2-806C077E64E2}","K","Kehoe Beach",2000,,,"Charadrius nivosus","Western Snowy Plover","824030",-122.952860947564,38.136498159657,"GCS","NAD83",,2000-06-24,,,,,,,,,,,,,,,"No","No",,"No",,,,3,0,0,,,,,,"No",,,"No",,,"No",,,,,,,"Abandoned 3 eggs",,"Raw",2019-06-24 11:15:22,"swakamiya","Event","HumanObservation"
"PORE","Point Reyes National Seashore","K07_2001","{39744D68-DFEE-4649-ACE2-806C077E64E2}","K","Kehoe Beach",2001,,,"Charadrius nivosus","Western Snowy Plover","824030",-122.952300239826,38.1389043209275,"GCS","NAD83",,2001-07-13,,"Square",,,,,,,,,,,,,"No","No",,"No",,,,4,3,2,,,,,,"No",,,"No",,,"No",,,,,,,"Fledged 2",,"Raw",2019-06-24 11:15:22,"swakamiya","Event","HumanObservation"
"PORE","Point Reyes National Seashore","K07_2004","{39744D68-DFEE-4649-ACE2-806C077E64E2}","K","Kehoe Beach",2004,,,"Charadrius nivosus","Western Snowy Plover","824030",-122.951132752325,38.1441852725464,"GCS","NAD83","Garmin 3+",2004-04-30,,"Square",,,,,,,,,,,,,"No","No",2004-04-30,"No",2004-05-28,,,3,3,1,,,,,,"No",,,"No",,,"No",,,,,,,"2 day time losses",,"Raw",2019-06-24 11:15:22,"swakamiya","Event","HumanObservation"
"PORE","Point Reyes National Seashore","K07_2006","{39744D68-DFEE-4649-ACE2-806C077E64E2}","K","Kehoe Beach",2006,,,"Charadrius nivosus","Western Snowy Plover","824030",,,,,,2006-07-01,,"Unknown",,,,,,,,,,,,,"No","No",,"No",2006-07-26,,,3,3,0,,,,,,"No",,,"No",,,"No",,,,,,,,,"Raw",2019-06-24 11:15:22,"swakamiya","Event","HumanObservation"
"PORE","Point Reyes National Seashore","K07_2007","{39744D68-DFEE-4649-ACE2-806C077E64E2}","K","Kehoe Beach",2007,,,"Charadrius nivosus","Western Snowy Plover","824030",,,,,,2007-05-07,,"Unknown",,,,,,,,,,,,,"No","No",,"No",2007-06-06,,,3,3,2,,,,,,"No",,,"No",,,"No",,"wa:ry",,,,,,,"Raw",2019-06-24 11:15:22,"swakamiya","Event","HumanObservation"
"PORE","Point Reyes National Seashore","K07_2008","{39744D68-DFEE-4649-ACE2-806C077E64E2}","K","Kehoe Beach",2008,,,"Charadrius nivosus","Western Snowy Plover","824030",,,,,,2008-05-30,,"Unknown",,,,,,,,,,,,,"No","No",,"No",,,,3,3,1,,,,,,"No",,,"No",,,"No",,,,,,,,,"Raw",2019-06-24 11:15:22,"swakamiya","Event","HumanObservation"
"PORE","Point Reyes National Seashore","K07_2009","{39744D68-DFEE-4649-ACE2-806C077E64E2}","K","Kehoe Beach",2009,,,"Charadrius nivosus","Western Snowy Plover","824030",-122.955799196474,38.1271981988912,"GCS","NAD83",,2009-07-11,2009-07-11,"Square","RKE","No","Yes","Yes","No","No","No","Yes","No","No","No","No","No","No",2009-07-10,"No",2009-08-10,,,2,2,0,,,,2009-08-10,0,"No",2009-08-10,0,"No",,,"No",,,,,,,,,"Raw",2019-06-24 11:15:22,"swakamiya","Event","HumanObservation"
"PORE","Point Reyes National Seashore","K07_2010","{39744D68-DFEE-4649-ACE2-806C077E64E2}","K","Kehoe Beach",2010,,,"Charadrius nivosus","Western Snowy Plover","824030",-122.951900887378,38.1388320565992,"GCS","NAD83","Garmin",2010-07-06,2010-07-06,"Square","VE","No","No","No","No","No","Yes","Yes","No","No","No","No","No","No",2010-07-02,"No",2010-08-02,2010-08-30,,3,2,2,,,,,,"No",,,"No",,,"No",,,,,,,,,"Raw",2019-06-24 11:15:22,"swakamiya","Event","HumanObservation"
"PORE","Point Reyes National Seashore","K07_2015","{39744D68-DFEE-4649-ACE2-806C077E64E2}","K","Kehoe Beach",2015,,,"Charadrius nivosus","Western Snowy Plover","824030",-122.953351897999,38.1360657465257,"GCS","NAD83","Garmin",2015-05-27,2015-06-07,"Round","SKE","Yes","No","Yes","No","No","No","Yes","No","No","No","No","No","No",2015-05-26,"No",2015-06-29,2015-07-26,,3,3,1,,,,2015-07-04,6,"Yes",2015-07-13,15,"No",,,"No",,"ga:gg",,,,,,,"Raw",2019-06-24 11:15:22,"swakamiya","Event","HumanObservation"
"PORE","Point Reyes National Seashore","K07_2016","{39744D68-DFEE-4649-ACE2-806C077E64E2}","K","Kehoe Beach",2016,,,"Charadrius nivosus","Western Snowy Plover","824030",-122.955124943135,38.1289734456789,"GCS","NAD83","Garmin",2016-06-20,2016-06-20,"Round","SVE","Yes","No","No","No","No","Yes","Yes","No","No","No","No","No","No",,"Yes",2016-07-17,,2016-07-16,3,3,0,,,,2016-08-03,17,"No",2016-08-03,17,"No",,,"No",,"aw:yl","x:x",,,,,,"Raw",2019-06-24 11:15:22,"swakamiya","Event","HumanObservation"
"PORE","Point Reyes National Seashore","K07_2019","{39744D68-DFEE-4649-ACE2-806C077E64E2}","K","Kehoe Beach",2019,,,"Charadrius nivosus","Western Snowy Plover","824030",-122.95123570249,38.1438248082127,"GCS","NAD83","Garmin",2019-08-11,2019-08-11,"Round","SVD","Yes","No","No","No","No","Yes","No","Yes","No","No","No","No","No",,"Yes",,,,3,,,2019-08-15,"Abandoned",,,,"No",,,"No",,,"No",,"as:wy","av:ry?",,,,,,"Raw",2019-08-24 14:13:30,"mlau","Event","HumanObservation"
"PORE","Point Reyes National Seashore","K07_2021","{39744D68-DFEE-4649-ACE2-806C077E64E2}","K","Kehoe Beach",2021,,,"Charadrius nivosus","Western Snowy Plover","824030",-122.951972649124,38.1407716156524,"GCS","NAD83",,2021-05-26,2021-05-26,"Mini-Exclosure","SVD","Yes","No","No","No","No","Yes","No","Yes","No","No","No","No","No",2021-05-26,"No",2021-06-29,,2021-06-29,3,2,0,,,,2021-07-02,5,"No",2021-07-02,5,"No",,,"No",,"x:s","av:or",,,,"Unsure if when exactly the chicks were lost.",,"Accepted",2021-12-13 10:32:03,"EEdson","Event","HumanObservation"
"PORE","Point Reyes National Seashore","K07_2023","{39744D68-DFEE-4649-ACE2-806C077E64E2}","K","Kehoe Beach",2023,,,"Charadrius nivosus","Western Snowy Plover","824030",-122.954438922006,38.1312714189728,"GCS","WGS84",,2023-07-05,2023-07-05,"Mini-Exclosure","SVE","Yes","No","No","No","No","Yes","Yes","No","No","No","No","No","No",2023-07-05,"No",,,,1,0,0,2023-07-07,"Abandoned",,,,"No",,,"No",,,"No",,"unk","unk",,,,,,"Raw",2023-09-13 13:07:19,"mjayl","Event","HumanObservation"
"PORE","Point Reyes National Seashore","K07_2025","{39744D68-DFEE-4649-ACE2-806C077E64E2}","K","Kehoe Beach",2025,,,"Charadrius nivosus","Western Snowy Plover","824030",-122.952526813904,38.1388507245701,"GCS","WGS84",,2025-05-16,2025-05-16,"Mini-Exclosure","","No","No","No","No","No","No","No","No","No","No","No","No","No",2025-05-13,"No",2025-06-16,2025-07-14,2025-06-16,3,2,0,,,,,,"No",,,"No",,,"No",,"rv:go","x:x",,,,"rvgo f. 3 eggs, ME good. flushed off nest, returned to incubate. -2025-05-28; rvgo f broken wing display -2025-06-06",,"Accepted",2026-04-22 09:53:34,"ksherrill","Event","HumanObservation"
"PORE","Point Reyes National Seashore","K08_2000","{39744D68-DFEE-4649-ACE2-806C077E64E2}","K","Kehoe Beach",2000,,,"Charadrius nivosus","Western Snowy Plover","824030",-122.954690872006,38.1297754094183,"GCS","NAD83",,2000-06-27,,,,,,,,,,,,,,,"No","No",,"No",,,,3,3,1,,,,,,"No",,,"No",,,"No",,"WB/BO",,,,,"Fledged 1",,"Raw",2019-06-24 11:15:22,"swakamiya","Event","HumanObservation"
"PORE","Point Reyes National Seashore","K08_2001","{39744D68-DFEE-4649-ACE2-806C077E64E2}","K","Kehoe Beach",2001,,,"Charadrius nivosus","Western Snowy Plover","824030",-122.953169512377,38.1357682551736,"GCS","NAD83",,2001-07-20,,"Square",,,,,,,,,,,,,"No","No",,"No",,,,1,0,0,,,,,,"No",,,"No",,,"No",,,,,,,"abandoned 1 egg",,"Raw",2019-06-24 11:15:22,"swakamiya","Event","HumanObservation"
"PORE","Point Reyes National Seashore","K08_2004","{39744D68-DFEE-4649-ACE2-806C077E64E2}","K","Kehoe Beach",2004,,,"Charadrius nivosus","Western Snowy Plover","824030",-122.951933424775,38.1414187102085,"GCS","NAD83","Garmin 3+",2004-04-30,,"Square",,,,,,,,,,,,,"No","No",2004-04-30,"No",,,,3,0,0,2004-05-10,"Wind",,,,"No",,,"No",,,"No",,,,,,,"fail/wind",,"Raw",2019-06-24 11:15:22,"swakamiya","Event","HumanObservation"
"PORE","Point Reyes National Seashore","K08_2006","{39744D68-DFEE-4649-ACE2-806C077E64E2}","K","Kehoe Beach",2006,,,"Charadrius nivosus","Western Snowy Plover","824030",,,,,,2006-07-01,,"Unknown",,,,,,,,,,,,,"No","No",,"No",2006-07-26,,,3,2,0,,,,,,"No",,,"No",,,"No",,,,,,,,,"Raw",2019-06-24 11:15:22,"swakamiya","Event","HumanObservation"
"PORE","Point Reyes National Seashore","K08_2007","{39744D68-DFEE-4649-ACE2-806C077E64E2}","K","Kehoe Beach",2007,,,"Charadrius nivosus","Western Snowy Plover","824030",,,,,,2007-05-24,,,,,,,,,,,,,,,"No","No",,"No",,,,3,,,,"Failed - Unknown",,,,"No",,,"No",,,"No",,,,,,,,,"Raw",2019-06-24 11:15:22,"swakamiya","Event","HumanObservation"
"PORE","Point Reyes National Seashore","K08_2008","{39744D68-DFEE-4649-ACE2-806C077E64E2}","K","Kehoe Beach",2008,,,"Charadrius nivosus","Western Snowy Plover","824030",,,,,,2008-06-03,,,,,,,,,,,,,,,"No","No",,"No",,,,3,0,,,"Depredated by Known Predator","Common raven",,,"No",,,"No",,,"No",,,,,,,,,"Raw",2019-06-24 11:15:22,"swakamiya","Event","HumanObservation"
"PORE","Point Reyes National Seashore","K08_2009","{39744D68-DFEE-4649-ACE2-806C077E64E2}","K","Kehoe Beach",2009,,,"Charadrius nivosus","Western Snowy Plover","824030",-122.95284907259,38.1372191700107,"GCS","NAD83",,2009-07-17,2009-07-17,"Square","RKEP","No","Yes","Yes","No","No","No","Yes","No","Yes","No","No","No","No",2009-07-16,"No",,,,3,0,0,2009-08-08,"Depredated by Known Predator","Rodent",,,"No",,,"No",,,"No",,,,,,,"Depredated by rodent due to loss of eggs well before hatch date and no sign of breaking into exclosure, tracks, or high tide.",,"Raw",2019-06-24 11:15:22,"swakamiya","Event","HumanObservation"
"PORE","Point Reyes National Seashore","K08_2015","{39744D68-DFEE-4649-ACE2-806C077E64E2}","K","Kehoe Beach",2015,,,"Charadrius nivosus","Western Snowy Plover","824030",-122.956198990227,38.1264322687433,"GCS","NAD83","Garmin",2015-07-15,,"None","SKWE","Yes","No","Yes","Yes","No","No","Yes","No","No","No","No","No","No",2015-07-10,"No",,,,3,0,0,2015-07-19,"Unknown Depredation",,,,"No",,,"No",,,"No",,"aw:yl",,,,,"Initiation date is an estimate based on adult activity.",,"Raw",2019-06-24 11:15:22,"swakamiya","Event","HumanObservation"
"PORE","Point Reyes National Seashore","K08_2021","{39744D68-DFEE-4649-ACE2-806C077E64E2}","K","Kehoe Beach",2021,,,"Charadrius nivosus","Western Snowy Plover","824030",-122.950330864283,38.148655222613,"GCS","NAD83",,2021-06-29,2021-06-29,"Mini-Exclosure","SKD","Yes","No","Yes","No","No","No","No","Yes","No","No","No","No","No",,"Yes",2021-07-29,2021-08-25,2021-07-29,2,2,1,,,,2021-08-10,12,"No",,,"No",,,"No",,"x:x","av:gr",,,,"Unsure of exactly when 1 of the chicks was lost. Gap in between brood checks (8/4 to 8/10)",,"Accepted",2021-12-13 10:32:03,"EEdson","Event","HumanObservation"
"PORE","Point Reyes National Seashore","K08_2023","{39744D68-DFEE-4649-ACE2-806C077E64E2}","K","Kehoe Beach",2023,,,"Charadrius nivosus","Western Snowy Plover","824030",-122.954496101871,38.1310641490857,"GCS","WGS84",,2023-07-05,2023-07-05,"Mini-Exclosure","SKE","Yes","No","Yes","No","No","No","Yes","No","No","No","No","No","No",2023-07-05,"No",,,,3,0,0,2023-07-20,"Abandoned",,,,"No",,,"No",,,"No",,"unk","unk",,,,,,"Raw",2023-09-13 13:08:40,"mjayl","Event","HumanObservation"
"PORE","Point Reyes National Seashore","K08_2025","{39744D68-DFEE-4649-ACE2-806C077E64E2}","K","Kehoe Beach",2025,,,"Charadrius nivosus","Western Snowy Plover","824030",-122.953004753973,38.13736726566,"GCS","WGS84",,2025-05-28,2025-05-28,"Mini-Exclosure","SE","Yes","No","No","No","No","No","Yes","No","No","No","No","No","No",,"Yes",,,,3,0,0,2025-06-22,"Wind",,,,"No",,,"No",,,"No",,"x:x","unknown",,,,"xx f acting suspicious, saw her sit on a nest. 3 eggs, entirely on thick mat of velella. no males around. ME placed. Coyote walking from beach into dunes near nest as I was coming to place ME. watched f return to incubate after ME was placed. -2025-05-28;",,"Accepted",2026-04-22 09:53:34,"ksherrill","Event","HumanObservation"
"PORE","Point Reyes National Seashore","K09_2000","{39744D68-DFEE-4649-ACE2-806C077E64E2}","K","Kehoe Beach",2000,,,"Charadrius nivosus","Western Snowy Plover","824030",-122.953124450903,38.1348579553716,"GCS","NAD83",,2000-07-03,,,,,,,,,,,,,,,"No","No",,"No",,,,3,3,1,,,,,,"No",,,"No",,,"No",,,,,,,"Fledged 1",,"Raw",2019-06-24 11:15:22,"swakamiya","Event","HumanObservation"
"PORE","Point Reyes National Seashore","K09_2004","{39744D68-DFEE-4649-ACE2-806C077E64E2}","K","Kehoe Beach",2004,,,"Charadrius nivosus","Western Snowy Plover","824030",-122.950216937014,38.1483577562393,"GCS","NAD83","Garmin 3+",2004-04-30,,"Square",,,,,,,,,,,,,"No","No",2004-04-30,"No",2004-05-31,,,3,3,0,,,,,,"No",,,"No",,,"No",,,,,,,"3 lost overnight at 3 days",,"Raw",2019-06-24 11:15:22,"swakamiya","Event","HumanObservation"
"PORE","Point Reyes National Seashore","K09_2006","{39744D68-DFEE-4649-ACE2-806C077E64E2}","K","Kehoe Beach",2006,,,"Charadrius nivosus","Western Snowy Plover","824030",,,,,,2006-07-17,,"Unknown",,,,,,,,,,,,,"No","No",,"No",2006-08-10,,,2,2,0,,,,,,"No",,,"No",,,"No",,,,,,,,,"Raw",2019-06-24 11:15:22,"swakamiya","Event","HumanObservation"
"PORE","Point Reyes National Seashore","K09_2007","{39744D68-DFEE-4649-ACE2-806C077E64E2}","K","Kehoe Beach",2007,,,"Charadrius nivosus","Western Snowy Plover","824030",,,,,,2007-06-01,,"Unknown",,,,,,,,,,,,,"No","No",,"No",2007-06-28,,,3,3,2,,,,,,"No",,,"No",,,"No",,,"go:br",,,,,,"Raw",2019-06-24 11:15:22,"swakamiya","Event","HumanObservation"
"PORE","Point Reyes National Seashore","K09_2008","{39744D68-DFEE-4649-ACE2-806C077E64E2}","K","Kehoe Beach",2008,,,"Charadrius nivosus","Western Snowy Plover","824030",,,,,,2008-06-04,,"Unknown",,,,,,,,,,,,,"No","No",,"No",,,,3,0,,,"Failed - Unknown",,,,"No",,,"No",,,"No",,,,,,,,,"Raw",2019-06-24 11:15:22,"swakamiya","Event","HumanObservation"
"PORE","Point Reyes National Seashore","K09_2009","{39744D68-DFEE-4649-ACE2-806C077E64E2}","K","Kehoe Beach",2009,,,"Charadrius nivosus","Western Snowy Plover","824030",-122.958107880792,38.1202953094902,"GCS","NAD83",,2009-07-19,2009-07-19,"Square","RKE","No","Yes","Yes","No","No","No","Yes","No","No","No","No","No","No",2009-07-11,"No",2009-08-11,2020-09-08,,3,3,1,,,,2009-08-16,5,"Yes",2009-08-27,16,"No",,,"No",,,,,,,"Initiation date=approximate based on hatch. Lost one chick 4-6 days old, lost one 16 days old.",,"Raw",2019-06-24 11:15:22,"swakamiya","Event","HumanObservation"
"PORE","Point Reyes National Seashore","K09_2021","{39744D68-DFEE-4649-ACE2-806C077E64E2}","K","Kehoe Beach",2021,,,"Charadrius nivosus","Western Snowy Plover","824030",-122.952287830729,38.1404364722788,"GCS","NAD83",,2021-07-07,2021-07-07,"Mini-Exclosure","SKE","Yes","No","Yes","No","No","No","Yes","No","No","No","No","No","No",2021-07-06,"No",,,,3,0,0,2021-07-16,"Abandoned",,,,"No",,,"No",,,"No",,"x:b","av:ry",,,,"Unsure why nest was abandoned. Av:ry male disappeared before 7/16/21, which may have influenced x:b female to abandon nest (she was observed nearby on subsequent surveys, not tending to nest).",,"Accepted",2021-12-13 10:32:03,"EEdson","Event","HumanObservation"
"PORE","Point Reyes National Seashore","K11_2006","{39744D68-DFEE-4649-ACE2-806C077E64E2}","K","Kehoe Beach",2006,,,"Charadrius nivosus","Western Snowy Plover","824030",,,,,,2006-08-01,,"Unknown",,,,,,,,,,,,,"No","No",,"No",2006-08-07,,,3,3,2,,,,,,"No",,,"No",,,"No",,,,,,,,,"Raw",2019-06-24 11:15:22,"swakamiya","Event","HumanObservation"
"PORE","Point Reyes National Seashore","K11_2007","{39744D68-DFEE-4649-ACE2-806C077E64E2}","K","Kehoe Beach",2007,,,"Charadrius nivosus","Western Snowy Plover","824030",,,,,,2007-06-25,,"Unknown",,,,,,,,,,,,,"No","No",,"No",2007-07-14,,,3,3,0,,,,,,"No",,,"No",,,"No",,,,,,,,,"Raw",2019-06-24 11:15:22,"swakamiya","Event","HumanObservation"
"PORE","Point Reyes National Seashore","K11_2008","{39744D68-DFEE-4649-ACE2-806C077E64E2}","K","Kehoe Beach",2008,,,"Charadrius nivosus","Western Snowy Plover","824030",,,,,,2008-07-17,,"Unknown",,,,,,,,,,,,,"No","No",,"No",,,,3,3,3,,,,,,"No",,,"No",,,"No",,,,,,,,,"Raw",2019-06-24 11:15:22,"swakamiya","Event","HumanObservation"
"PORE","Point Reyes National Seashore","K12_2004","{39744D68-DFEE-4649-ACE2-806C077E64E2}","K","Kehoe Beach",2004,,,"Charadrius nivosus","Western Snowy Plover","824030",-122.949632115268,38.1523771568942,"GCS","NAD83","Garmin 3+",2004-05-12,,"Square",,,,,,,,,,,,,"No","No",2004-05-12,"No",2004-06-14,,,3,3,0,,,,,,"No",,,"No",,,"No",,"WG:RO",,,,,"3 lost day",,"Raw",2019-06-24 11:15:22,"swakamiya","Event","HumanObservation"
"PORE","Point Reyes National Seashore","K12_2007","{39744D68-DFEE-4649-ACE2-806C077E64E2}","K","Kehoe Beach",2007,,,"Charadrius nivosus","Western Snowy Plover","824030",,,,,,2007-06-25,,,,,,,,,,,,,,,"No","No",,"No",,,,3,,,,"Failed - Unknown",,,,"No",,,"No",,,"No",,,,,,,,,"Raw",2019-06-24 11:15:22,"swakamiya","Event","HumanObservation"
"PORE","Point Reyes National Seashore","K13_2004","{39744D68-DFEE-4649-ACE2-806C077E64E2}","K","Kehoe Beach",2004,,,"Charadrius nivosus","Western Snowy Plover","824030",-122.954016127005,38.1322536391984,"GCS","NAD83","Garmin 3+",2004-05-18,,"Square",,,,,,,,,,,,,"No","No",2004-05-18,"No",2004-06-18,,,3,3,0,,,,,,"No",,,"No",,,"No",,,,,,,"3 lost day",,"Raw",2019-06-24 11:15:22,"swakamiya","Event","HumanObservation"
"PORE","Point Reyes National Seashore","K13_2007","{39744D68-DFEE-4649-ACE2-806C077E64E2}","K","Kehoe Beach",2007,,,"Charadrius nivosus","Western Snowy Plover","824030",,,,,,2007-06-29,,"Unknown",,,,,,,,,,,,,"No","No",,"No",2007-07-23,,,3,3,0,,,,,,"No",,,"No",,,"No",,,,,,,,,"Raw",2019-06-24 11:15:22,"swakamiya","Event","HumanObservation"
"PORE","Point Reyes National Seashore","K14_2004","{39744D68-DFEE-4649-ACE2-806C077E64E2}","K","Kehoe Beach",2004,,,"Charadrius nivosus","Western Snowy Plover","824030",-122.952779914506,38.1382916520572,"GCS","NAD83","Garmin 3+",2004-06-04,,"None",,,,,,,,,,,,,"No","No",2004-06-04,"No",,,,3,0,0,2004-06-13,"Depredated by Known Predator","Red/grey fox",,,"No",,,"No",,,"No",,"OR:BB",,,,,"unable to exclose fox predation id tracks at nest",,"Raw",2019-06-24 11:15:22,"swakamiya","Event","HumanObservation"
"PORE","Point Reyes National Seashore","K14_2007","{39744D68-DFEE-4649-ACE2-806C077E64E2}","K","Kehoe Beach",2007,,,"Charadrius nivosus","Western Snowy Plover","824030",,,,,,2007-07-13,,"Unknown",,,,,,,,,,,,,"No","No",,"No",2007-08-02,,,3,3,0,,,,,,"No",,,"No",,,"No",,,,,,,,,"Raw",2019-06-24 11:15:22,"swakamiya","Event","HumanObservation"
"PORE","Point Reyes National Seashore","K15_2004","{39744D68-DFEE-4649-ACE2-806C077E64E2}","K","Kehoe Beach",2004,,,"Charadrius nivosus","Western Snowy Plover","824030",-122.957399295401,38.1224581058009,"GCS","NAD83","Garmin 3+",2004-06-14,,"Square",,,,,,,,,,,,,"No","No",2004-06-14,"No",2004-07-10,,,3,3,0,,,,,,"No",,,"No",,,"No",,,,,,,"day losses, saw juv. raven take 1",,"Raw",2019-06-24 11:15:22,"swakamiya","Event","HumanObservation"
"PORE","Point Reyes National Seashore","K16_2004","{39744D68-DFEE-4649-ACE2-806C077E64E2}","K","Kehoe Beach",2004,,,"Charadrius nivosus","Western Snowy Plover","824030",-122.953868716622,38.1307845117544,"GCS","NAD83","Garmin 3+",2004-06-14,,"Square",,,,,,,,,,,,,"No","No",2004-06-14,"No",2004-07-13,,,3,3,0,,,,,,"No",,,"No",,,"No",,,,,,,"day losses",,"Raw",2019-06-24 11:15:22,"swakamiya","Event","HumanObservation"
"PORE","Point Reyes National Seashore","K17_2004","{39744D68-DFEE-4649-ACE2-806C077E64E2}","K","Kehoe Beach",2004,,,"Charadrius nivosus","Western Snowy Plover","824030",-122.95243768,38.1381292856236,"GCS","NAD83","Garmin 3+",2004-06-23,,"Square",,,,,,,,,,,,,"No","No",2004-06-23,"No",,,,3,0,0,2004-07-11,"Abandoned",,,,"No",,,"No",,,"No","Unknown","WG:RO",,,,,"abandoned during inc. unknown cause",,"Raw",2019-06-24 11:15:22,"swakamiya","Event","HumanObservation"
"PORE","Point Reyes National Seashore","K18_2004","{39744D68-DFEE-4649-ACE2-806C077E64E2}","K","Kehoe Beach",2004,,,"Charadrius nivosus","Western Snowy Plover","824030",-122.954530405162,38.1309469982946,"GCS","NAD83","Garmin 3+",2004-06-24,,"Square",,,,,,,,,,,,,"No","No",2004-06-24,"No",2004-07-25,,,3,3,0,,,,,,"No",,,"No",,,"No",,,,,,,"day losses","Edited on 1/5/2022 by Matt Lau - Corrected UTME to the proper coordinates. It was off by 1km.","Raw",2019-06-24 11:15:22,"swakamiya","Event","HumanObservation"
"PORE","Point Reyes National Seashore","K19_2004","{39744D68-DFEE-4649-ACE2-806C077E64E2}","K","Kehoe Beach",2004,,,"Charadrius nivosus","Western Snowy Plover","824030",-122.953386469176,38.1355340115012,"GCS","NAD83","Garmin 3+",2004-06-25,,"Square",,,,,,,,,,,,,"No","No",2004-06-25,"No",2004-07-22,,,3,3,0,,,,,,"No",,,"No",,,"No",,,,,,,"3 day losses",,"Raw",2019-06-24 11:15:22,"swakamiya","Event","HumanObservation"
"PORE","Point Reyes National Seashore","K20_2004","{39744D68-DFEE-4649-ACE2-806C077E64E2}","K","Kehoe Beach",2004,,,"Charadrius nivosus","Western Snowy Plover","824030",-122.954850478786,38.1299917756623,"GCS","NAD83","Garmin 3+",2004-07-10,,"Square",,,,,,,,,,,,,"No","No",2004-07-10,"No",2004-08-09,,,3,3,1,,,,,,"No",,,"No",,,"No",,"WG:RO",,,,,"2 day losses",,"Raw",2019-06-24 11:15:22,"swakamiya","Event","HumanObservation"
"PORE","Point Reyes National Seashore","K21_2004","{39744D68-DFEE-4649-ACE2-806C077E64E2}","K","Kehoe Beach",2004,,,"Charadrius nivosus","Western Snowy Plover","824030",-122.953707226808,38.1335513459734,"GCS","NAD83","Garmin 3+",2004-07-27,,"Square",,,,,,,,,,,,,"No","No",2004-07-27,"No",2004-08-27,,,3,3,2,,,,,,"No",,,"No",,,"No",,,,,,,"1 day loss to abbott's raven",,"Raw",2019-06-24 11:15:22,"swakamiya","Event","HumanObservation"
"PORE","Point Reyes National Seashore","L01_1997","{AAECB23A-DD1B-4289-A95D-BD34276088B9}","L","Limantour Beach",1997,,,"Charadrius nivosus","Western Snowy Plover","824030",-122.913265911239,38.0292146185579,"GCS","NAD83","Map",1997-04-02,,,,,,,,,,,,,,,"No","No",,"No",,,,3,3,3,,,,,,"No",,,"No",,,"No",,,,,,,,,"Raw",2019-06-24 11:15:22,"swakamiya","Event","HumanObservation"
"PORE","Point Reyes National Seashore","L01_1998","{AAECB23A-DD1B-4289-A95D-BD34276088B9}","L","Limantour Beach",1998,,,"Charadrius nivosus","Western Snowy Plover","824030",-122.904594803502,38.0291988895227,"GCS","NAD83","Map",1998-05-18,,"Triangle",,,,,,,,,,,,,"No","No",,"No",,,,3,0,0,,,,,,"No",,,"No",,,"No",,"Y/PV",,,,,"high tides washed out",,"Raw",2019-06-24 11:15:22,"swakamiya","Event","HumanObservation"
"PORE","Point Reyes National Seashore","L01_1999","{AAECB23A-DD1B-4289-A95D-BD34276088B9}","L","Limantour Beach",1999,,,"Charadrius nivosus","Western Snowy Plover","824030",-122.905472216467,38.0291635467911,"GCS","NAD83",,1999-05-03,,"Triangle",,,,,,,,,,,,,"No","No",,"No",,,,3,2,0,,,,,,"No",,,"No",,,"No",,,,,,,,,"Raw",2019-06-24 11:15:22,"swakamiya","Event","HumanObservation"
"PORE","Point Reyes National Seashore","L01_2000","{AAECB23A-DD1B-4289-A95D-BD34276088B9}","L","Limantour Beach",2000,,,"Charadrius nivosus","Western Snowy Plover","824030",-122.905175533088,38.029496783422,"GCS","NAD83",,2000-03-30,,,,,,,,,,,,,,,"No","No",2000-03-26,"No",,,,3,0,0,2000-04-07,"Abandoned",,,,"No",,,"No",,,"No",,,,,,,"Abandoned 3 eggs",,"Raw",2019-06-24 11:15:22,"swakamiya","Event","HumanObservation"
"PORE","Point Reyes National Seashore","L01_2015","{AAECB23A-DD1B-4289-A95D-BD34276088B9}","L","Limantour Beach",2015,,,"Charadrius nivosus","Western Snowy Plover","824030",-122.896643458051,38.027822215153,"GCS","NAD83","Garmin",2015-04-24,,"None","SKE","Yes","No","Yes","No","No","No","Yes","No","No","No","No","No","No",2015-04-16,"No",,,,3,,,2015-05-14,"Failed - Unknown",,,,"No",,,"No",,,"No",,,"bg:bb",,,,"Unknown fate of nest, eggs gone close to hatch date and no chicks observed in area. Possible lost right before hatch or right after hatch.",,"Raw",2019-06-24 11:15:22,"swakamiya","Event","HumanObservation"
"PORE","Point Reyes National Seashore","L01_2016","{AAECB23A-DD1B-4289-A95D-BD34276088B9}","L","Limantour Beach",2016,,,"Charadrius nivosus","Western Snowy Plover","824030",-122.904059702941,38.0288649785725,"GCS","NAD83","Garmin",2016-05-18,2016-05-18,"Round","SKRE","Yes","Yes","Yes","No","No","No","Yes","No","No","No","No","No","No",,"Yes",2016-06-11,2016-07-09,,3,2,2,,,,,,"No",,,"No",,,"No",,"x:x","x:x",,,,,,"Raw",2019-06-24 11:15:22,"swakamiya","Event","HumanObservation"
"PORE","Point Reyes National Seashore","L01_2017","{AAECB23A-DD1B-4289-A95D-BD34276088B9}","L","Limantour Beach",2017,,,"Charadrius nivosus","Western Snowy Plover","824030",-122.908024689926,38.0290574169373,"GCS","NAD83","Garmin",2017-04-11,,"None","SWE","Yes","No","No","Yes","No","No","Yes","No","No","No","No","No","No",2017-04-11,"No",,,,1,0,0,2017-04-13,"Abandoned",,,,"No",,,"No",,,"No",,"x:x","x:x",,,,,,"Raw",2019-06-24 11:15:22,"swakamiya","Event","HumanObservation"
"PORE","Point Reyes National Seashore","L01_2018","{AAECB23A-DD1B-4289-A95D-BD34276088B9}","L","Limantour Beach",2018,,,"Charadrius nivosus","Western Snowy Plover","824030",-122.879636782321,38.0248768579124,"GCS","NAD83","Garmin",2018-04-17,,"None","SVE","Yes","No","No","No","No","Yes","Yes","No","No","No","No","No","No",2018-04-17,"No",2018-05-22,2018-06-18,2018-05-23,3,3,2,,,,,,"No",,,"No",,,"No",,"av:bb","wr:ol",,,,,,"Raw",2019-06-24 11:15:22,"swakamiya","Event","HumanObservation"
"PORE","Point Reyes National Seashore","L01_2019","{AAECB23A-DD1B-4289-A95D-BD34276088B9}","L","Limantour Beach",2019,,,"Charadrius nivosus","Western Snowy Plover","824030",-122.905882586629,38.0290286832085,"GCS","NAD83","Garmin",2019-04-25,,,"SVWE","Yes","No","No","Yes","No","Yes","Yes","No","No","No","No","No","No",,"Yes",,,,2,,,2019-04-30,"Depredated by Known Predator","Common raven",,,"No",,,"No",,,"No",,"unk","unk",,,,,,"Raw",2019-08-23 14:06:19,"mlau","Event","HumanObservation"
"PORE","Point Reyes National Seashore","L01_2020","{AAECB23A-DD1B-4289-A95D-BD34276088B9}","L","Limantour Beach",2020,,,"Charadrius nivosus","Western Snowy Plover","824030",-122.899537204566,38.0280951088686,"GCS","NAD83","Garmin",2020-05-01,,"None","SKE","Yes","No","Yes","No","No","No","Yes","No","No","No","No","No","No",,"Yes",,,,3,0,0,2020-05-14,"Tide",,,,"No",,,"No",,,"No",,"av:bg","av:ww",,,,,,"Raw",2020-09-18 11:19:04,"mjayl","Event","HumanObservation"
"PORE","Point Reyes National Seashore","L01_2021","{AAECB23A-DD1B-4289-A95D-BD34276088B9}","L","Limantour Beach",2021,,,"Charadrius nivosus","Western Snowy Plover","824030",-122.899559869913,38.0281852567676,"GCS","NAD83",,2021-04-07,2021-04-09,"Mini-Exclosure","SWKH","Yes","No","Yes","Yes","No","No","No","No","No","Yes","No","No","No",2021-04-07,"No",2021-05-08,2021-06-04,2021-05-08,3,3,1,,,,,,"No",,,"No",,,"No",,"av:bg","av:ww",,,,"Unable to get accurate chick loss data",,"Accepted",2021-12-13 10:32:03,"EEdson","Event","HumanObservation"
"PORE","Point Reyes National Seashore","L01_2022","{AAECB23A-DD1B-4289-A95D-BD34276088B9}","L","Limantour Beach",2022,,,"Charadrius nivosus","Western Snowy Plover","824030",-122.89578680523,38.027688970051,"GCS","NAD83",,2022-04-08,,"None","SWKE","Yes","No","Yes","Yes","No","No","Yes","No","No","No","No","No","No",,"Yes",,,,1,0,0,2022-04-11,"Unknown",,,,"No",,,"No",,,"No",,"unk","unk",,,,"Possible egg dump.",,"Provisional",2022-11-01 11:11:12,"mlau","Event","HumanObservation"
"PORE","Point Reyes National Seashore","L01_2023","{AAECB23A-DD1B-4289-A95D-BD34276088B9}","L","Limantour Beach",2023,,,"Charadrius nivosus","Western Snowy Plover","824030",-122.903855499611,38.0290522781046,"GCS","WGS84",,2023-04-17,2023-04-17,"Mini-Exclosure","SVWPE","Yes","No","No","Yes","No","Yes","Yes","No","Yes","No","No","No","No",2023-04-14,"No",2023-05-21,2023-06-27,2023-05-21,3,3,2,,,,,,"No",,,"No",,,"No",,"av:bg","av:ww",,,,,,"Provisional",2023-09-13 12:30:13,"mjayl","Event","HumanObservation"
"PORE","Point Reyes National Seashore","L01_2024","{AAECB23A-DD1B-4289-A95D-BD34276088B9}","L","Limantour Beach",2024,,,"Charadrius nivosus","Western Snowy Plover","824030",-122.90448,38.03006,"GCS","WGS84",,2024-04-03,2024-04-03,"Mini-Exclosure","SWE","Yes","No","No","Yes","No","No","Yes","No","No","No","No","No","No",2024-04-01,"No",,,,3,,,2024-04-19,"Abandoned",,,,"No",,,"No",,,"No",,"av:bg","oa:br",,,,,,"Accepted",2026-04-22 09:55:16,"ksherrill","Event","HumanObservation"
"PORE","Point Reyes National Seashore","L01_2025","{AAECB23A-DD1B-4289-A95D-BD34276088B9}","L","Limantour Beach",2025,,,"Charadrius nivosus","Western Snowy Plover","824030",-122.625905952357,38.2284427782354,"GCS","WGS84",,2025-04-23,,"Mini-Exclosure","SKWE","Yes","No","Yes","Yes","No","No","Yes","No","No","No","No","No","No",,"No",,,,3,0,0,2025-04-30,"Depredated by Known Predator","Common raven",,,"No",,,"No",,,"No",,"av:pa","unknown",,,,"In area where adult was lost last year. Did not exclose-2025-04-23; Nest depredated by CORA; tracks leading to nest-2025-04-30",,"Accepted",2026-04-22 09:53:34,"ksherrill","Event","HumanObservation"
"PORE","Point Reyes National Seashore","L02_1997","{AAECB23A-DD1B-4289-A95D-BD34276088B9}","L","Limantour Beach",1997,,,"Charadrius nivosus","Western Snowy Plover","824030",-122.912126161355,38.0294751449921,"GCS","NAD83","Map",1997-05-09,,,,,,,,,,,,,,,"No","No",,"No",,,,3,0,0,,,,,,"No",,,"No",,,"No",,,,,,,"washed out",,"Raw",2019-06-24 11:15:22,"swakamiya","Event","HumanObservation"
"PORE","Point Reyes National Seashore","L02_1998","{AAECB23A-DD1B-4289-A95D-BD34276088B9}","L","Limantour Beach",1998,,,"Charadrius nivosus","Western Snowy Plover","824030",-122.911988080462,38.0306016481376,"GCS","NAD83","Map",1998-06-15,,"Triangle",,,,,,,,,,,,,"No","No",,"No",,,,3,2,2,,,,,,"No",,,"No",,,"No",,"Y/PV",,,,,,,"Raw",2019-06-24 11:15:22,"swakamiya","Event","HumanObservation"
"PORE","Point Reyes National Seashore","L02_1999","{AAECB23A-DD1B-4289-A95D-BD34276088B9}","L","Limantour Beach",1999,,,"Charadrius nivosus","Western Snowy Plover","824030",-122.906110634587,38.0289026855948,"GCS","NAD83",,1999-06-14,,"Square",,,,,,,,,,,,,"No","No",,"No",,,,1,0,0,,,,,,"No",,,"No",,,"No",,,,,,,"abandoned nest",,"Raw",2019-06-24 11:15:22,"swakamiya","Event","HumanObservation"
"PORE","Point Reyes National Seashore","L02_2000","{AAECB23A-DD1B-4289-A95D-BD34276088B9}","L","Limantour Beach",2000,,,"Charadrius nivosus","Western Snowy Plover","824030",-122.910791998151,38.0303123355045,"GCS","NAD83",,2000-05-01,,,,,,,,,,,,,,,"No","No",,"No",,,,3,0,0,2000-05-08,"Abandoned",,,,"No",,,"No",,,"No",,"-/S",,,,,"Abandoned 3 eggs",,"Raw",2019-06-24 11:15:22,"swakamiya","Event","HumanObservation"
"PORE","Point Reyes National Seashore","L02_2015","{AAECB23A-DD1B-4289-A95D-BD34276088B9}","L","Limantour Beach",2015,,,"Charadrius nivosus","Western Snowy Plover","824030",-122.895299088806,38.0277218843252,"GCS","NAD83","Garmin",2015-07-21,,"None","SKWE","Yes","No","Yes","Yes","No","No","Yes","No","No","No","No","No","No",2015-07-02,"No",,,,3,,,2015-07-29,"Failed - Unknown",,,,"No",,,"No",,,"No",,"og:yr","Unknown",,,,"Nest fate is unknown, eggs gone close to hatch date, unsure if lost right before hatching or right after hatching. No sign of chicks. Male possibly nw:ny. Initiation date estimated based on adult behavior.",,"Raw",2019-06-24 11:15:22,"swakamiya","Event","HumanObservation"
"PORE","Point Reyes National Seashore","L02_2016","{AAECB23A-DD1B-4289-A95D-BD34276088B9}","L","Limantour Beach",2016,,,"Charadrius nivosus","Western Snowy Plover","824030",-122.913983893993,38.0290979789152,"GCS","NAD83","Garmin",2016-06-05,2016-06-05,"Round","SWE","Yes","No","No","Yes","No","No","Yes","No","No","No","No","No","No",,"Yes",2016-06-26,2016-07-24,2016-06-28,2,2,2,,,,,,"No",,,"No",,,"No",,"x:x","x:x",,,,,,"Raw",2019-06-24 11:15:22,"swakamiya","Event","HumanObservation"
"PORE","Point Reyes National Seashore","L02_2017","{AAECB23A-DD1B-4289-A95D-BD34276088B9}","L","Limantour Beach",2017,,,"Charadrius nivosus","Western Snowy Plover","824030",-122.8795797401,38.0249218637923,"GCS","NAD83","Garmin",2017-04-20,2017-04-21,"Round","SKWE","Yes","No","Yes","Yes","No","No","Yes","No","No","No","No","No","No",2017-04-19,"No",2017-05-21,2017-06-18,2017-05-22,3,3,3,,,,,,"No",,,"No",,,"No",,"av:bb","bg:bb",,,,,,"Raw",2019-06-24 11:15:22,"swakamiya","Event","HumanObservation"
"PORE","Point Reyes National Seashore","L02_2018","{AAECB23A-DD1B-4289-A95D-BD34276088B9}","L","Limantour Beach",2018,,,"Charadrius nivosus","Western Snowy Plover","824030",-122.904948227,38.0290459572766,"GCS","NAD83","Garmin",2018-04-17,,,"STE","Yes","No","No","No","Yes","No","Yes","No","No","No","No","No","No",2018-04-17,"No",,,,2,0,0,2018-04-23,"Unknown",,,,"No",,,"No",,,"No",,"av:bg","x:x",,,,,,"Raw",2019-06-24 11:15:22,"swakamiya","Event","HumanObservation"
"PORE","Point Reyes National Seashore","L02_2019","{AAECB23A-DD1B-4289-A95D-BD34276088B9}","L","Limantour Beach",2019,,,"Charadrius nivosus","Western Snowy Plover","824030",-122.879556864176,38.0249759175037,"GCS","NAD83","Garmin",2019-05-30,,,"SVE","Yes","No","No","No","No","Yes","Yes","No","No","No","No","No","No",,"Yes",,,,,,,2019-06-07,"Unknown Depredation",,,,"No",,,"No",,,"No",,"av:bg","x:x",,,,"6/7/19 - R. DiGaudio - Scrape and plover tracks erased by recent high winds (yesterday was very windy). There are skunk tracks leading past where nest was, but unclear if skunk is the culprit. Pair is roosting together in front of the main beach access.",,"Raw",2019-08-23 14:07:45,"mlau","Event","HumanObservation"
"PORE","Point Reyes National Seashore","L02_2020","{AAECB23A-DD1B-4289-A95D-BD34276088B9}","L","Limantour Beach",2020,,,"Charadrius nivosus","Western Snowy Plover","824030",-122.895800469256,38.0276952911587,"GCS","NAD83","Garmin",2020-05-18,,"None","SKE","Yes","No","Yes","No","No","No","Yes","No","No","No","No","No","No",2020-05-17,"No",,,,1,0,0,2020-05-28,"Abandoned",,,,"No",,,"No",,,"No",,"av:bg","av:ww",,,,,,"Raw",2020-09-18 11:11:21,"mjayl","Event","HumanObservation"
"PORE","Point Reyes National Seashore","L02_2021","{AAECB23A-DD1B-4289-A95D-BD34276088B9}","L","Limantour Beach",2021,,,"Charadrius nivosus","Western Snowy Plover","824030",-122.896535213572,38.0278221199523,"GCS","NAD83",,2021-05-19,2021-05-19,"Mini-Exclosure","SWKE","Yes","No","Yes","Yes","No","No","Yes","No","No","No","No","No","No",,"Yes",2021-06-15,2021-07-12,2021-06-16,3,3,1,,,,,,"No",,,"No",,,"No",,"av:bg","x:x",,,,,,"Accepted",2021-12-13 10:32:03,"EEdson","Event","HumanObservation"
"PORE","Point Reyes National Seashore","L02_2022","{AAECB23A-DD1B-4289-A95D-BD34276088B9}","L","Limantour Beach",2022,,,"Charadrius nivosus","Western Snowy Plover","824030",-122.898258866456,38.0280282158405,"GCS","NAD83",,2022-04-08,,"None","SKWE","Yes","No","Yes","Yes","No","No","Yes","No","No","No","No","No","No",,"Yes",,,,1,0,0,2022-04-11,"Unknown",,,,"No",,,"No",,,"No",,"unk","unk",,,,,,"Provisional",2022-11-01 11:11:19,"mlau","Event","HumanObservation"
"PORE","Point Reyes National Seashore","L02_2023","{AAECB23A-DD1B-4289-A95D-BD34276088B9}","L","Limantour Beach",2023,,,"Charadrius nivosus","Western Snowy Plover","824030",-122.907898137029,38.0291177029859,"GCS","WGS84",,2023-04-17,2023-04-18,"Mini-Exclosure","SWVE","Yes","No","No","Yes","No","Yes","Yes","No","No","No","No","No","No",2023-04-16,"No",2023-05-21,2023-06-17,2023-05-21,3,3,2,,,,,,"No",,,"No",,,"No",,"va:aa","av:vo",,,,,,"Provisional",2023-09-13 12:32:43,"mjayl","Event","HumanObservation"
"PORE","Point Reyes National Seashore","L02_2024","{AAECB23A-DD1B-4289-A95D-BD34276088B9}","L","Limantour Beach",2024,,,"Charadrius nivosus","Western Snowy Plover","824030",-122.90794,38.02908,"GCS","WGS84",,2024-04-03,2024-04-03,"Mini-Exclosure","SWKE","Yes","No","Yes","Yes","No","No","Yes","No","No","No","No","No","No",2024-04-03,"No",2024-05-10,2024-06-06,2024-05-10,3,2,2,,,,,,"No",,,"No",,,"No",,"va:aa","av:vo",,,,"Microhabitat of nest includes dried Velella velella.",,"Accepted",2026-04-22 09:55:16,"ksherrill","Event","HumanObservation"
"PORE","Point Reyes National Seashore","L02_2025","{AAECB23A-DD1B-4289-A95D-BD34276088B9}","L","Limantour Beach",2025,,,"Charadrius nivosus","Western Snowy Plover","824030",-122.905281555454,38.0296686941173,"GCS","WGS84",,2025-04-24,2025-04-30,"Round","SKWE","Yes","No","Yes","Yes","No","No","Yes","No","No","No","No","No","No",,"No",,,,3,0,0,2025-05-06,"Wind",,,,"No",,,"No",,,"No",,"x:x","unknown",,,,"no eggs found nearby or after digging around ME. no tracks seen nearby. xx f around, av:rv scraping next to ME. ME returned to cache. -2025-05-06",,"Accepted",2026-04-22 09:53:34,"ksherrill","Event","HumanObservation"
"PORE","Point Reyes National Seashore","L03_1997","{AAECB23A-DD1B-4289-A95D-BD34276088B9}","L","Limantour Beach",1997,,,"Charadrius nivosus","Western Snowy Plover","824030",-122.903512716489,38.0289095952389,"GCS","NAD83","Map",1997-05-23,,,,,,,,,,,,,,,"No","No",,"No",,,,3,0,0,,,,,,"No",,,"No",,,"No",,,,,,,"washed out",,"Raw",2019-06-24 11:15:22,"swakamiya","Event","HumanObservation"
"PORE","Point Reyes National Seashore","L03_1999","{AAECB23A-DD1B-4289-A95D-BD34276088B9}","L","Limantour Beach",1999,,,"Charadrius nivosus","Western Snowy Plover","824030",-122.905186660331,38.0297040879833,"GCS","NAD83",,1999-06-17,,"Triangle",,,,,,,,,,,,,"No","No",,"No",,,,4,0,0,,,,,,"No",,,"No",,,"No",,,,,,,"abandoned nest - unknown - high tide close to nest",,"Raw",2019-06-24 11:15:22,"swakamiya","Event","HumanObservation"
"PORE","Point Reyes National Seashore","L03_2000","{AAECB23A-DD1B-4289-A95D-BD34276088B9}","L","Limantour Beach",2000,,,"Charadrius nivosus","Western Snowy Plover","824030",-122.920820112531,38.0294723083003,"GCS","NAD83",,2000-05-26,,,,,,,,,,,,,,,"No","No",,"No",,,,3,0,0,2000-06-13,"Wind",,,,"No",,,"No",,,"No",,,"PR/YO",,,,"Abandoned 3 eggs, wind/high tide",,"Raw",2019-06-24 11:15:22,"swakamiya","Event","HumanObservation"
"PORE","Point Reyes National Seashore","L03_2016","{AAECB23A-DD1B-4289-A95D-BD34276088B9}","L","Limantour Beach",2016,,,"Charadrius nivosus","Western Snowy Plover","824030",-122.907865225453,38.0290122278248,"GCS","NAD83","Garmin",2016-06-25,,"None","SVE","Yes","No","No","No","No","Yes","Yes","No","No","No","No","No","No",2016-06-22,"No",2016-07-25,2016-08-22,2016-07-13,3,2,1,,,,,,"No",,,"No",,,"No",,"wr:ar","x:x",,,,"Nest was washed over by high tide; single egg remained in cup. ML/TK found 2nd egg and returned it to cup. Third egg was found a week later, nearby, and put back in cup.",,"Raw",2019-06-24 11:15:22,"swakamiya","Event","HumanObservation"
"PORE","Point Reyes National Seashore","L03_2017","{AAECB23A-DD1B-4289-A95D-BD34276088B9}","L","Limantour Beach",2017,"OUC","Predator Type for Skunk unsure","Charadrius nivosus","Western Snowy Plover","824030",-122.88009213346,38.0251206702884,"GCS","NAD83","Garmin",2017-04-26,2017-04-28,"Round","SWE","Yes","No","No","Yes","No","No","Yes","No","No","No","No","No","No",2017-04-26,"No",,,,3,0,0,2017-05-25,"Unknown Depredation","Skunk",,,"No",,,"No",,,"No",,"ab:rl","x:x",,,,,,"Raw",2019-06-24 11:15:22,"swakamiya","Event","HumanObservation"
"PORE","Point Reyes National Seashore","L03_2018","{AAECB23A-DD1B-4289-A95D-BD34276088B9}","L","Limantour Beach",2018,,,"Charadrius nivosus","Western Snowy Plover","824030",-122.906817048582,38.0289302861217,"GCS","NAD83","Garmin",2018-04-17,2018-04-19,"Round","SRE","Yes","Yes","No","No","No","No","Yes","No","No","No","No","No","No",2018-04-08,"No",2018-05-16,,2018-05-16,3,3,0,,"Unknown",,,,"No",,,"No",,,"No",,"x:x","x:x",,,,,,"Raw",2019-06-24 11:15:22,"swakamiya","Event","HumanObservation"
"PORE","Point Reyes National Seashore","L03_2019","{AAECB23A-DD1B-4289-A95D-BD34276088B9}","L","Limantour Beach",2019,,,"Charadrius nivosus","Western Snowy Plover","824030",-122.906851117454,38.0290204416441,"GCS","NAD83","Garmin",2019-06-07,,,"SWD","Yes","No","No","Yes","No","No","No","Yes","No","No","No","No","No",,"Yes",2019-07-01,2019-07-28,2019-07-01,3,3,1,,,,2019-07-06,6,"No",2019-07-06,6,"No",,,"No",,"x:x","x:x",,,,,,"Raw",2019-08-23 14:09:59,"mlau","Event","HumanObservation"
"PORE","Point Reyes National Seashore","L03_2020","{AAECB23A-DD1B-4289-A95D-BD34276088B9}","L","Limantour Beach",2020,,,"Charadrius nivosus","Western Snowy Plover","824030",-122.896882583729,38.0279305793552,"GCS","NAD83","Garmin",2020-05-28,2020-05-28,"Round",,,,,,,,,,,,,"No","No",,"Yes",2020-06-22,2020-07-19,2020-06-25,3,3,0,,,,,,"No",,,"No",,,"No",,"av:bg","av:ww",,,,"No microshabitat code recorded.",,"Provisional",2020-09-18 11:08:50,"mjayl","Event","HumanObservation"
"PORE","Point Reyes National Seashore","L03_2021","{AAECB23A-DD1B-4289-A95D-BD34276088B9}","L","Limantour Beach",2021,,,"Charadrius nivosus","Western Snowy Plover","824030",-122.907660229081,38.028930951335,"GCS","NAD83",,2021-07-12,2021-07-13,"Mini-Exclosure","SKWE","Yes","No","Yes","Yes","No","No","Yes","No","No","No","No","No","No",,"Yes",2021-08-07,2021-09-05,2021-08-09,3,3,1,,,,2021-08-08,1,"No",2021-08-08,1,"No",,,"No",,"av:bg","av:ww",,,,,,"Accepted",2021-12-13 10:32:03,"EEdson","Event","HumanObservation"
"PORE","Point Reyes National Seashore","L03_2022","{AAECB23A-DD1B-4289-A95D-BD34276088B9}","L","Limantour Beach",2022,,,"Charadrius nivosus","Western Snowy Plover","824030",-122.897518285663,38.027997830267,"GCS","NAD83",,2022-04-11,2022-04-15,"Mini-Exclosure","SRVWKE","Yes","Yes","Yes","Yes","No","Yes","Yes","No","No","No","No","No","No",2022-04-11,"No",2022-05-16,2022-06-12,2022-05-16,3,3,1,,,,,,"No",,,"No",,,"No",,"av:bg","av:ww",,,,"Two of the three chicks hatched with abnormal injuries - One chick had an injury on top of its head and over left eye, where the skin was broken and pulled back revealing the skull. The other chick had something wrong with its eyes such that they appeared swollen shut- its left eye had a black injury or tumor below its eyelid, and the right eye appeared stuck shut (photos taken). Decided not to band chicks given their condition.",,"Provisional",2022-08-20 17:56:38,"mlau","Event","HumanObservation"
"PORE","Point Reyes National Seashore","L03_2023","{AAECB23A-DD1B-4289-A95D-BD34276088B9}","L","Limantour Beach",2023,,,"Charadrius nivosus","Western Snowy Plover","824030",-122.905499050045,38.0295628367063,"GCS","WGS84",,2023-05-16,2023-05-16,"Mini-Exclosure","SWVE","Yes","No","No","Yes","No","Yes","Yes","No","No","No","No","No","No",2023-05-14,"No",2023-06-16,2023-07-14,2023-06-20,3,3,2,,,,,,"No",,,"No",,,"No",,"yb:by","oa:br",,,,,,"Provisional",2023-09-13 12:35:08,"mjayl","Event","HumanObservation"
"PORE","Point Reyes National Seashore","L03_2024","{AAECB23A-DD1B-4289-A95D-BD34276088B9}","L","Limantour Beach",2024,,,"Charadrius nivosus","Western Snowy Plover","824030",-122.903767,38.02886,"GCS","WGS84",,2024-05-06,2024-05-06,"Mini-Exclosure","SW","Yes","No","No","Yes","No","No","No","No","No","No","No","No","No",,"Yes",,,,2,,,2024-05-21,"Wind",,,,"No",,,"No",,,"No",,"x:x",,,,,"Male unconfirmed. Va:ba or x:x?",,"Accepted",2026-04-22 09:55:16,"ksherrill","Event","HumanObservation"
"PORE","Point Reyes National Seashore","L03_2025","{AAECB23A-DD1B-4289-A95D-BD34276088B9}","L","Limantour Beach",2025,,,"Charadrius nivosus","Western Snowy Plover","824030",-122.902118907101,38.0286328389854,"GCS","WGS84",,2025-04-24,2025-04-30,"Square","SKW","Yes","No","Yes","Yes","No","No","No","No","No","No","No","No","No",,"No",2025-05-26,2025-06-23,,3,3,3,,,,,,"No",,,"No",,,"No",,"rb:vw","x:x",,,,"3 eggs, ME fine. vw:rb F flushed off nest and returned to incubate. as:pv M nearby, chasing xx M. -2025-05-06; f incubating on first pass. returned on walk back, flushed rbvw off, 3 eggs, me good. -2025-05-09; 3 eggs, ME good. rbvw nearby-2025-05-20; xx a",,"Accepted",2026-04-22 09:53:34,"ksherrill","Event","HumanObservation"
"PORE","Point Reyes National Seashore","L04_1997","{AAECB23A-DD1B-4289-A95D-BD34276088B9}","L","Limantour Beach",1997,,,"Charadrius nivosus","Western Snowy Plover","824030",-122.905779922083,38.029118729509,"GCS","NAD83","Map",1997-05-29,,,,,,,,,,,,,,,"No","No",,"No",,,,3,2,1,,,,,,"No",,,"No",,,"No",,,,,,,,,"Raw",2019-06-24 11:15:22,"swakamiya","Event","HumanObservation"
"PORE","Point Reyes National Seashore","L04_1999","{AAECB23A-DD1B-4289-A95D-BD34276088B9}","L","Limantour Beach",1999,,,"Charadrius nivosus","Western Snowy Plover","824030",-122.9049025564,38.0291180231664,"GCS","NAD83",,1999-06-29,,,,,,,,,,,,,,,"No","No",,"No",,,,3,0,0,,,,,,"No",,,"No",,,"No",,,,,,,"not exclosed - washed out by high tide",,"Raw",2019-06-24 11:15:22,"swakamiya","Event","HumanObservation"
"PORE","Point Reyes National Seashore","L04_2017","{AAECB23A-DD1B-4289-A95D-BD34276088B9}","L","Limantour Beach",2017,,,"Charadrius nivosus","Western Snowy Plover","824030",-122.906771414149,38.0289753142104,"GCS","NAD83","Garmin",2017-05-09,,"None","SWTE","Yes","No","No","Yes","Yes","No","Yes","No","No","No","No","No","No",2017-05-08,"No",,,,3,0,0,2017-05-26,"Depredated by Known Predator","Common raven",,,"No",,,"No",,,"No",,"x:x","x:x",,,,,,"Raw",2019-06-24 11:15:22,"swakamiya","Event","HumanObservation"
"PORE","Point Reyes National Seashore","L04_2018","{AAECB23A-DD1B-4289-A95D-BD34276088B9}","L","Limantour Beach",2018,,,"Charadrius nivosus","Western Snowy Plover","824030",-122.880650821025,38.0248778915624,"GCS","NAD83","Garmin",2018-04-23,,"None","SKE","Yes","No","Yes","No","No","No","Yes","No","No","No","No","No","No",,"Yes",2018-05-22,,,3,3,0,,"Unknown",,,,"No",,,"No",,,"No",,"ab:rl","x:x",,,,"Nest hatched on extremely windy day. R. DiGaudio attempted to go band on day of hatch but didn't make an attempt due to wind; couldn't find chicks. On proceeding days, RD went to nest cup and found a single dead chick skeleton, right at nest cup.",,"Raw",2019-06-24 11:15:22,"swakamiya","Event","HumanObservation"
"PORE","Point Reyes National Seashore","NP01_2010","{764DC5D8-DDE7-49E6-B146-A9328A9BB8B6}","NP","North Beach - Abbott's",2010,,,"Charadrius nivosus","Western Snowy Plover","824030",-122.961410005659,38.1106798660284,"GCS","NAD83","Garmin",2010-04-07,2010-04-07,"Square","STE","Yes","No","No","No","Yes","No","Yes","No","No","No","No","No","No",,"No",,,,3,0,0,2010-04-10,"Abandoned",,,,"No",,,"No",,,"No",,,,,,,"Unknown initiation date, failure date is approximate because it happened during a weekend",,"Raw",2019-06-24 11:15:22,"swakamiya","Event","HumanObservation"
"PORE","Point Reyes National Seashore","NP01_2011","{764DC5D8-DDE7-49E6-B146-A9328A9BB8B6}","NP","North Beach - Abbott's",2011,"ODEC","Micro Habitat was R,KE - changed to RKE","Charadrius nivosus","Western Snowy Plover","824030",-122.966046337235,38.0997127950872,"GCS","NAD83","Garmin",2011-04-18,2011-04-20,"Square","RKE","No","Yes","Yes","No","No","No","Yes","No","No","No","No","No","No",2011-04-17,"No",2011-05-20,,,3,3,0,,,,2011-05-22,2,"Yes",2011-05-22,2,"Yes",2011-05-22,2,"Yes",,,,,,,,,"Raw",2019-06-24 11:15:22,"swakamiya","Event","HumanObservation"
"PORE","Point Reyes National Seashore","NP01_2012","{764DC5D8-DDE7-49E6-B146-A9328A9BB8B6}","NP","North Beach - Abbott's",2012,,,"Charadrius nivosus","Western Snowy Plover","824030",-122.959102373008,38.1167987255566,"GCS","NAD83","Garmin",2012-04-30,2012-04-30,"Round","RKWD","No","Yes","Yes","Yes","No","No","No","Yes","No","No","No","No","No",2012-04-29,"No",,,,3,,,2012-05-25,"Wind",,,,"No",,,"No",,,"No",,,,2012-06-08,"wildlife freezer",,,,"Raw",2019-06-24 11:15:22,"swakamiya","Event","HumanObservation"
"PORE","Point Reyes National Seashore","NP01_2014","{764DC5D8-DDE7-49E6-B146-A9328A9BB8B6}","NP","North Beach - Abbott's",2014,,,"Charadrius nivosus","Western Snowy Plover","824030",-122.964493498838,38.1032543444184,"GCS","NAD83","Garmin",2014-03-24,,"None","SWKE","Yes","No","Yes","Yes","No","No","Yes","No","No","No","No","No","No",,"No",,,,3,0,0,2014-04-07,"Unknown Depredation",,,,"No",,,"No",,,"No",,,,,,,"Initiation date unknown because found as 3egg nest and it failed. Did not exclose nest because found it as a 3 egg nest and it was early in the season. Additionally, in the AT&T area which had good success in 2013 of unexclosed nests.",,"Raw",2019-06-24 11:15:22,"swakamiya","Event","HumanObservation"
"PORE","Point Reyes National Seashore","NP01_2015","{764DC5D8-DDE7-49E6-B146-A9328A9BB8B6}","NP","North Beach - Abbott's",2015,,,"Charadrius nivosus","Western Snowy Plover","824030",-122.971617229359,38.0865466351722,"GCS","NAD83","Garmin",2015-03-30,2015-03-30,"Round","RKE","No","Yes","Yes","No","No","No","Yes","No","No","No","No","No","No",2015-03-29,"No",,,,3,,,2015-04-23,"Tide",,,,"No",,,"No",,,"No",,,,,,,,,"Raw",2019-06-24 11:15:22,"swakamiya","Event","HumanObservation"
"PORE","Point Reyes National Seashore","NP01_2016","{764DC5D8-DDE7-49E6-B146-A9328A9BB8B6}","NP","North Beach - Abbott's",2016,,,"Charadrius nivosus","Western Snowy Plover","824030",-122.966000795273,38.0995415397335,"GCS","NAD83","Garmin",2016-04-01,,"None","SWE","Yes","No","No","Yes","No","No","Yes","No","No","No","No","No","No",,"Yes",,,,2,0,0,2016-04-04,"Unknown",,,,"No",,,"No",,,"No",,"x:x","x:x",,,,,,"Raw",2019-06-24 11:15:22,"swakamiya","Event","HumanObservation"
"PORE","Point Reyes National Seashore","NP01_2017","{764DC5D8-DDE7-49E6-B146-A9328A9BB8B6}","NP","North Beach - Abbott's",2017,,,"Charadrius nivosus","Western Snowy Plover","824030",-122.967245107477,38.0970002980297,"GCS","NAD83",,2017-04-12,,"None","SWE","Yes","No","No","Yes","No","No","Yes","No","No","No","No","No","No",2017-04-11,"No",,,,2,0,0,2017-04-17,"Failed - Unknown",,,,"No",,,"No",,,"No",,"x:x","x:x",,,,,,"Raw",2019-06-24 11:15:22,"swakamiya","Event","HumanObservation"
"PORE","Point Reyes National Seashore","NP01_2018","{764DC5D8-DDE7-49E6-B146-A9328A9BB8B6}","NP","North Beach - Abbott's",2018,,,"Charadrius nivosus","Western Snowy Plover","824030",-122.959685502999,38.1143925303464,"GCS","NAD83","Garmin",2018-04-13,,"None","RWT","No","Yes","No","Yes","Yes","No","No","No","No","No","No","No","Yes",2018-04-11,"No",,,,3,0,0,2018-04-19,"Unknown Depredation","Unknown predator type",,,"No",,,"No",,,"No",,"x:x","x:x",,,,,,"Raw",2019-06-24 11:15:22,"swakamiya","Event","HumanObservation"
"PORE","Point Reyes National Seashore","NP01_2019","{764DC5D8-DDE7-49E6-B146-A9328A9BB8B6}","NP","North Beach - Abbott's",2019,,,"Charadrius nivosus","Western Snowy Plover","824030",-122.974219491033,38.0799588985447,"GCS","NAD83","Garmin",2019-04-08,,,"SWE","Yes","No","No","Yes","No","No","Yes","No","No","No","No","No","No",2019-04-07,"No",,,,2,,,2019-04-09,"Depredated by Known Predator","Common raven",,,"No",,,"No",,,"No",,"x:x","as:or",,,,"M. Lau observed a pair of CORA flying low above nest; both kited above nest and then flew down and grabbed eggs.",,"Raw",2019-08-23 13:19:53,"mlau","Event","HumanObservation"
"PORE","Point Reyes National Seashore","NP01_2020","{764DC5D8-DDE7-49E6-B146-A9328A9BB8B6}","NP","North Beach - Abbott's",2020,,,"Charadrius nivosus","Western Snowy Plover","824030",-122.974231393011,38.0785348822131,"GCS","NAD83","Garmin",2020-04-10,2020-04-10,"Round","SRE","Yes","Yes","No","No","No","No","Yes","No","No","No","No","No","No",,"Yes",2020-05-08,2020-06-04,2020-05-09,3,3,2,,,,,,"No",,,"No",,,"No",,"as:gy","x:w",,,,,,"Provisional",2020-09-18 11:40:36,"mjayl","Event","HumanObservation"
"PORE","Point Reyes National Seashore","NP01_2021","{764DC5D8-DDE7-49E6-B146-A9328A9BB8B6}","NP","North Beach - Abbott's",2021,,,"Charadrius nivosus","Western Snowy Plover","824030",-122.974016666371,38.0795758108429,"GCS","NAD83",,2021-04-08,,"None","SVE","Yes","No","No","No","No","Yes","Yes","No","No","No","No","No","No",2021-04-08,"No",,,,1,0,0,2021-04-11,"Unknown Depredation",,,,"No",,,"No",,,"No",,"x:x","x:x",,,,,,"Accepted",2021-12-13 10:32:03,"EEdson","Event","HumanObservation"
"PORE","Point Reyes National Seashore","NP01_2022","{764DC5D8-DDE7-49E6-B146-A9328A9BB8B6}","NP","North Beach - Abbott's",2022,,,"Charadrius nivosus","Western Snowy Plover","824030",-122.961169496703,38.1103409081518,"GCS","NAD83",,2022-04-04,2022-04-06,"Mini-Exclosure","SRWE","Yes","Yes","No","Yes","No","No","Yes","No","No","No","No","No","Yes",2022-04-04,"No",,,,2,0,0,2022-04-13,"Unknown",,,,"No",,,"No",,,"No",,"av:ow","(r)/g:g",,,,,,"Provisional",2022-11-01 09:30:51,"mlau","Event","HumanObservation"
"PORE","Point Reyes National Seashore","NP01_2023","{764DC5D8-DDE7-49E6-B146-A9328A9BB8B6}","NP","North Beach - Abbott's",2023,,,"Charadrius nivosus","Western Snowy Plover","824030",-122.971278146743,38.0875821186073,"GCS","WGS84",,2023-04-11,2023-04-13,"Mini-Exclosure","SRWE","Yes","Yes","No","Yes","No","No","Yes","No","No","No","No","No","No",2023-04-11,"No",2023-05-15,,2023-05-15,3,3,0,,,,,,"No",,,"No",,,"No",,"av:rg","as:yy",,,,,,"Raw",2023-09-13 13:10:46,"mjayl","Event","HumanObservation"
"PORE","Point Reyes National Seashore","NP01_2024","{764DC5D8-DDE7-49E6-B146-A9328A9BB8B6}","NP","North Beach - Abbott's",2024,,,"Charadrius nivosus","Western Snowy Plover","824030",-122.95955,38.114634,"GCS","WGS84",,2024-04-05,2024-04-05,"Mini-Exclosure","SWE","Yes","No","No","Yes","No","No","Yes","No","No","No","No","No","Yes",,"Yes",2024-04-28,2024-05-25,2024-04-28,3,3,0,,,,,,"No",,,"No",,,"No",,"av:ya","x:x",,,,,,"Accepted",2026-04-22 09:55:16,"ksherrill","Event","HumanObservation"
"PORE","Point Reyes National Seashore","NP01_2025","{764DC5D8-DDE7-49E6-B146-A9328A9BB8B6}","NP","North Beach - Abbott's",2025,,,"Charadrius nivosus","Western Snowy Plover","824030",-122.971275597811,38.0873419018462,"GCS","WGS84",,2025-03-28,2025-04-08,"Round","SKWE","Yes","No","Yes","Yes","No","No","Yes","No","No","No","No","No","No",,"No",,,,3,0,0,2025-05-05,"Wind",,,,"No",,,"No",,,"No",,"by:gr","rv:bb",,,,"All eggs cracked, not much tapping. bygrF and rvbbM pair present. XxF also nearby-2025-04-29; No eggs in nest and adults acting agitated. Unable to determine if chicks present or loss-2025-05-05",,"Accepted",2026-04-22 09:53:34,"ksherrill","Event","HumanObservation"
"PORE","Point Reyes National Seashore","NP02_1997","{764DC5D8-DDE7-49E6-B146-A9328A9BB8B6}","NP","North Beach - Abbott's",1997,,,"Charadrius nivosus","Western Snowy Plover","824030",-122.963237723369,38.1055071430559,"GCS","NAD83","Map",1997-04-14,,,,,,,,,,,,,,,"No","No",,"No",,,,3,3,2,,,,,,"No",,,"No",,,"No",,,,,,,,,"Raw",2019-06-24 11:15:22,"swakamiya","Event","HumanObservation"
"PORE","Point Reyes National Seashore","NP02_1998","{764DC5D8-DDE7-49E6-B146-A9328A9BB8B6}","NP","North Beach - Abbott's",1998,,,"Charadrius nivosus","Western Snowy Plover","824030",-122.970213499413,38.0893222192911,"GCS","NAD83","Map",1998-04-17,,"Triangle",,,,,,,,,,,,,"No","No",,"No",,,,3,3,2,,,,,,"No",,,"No",,,"No",,,,,,,,,"Raw",2019-06-24 11:15:22,"swakamiya","Event","HumanObservation"
"PORE","Point Reyes National Seashore","NP02_1999","{764DC5D8-DDE7-49E6-B146-A9328A9BB8B6}","NP","North Beach - Abbott's",1999,,,"Charadrius nivosus","Western Snowy Plover","824030",-122.969608266776,38.091340922788,"GCS","NAD83",,1999-04-19,,"Square",,,,,,,,,,,,,"No","No",,"No",,,,3,3,2,,,,,,"No",,,"No",,,"No",,,"YGY/R",,,,,,"Raw",2019-06-24 11:15:22,"swakamiya","Event","HumanObservation"
"PORE","Point Reyes National Seashore","NP02_2000","{764DC5D8-DDE7-49E6-B146-A9328A9BB8B6}","NP","North Beach - Abbott's",2000,,,"Charadrius nivosus","Western Snowy Plover","824030",-122.966879898318,38.0975589861784,"GCS","NAD83",,2000-03-31,,,,,,,,,,,,,,,"No","No",,"No",,,,3,3,0,,,,,,"No",,,"No",,,"No",,,,,,,"Fledged 0",,"Raw",2019-06-24 11:15:22,"swakamiya","Event","HumanObservation"
"PORE","Point Reyes National Seashore","NP02_2001","{764DC5D8-DDE7-49E6-B146-A9328A9BB8B6}","NP","North Beach - Abbott's",2001,,,"Charadrius nivosus","Western Snowy Plover","824030",-122.968957772267,38.0924403093036,"GCS","NAD83","Pro Xr",2001-03-30,,"None",,,,,,,,,,,,,"No","No",,"No",,,,1,0,0,,,,,,"No",,,"No",,,"No",,"AR/YL","YGY/R",,,,"Predation: Raven",,"Raw",2019-06-24 11:15:22,"swakamiya","Event","HumanObservation"
"PORE","Point Reyes National Seashore","NP02_2002","{764DC5D8-DDE7-49E6-B146-A9328A9BB8B6}","NP","North Beach - Abbott's",2002,,,"Charadrius nivosus","Western Snowy Plover","824030",-122.961204230994,38.1115269947761,"GCS","NAD83","Garmin 3+",2002-04-12,,"Square",,,,,,,,,,,,,"No","No",2002-04-12,"No",,,,1,0,0,,,,,,"No",,,"No",,,"No",,"PA/AP","  / W",,,,"Buried 1 egg",,"Raw",2019-06-24 11:15:22,"swakamiya","Event","HumanObservation"
"PORE","Point Reyes National Seashore","NP02_2003","{764DC5D8-DDE7-49E6-B146-A9328A9BB8B6}","NP","North Beach - Abbott's",2003,,,"Charadrius nivosus","Western Snowy Plover","824030",-122.968135711456,38.0946482144988,"GCS","NAD83","Garmin 3+",2003-04-15,,"Square",,,,,,,,,,,,,"No","No",2003-04-15,"No",,,,3,0,0,2003-05-09,"Abandoned",,,,"No",,,"No",,,"No","Unknown",,,,,,"abandoned/unknown cause",,"Raw",2019-06-24 11:15:22,"swakamiya","Event","HumanObservation"
"PORE","Point Reyes National Seashore","NP02_2004","{764DC5D8-DDE7-49E6-B146-A9328A9BB8B6}","NP","North Beach - Abbott's",2004,,,"Charadrius nivosus","Western Snowy Plover","824030",-122.961809791395,38.1096435326663,"GCS","NAD83","Garmin 3+",2004-04-16,,"Square",,,,,,,,,,,,,"No","No",2004-04-16,"No",2004-05-15,,,3,3,0,,,,,,"No",,,"No",,,"No",,"PA:AP","--:B",,,," all chicks lost w/in days CORA near day",,"Raw",2019-06-24 11:15:22,"swakamiya","Event","HumanObservation"
"PORE","Point Reyes National Seashore","NP02_2005","{764DC5D8-DDE7-49E6-B146-A9328A9BB8B6}","NP","North Beach - Abbott's",2005,,,"Charadrius nivosus","Western Snowy Plover","824030",,,,,,2005-04-22,,"Unknown",,,,,,,,,,,,,"No","No",,"No",,,,1,,,2005-04-24,"Failed - Unknown",,,,"No",,,"No",,,"No",,"pa:ap",":b",,,,,,"Raw",2019-06-24 11:15:22,"swakamiya","Event","HumanObservation"
"PORE","Point Reyes National Seashore","NP02_2006","{764DC5D8-DDE7-49E6-B146-A9328A9BB8B6}","NP","North Beach - Abbott's",2006,,,"Charadrius nivosus","Western Snowy Plover","824030",,,,,,2006-04-20,,"Unknown",,,,,,,,,,,,,"No","No",,"No",2006-05-23,,,3,3,0,,,,,,"No",,,"No",,,"No",,,,,,,,,"Raw",2019-06-24 11:15:22,"swakamiya","Event","HumanObservation"
"PORE","Point Reyes National Seashore","NP02_2007","{764DC5D8-DDE7-49E6-B146-A9328A9BB8B6}","NP","North Beach - Abbott's",2007,,,"Charadrius nivosus","Western Snowy Plover","824030",,,,,,2007-04-03,,"Unknown",,,,,,,,,,,,,"No","No",,"No",2007-05-08,,,3,3,1,,,,,,"No",,,"No",,,"No",,,,,,,,,"Raw",2019-06-24 11:15:22,"swakamiya","Event","HumanObservation"
"PORE","Point Reyes National Seashore","NP02_2008","{764DC5D8-DDE7-49E6-B146-A9328A9BB8B6}","NP","North Beach - Abbott's",2008,,,"Charadrius nivosus","Western Snowy Plover","824030",,,,,,2008-04-10,,"Unknown",,,,,,,,,,,,,"No","No",,"No",,,,3,3,0,,,,,,"No",,,"No",,,"No",,,,,,,,,"Raw",2019-06-24 11:15:22,"swakamiya","Event","HumanObservation"
"PORE","Point Reyes National Seashore","NP02_2009","{764DC5D8-DDE7-49E6-B146-A9328A9BB8B6}","NP","North Beach - Abbott's",2009,,,"Charadrius nivosus","Western Snowy Plover","824030",-122.968078261458,38.0956305890445,"GCS","NAD83",,2009-05-04,2009-05-04,"Square","RKE","No","Yes","Yes","No","No","No","Yes","No","No","No","No","No","No",2009-05-01,"No",,,,2,0,0,2009-05-24,"Tide",,,,"No",,,"No",,,"No",,,,,,,"Initiation date is approximate.",,"Raw",2019-06-24 11:15:22,"swakamiya","Event","HumanObservation"
"PORE","Point Reyes National Seashore","NP02_2010","{764DC5D8-DDE7-49E6-B146-A9328A9BB8B6}","NP","North Beach - Abbott's",2010,,,"Charadrius nivosus","Western Snowy Plover","824030",-122.960061713578,38.114834282278,"GCS","NAD83","Garmin",2010-04-20,2010-04-20,"Square","STE","Yes","No","No","No","Yes","No","Yes","No","No","No","No","No","No",2010-04-18,"No",,,,3,0,0,2010-04-30,"Abandoned",,,,"No",,,"No",,,"No",,,,,,,"wind bew over exclosure on 4/22/2010 , but eggs ok and female nearby",,"Raw",2019-06-24 11:15:22,"swakamiya","Event","HumanObservation"
"PORE","Point Reyes National Seashore","NP02_2011","{764DC5D8-DDE7-49E6-B146-A9328A9BB8B6}","NP","North Beach - Abbott's",2011,,,"Charadrius nivosus","Western Snowy Plover","824030",-122.968352580373,38.0942246736358,"GCS","NAD83","Garmin",2011-04-25,2011-04-25,"Round","RKTEP","No","Yes","Yes","No","Yes","No","Yes","No","Yes","No","No","No","No",2011-04-22,"No",2011-05-27,,,3,3,0,,,,2011-05-29,2,"Yes",2011-05-29,2,"Yes",2011-05-29,2,"Yes",,,,,,,"exclosed with round exclosure. Initiation date very approximate.",,"Raw",2019-06-24 11:15:22,"swakamiya","Event","HumanObservation"
"PORE","Point Reyes National Seashore","NP02_2012","{764DC5D8-DDE7-49E6-B146-A9328A9BB8B6}","NP","North Beach - Abbott's",2012,,,"Charadrius nivosus","Western Snowy Plover","824030",-122.959468967639,38.1140139214393,"GCS","NAD83","Garmin",2012-04-30,2012-04-30,"Round","RWE","No","Yes","No","Yes","No","No","Yes","No","No","No","No","Yes","No",,"No",,,,3,,,2012-05-04,"Abandoned",,,,"No",,,"No",,,"No",,,,2012-05-10,"wildlife freezer",,"Initiation date unknown, possible 4/22/12 based on observations. Possible adult was predated and that resulted in the nest being abandoned.",,"Raw",2019-06-24 11:15:22,"swakamiya","Event","HumanObservation"
"PORE","Point Reyes National Seashore","NP02_2014","{764DC5D8-DDE7-49E6-B146-A9328A9BB8B6}","NP","North Beach - Abbott's",2014,,,"Charadrius nivosus","Western Snowy Plover","824030",-122.970110484331,38.090259520365,"GCS","NAD83","Garmin",2014-03-24,2014-04-11,"Round","SKWTD","Yes","No","Yes","Yes","Yes","No","No","Yes","No","No","No","No","No",2014-03-21,"No",2014-04-24,2014-05-21,,3,3,3,,,,,,"No",,,"No",,,"No",,,,,,,"Did not exclose initially due to no exclosure material available in area and it was early enough in the season the adults could re-nest. Exclosed after the loss of NP01, NP03 and NP04.",,"Raw",2019-06-24 11:15:22,"swakamiya","Event","HumanObservation"
"PORE","Point Reyes National Seashore","NP02_2015","{764DC5D8-DDE7-49E6-B146-A9328A9BB8B6}","NP","North Beach - Abbott's",2015,,,"Charadrius nivosus","Western Snowy Plover","824030",-122.970521280208,38.0896197180559,"GCS","NAD83","Garmin",2015-04-06,2015-04-06,"Round","RWE","No","Yes","No","Yes","No","No","Yes","No","No","No","No","No","No",,"No",,,,3,,,2015-04-20,"Tide",,,,"No",,,"No",,,"No",,,,,,,"Initiation date unknown",,"Raw",2019-06-24 11:15:22,"swakamiya","Event","HumanObservation"
"PORE","Point Reyes National Seashore","NP02_2016","{764DC5D8-DDE7-49E6-B146-A9328A9BB8B6}","NP","North Beach - Abbott's",2016,,,"Charadrius nivosus","Western Snowy Plover","824030",-122.966605821689,38.0983430177908,"GCS","NAD83","Garmin",2016-04-05,2016-04-05,"Round","SWE","Yes","No","No","Yes","No","No","Yes","No","No","No","No","No","No",,"Yes",,,,1,0,0,2016-04-15,"Abandoned",,,,"No",,,"No",,,"No",,"x:x","Unknown",2016-04-27,,,,,"Raw",2019-06-24 11:15:22,"swakamiya","Event","HumanObservation"
"PORE","Point Reyes National Seashore","NP02_2017","{764DC5D8-DDE7-49E6-B146-A9328A9BB8B6}","NP","North Beach - Abbott's",2017,,,"Charadrius nivosus","Western Snowy Plover","824030",-122.973866274421,38.0792468111059,"GCS","NAD83","Garmin",2017-04-28,2017-05-01,"Round","SVE","Yes","No","No","No","No","Yes","Yes","No","No","No","No","No","No",2017-04-28,"No",2017-06-04,,2017-06-04,3,3,0,,,,2017-06-07,3,"No",2017-06-07,3,"No",2017-06-07,3,"No",,"x:x","x:x",,,,,,"Raw",2019-06-24 11:15:22,"swakamiya","Event","HumanObservation"
"PORE","Point Reyes National Seashore","NP02_2018","{764DC5D8-DDE7-49E6-B146-A9328A9BB8B6}","NP","North Beach - Abbott's",2018,,,"Charadrius nivosus","Western Snowy Plover","824030",-122.974333866443,38.0789494924651,"GCS","NAD83","Garmin",2018-04-18,2018-04-20,"Round","RWE","No","Yes","No","Yes","No","No","Yes","No","No","No","No","No","No",2018-04-16,"No",2018-05-22,,2018-05-25,3,3,0,,"Unknown",,,,"No",,,"No",,,"No",,"as:gy","as:or",,,,"When hatched, banded on 5/25. M. Lau and R. DiGaudio found only 2 chicks with male. On next visit, MJL found a single chick, but it was unbanded! Third chick must've been hiding while we were banding its siblings. Male returned to brood banded chicks when we returned them.",,"Raw",2019-06-24 11:15:22,"swakamiya","Event","HumanObservation"
"PORE","Point Reyes National Seashore","NP02_2019","{764DC5D8-DDE7-49E6-B146-A9328A9BB8B6}","NP","North Beach - Abbott's",2019,"OUC","Predator Type for Common Raven unsure","Charadrius nivosus","Western Snowy Plover","824030",-122.974277016946,38.0784898283113,"GCS","NAD83","Garmin",2019-04-23,,,"SRD","Yes","Yes","No","No","No","No","No","Yes","No","No","No","No","No",,"Yes",,,,3,,,2019-04-27,"Unknown Depredation","Common raven",,,"No",,,"No",,,"No",,"x:x","as:or",,,,"Possible, indistinct CORA track near nest, but could only find SNPL tracks. Found nest owners on NB later in the day.","Edited on 1/5/2022 by Matt Lau. Corrected UTMN - it had one too many digits.","Raw",2019-08-23 13:23:22,"mlau","Event","HumanObservation"
"PORE","Point Reyes National Seashore","NP02_2020","{764DC5D8-DDE7-49E6-B146-A9328A9BB8B6}","NP","North Beach - Abbott's",2020,,,"Charadrius nivosus","Western Snowy Plover","824030",-122.970510119043,38.0890158601642,"GCS","NAD83","Garmin",2020-04-14,,"None","SKVE","Yes","No","Yes","No","No","Yes","Yes","No","No","No","No","No","No",2020-04-13,"No",,,,1,0,0,2020-04-17,"Unknown",,,,"No",,,"No",,,"No",,"x:x","as:yy",,,,,,"Raw",2020-09-18 11:42:02,"mjayl","Event","HumanObservation"
"PORE","Point Reyes National Seashore","NP02_2021","{764DC5D8-DDE7-49E6-B146-A9328A9BB8B6}","NP","North Beach - Abbott's",2021,,,"Charadrius nivosus","Western Snowy Plover","824030",-122.967629670243,38.0965074071106,"GCS","NAD83",,2021-04-19,,"None","SKE","Yes","No","Yes","No","No","No","Yes","No","No","No","No","No","No",2021-04-18,"No",,,,1,0,0,2021-04-21,"Depredated by Known Predator","Common raven",,,"No",,,"No",,,"No",,"av:ow","r/g:g",,,,,,"Accepted",2021-12-13 10:32:03,"EEdson","Event","HumanObservation"
"PORE","Point Reyes National Seashore","NP02_2022","{764DC5D8-DDE7-49E6-B146-A9328A9BB8B6}","NP","North Beach - Abbott's",2022,,,"Charadrius nivosus","Western Snowy Plover","824030",-122.969457615873,38.0916238843696,"GCS","NAD83",,2022-04-07,2022-04-08,"Mini-Exclosure","SKWD","Yes","No","Yes","Yes","No","No","No","Yes","No","No","No","No","No",2022-04-06,"No",2022-05-11,,2022-05-11,2,2,0,,,,,,"No",,,"No",,,"No",,"av:rg","as:yy",,,,,,"Provisional",2022-11-01 09:38:16,"mlau","Event","HumanObservation"
"PORE","Point Reyes National Seashore","NP02_2023","{764DC5D8-DDE7-49E6-B146-A9328A9BB8B6}","NP","North Beach - Abbott's",2023,,,"Charadrius nivosus","Western Snowy Plover","824030",-122.971002072008,38.0878641503553,"GCS","WGS84",,2023-04-12,,,"SVD","Yes","No","No","No","No","Yes","No","Yes","No","No","No","No","No",2023-04-12,"No",,,,1,0,0,2023-04-13,"Depredated by Known Predator","Common raven",,,"No",,,"No",,,"No",,"unk","unk",,,,,,"Raw",2023-09-13 13:13:05,"mjayl","Event","HumanObservation"
"PORE","Point Reyes National Seashore","NP02_2024","{764DC5D8-DDE7-49E6-B146-A9328A9BB8B6}","NP","North Beach - Abbott's",2024,,,"Charadrius nivosus","Western Snowy Plover","824030",-122.97009,38.090039,"GCS","WGS84",,2024-04-12,2024-04-12,"Mini-Exclosure","SKWE","Yes","No","Yes","Yes","No","No","Yes","No","No","No","No","No","No",,"Yes",2024-05-14,2024-06-10,2024-05-14,3,3,1,,,,,,"No",,,"No",,,"No",,"va:va","as:oa",,,,,,"Accepted",2026-04-22 09:55:16,"ksherrill","Event","HumanObservation"
"PORE","Point Reyes National Seashore","NP02_2025","{764DC5D8-DDE7-49E6-B146-A9328A9BB8B6}","NP","North Beach - Abbott's",2025,,,"Charadrius nivosus","Western Snowy Plover","824030",-122.961121,38.110958,"GCS","WGS84",,2025-04-02,,,"SVE","Yes","No","No","No","No","Yes","Yes","No","No","No","No","Yes","Yes",,"No",,,,3,0,0,2025-04-11,"Failed - Unknown",,,,"No",,,"No",,,"No",,"av:ya?","x:x",,,,"Processed from SFN_SNPLPORE_Survey2024v1 Feature Layer - KRS 20250425",,"Accepted",2026-04-22 09:53:34,"ksherrill","Event","HumanObservation"
"PORE","Point Reyes National Seashore","NP03_1997","{764DC5D8-DDE7-49E6-B146-A9328A9BB8B6}","NP","North Beach - Abbott's",1997,,,"Charadrius nivosus","Western Snowy Plover","824030",-122.962586566412,38.1074717139698,"GCS","NAD83","Map",1997-04-18,,,,,,,,,,,,,,,"No","No",,"No",,,,1,0,0,,,,,,"No",,,"No",,,"No",,,,,,,"depredated",,"Raw",2019-06-24 11:15:22,"swakamiya","Event","HumanObservation"
"PORE","Point Reyes National Seashore","NP03_1998","{764DC5D8-DDE7-49E6-B146-A9328A9BB8B6}","NP","North Beach - Abbott's",1998,,,"Charadrius nivosus","Western Snowy Plover","824030",-122.969734012084,38.0906109216813,"GCS","NAD83","Map",1998-04-20,,"Triangle",,,,,,,,,,,,,"No","No",,"No",,,,3,3,3,,,,,,"No",,,"No",,,"No",,,"YGY/R",,,,,,"Raw",2019-06-24 11:15:22,"swakamiya","Event","HumanObservation"
"PORE","Point Reyes National Seashore","NP03_1999","{764DC5D8-DDE7-49E6-B146-A9328A9BB8B6}","NP","North Beach - Abbott's",1999,,,"Charadrius nivosus","Western Snowy Plover","824030",-122.9612729357,38.1110313173698,"GCS","NAD83",,1999-04-19,,"Triangle",,,,,,,,,,,,,"No","No",,"No",,,,3,3,2,,,,,,"No",,,"No",,,"No",,,,,,,,,"Raw",2019-06-24 11:15:22,"swakamiya","Event","HumanObservation"
"PORE","Point Reyes National Seashore","NP03_2000","{764DC5D8-DDE7-49E6-B146-A9328A9BB8B6}","NP","North Beach - Abbott's",2000,,,"Charadrius nivosus","Western Snowy Plover","824030",-122.958931354219,38.1166184114983,"GCS","NAD83",,2000-04-03,,,,,,,,,,,,,,,"No","No",,"No",,,,3,0,0,,,,,,"No",,,"No",,,"No",,,,,,,"Abandoned 2E",,"Raw",2019-06-24 11:15:22,"swakamiya","Event","HumanObservation"
"PORE","Point Reyes National Seashore","NP03_2001","{764DC5D8-DDE7-49E6-B146-A9328A9BB8B6}","NP","North Beach - Abbott's",2001,,,"Charadrius nivosus","Western Snowy Plover","824030",-122.968660889866,38.093314467939,"GCS","NAD83","Pro Xr",2001-04-05,,"None",,,,,,,,,,,,,"No","No",,"No",,,,2,0,0,,,,,,"No",,,"No",,,"No",,"AR/YL","YGY/R",,,,"Predation: Unknown predator",,"Raw",2019-06-24 11:15:22,"swakamiya","Event","HumanObservation"
"PORE","Point Reyes National Seashore","NP03_2002","{764DC5D8-DDE7-49E6-B146-A9328A9BB8B6}","NP","North Beach - Abbott's",2002,,,"Charadrius nivosus","Western Snowy Plover","824030",-122.96013016944,38.1148162800816,"GCS","NAD83","Garmin 3+",2002-04-09,,"Square",,,,,,,,,,,,,"No","No",2002-04-08,"No",,,,3,0,0,,,,,,"No",,,"No",,,"No",,"RGR/W",,,,,"Predation: Raven",,"Raw",2019-06-24 11:15:22,"swakamiya","Event","HumanObservation"
"PORE","Point Reyes National Seashore","NP03_2003","{764DC5D8-DDE7-49E6-B146-A9328A9BB8B6}","NP","North Beach - Abbott's",2003,,,"Charadrius nivosus","Western Snowy Plover","824030",-122.961478973233,38.1096794755992,"GCS","NAD83","Garmin 3+",2003-04-17,,"Square",,,,,,,,,,,,,"No","No",2003-04-17,"No",,,,3,0,0,2003-05-08,"Abandoned",,,,"No",,,"No",,,"No","Unknown",,,,,,"abandoned/unknown cause",,"Raw",2019-06-24 11:15:22,"swakamiya","Event","HumanObservation"
"PORE","Point Reyes National Seashore","NP03_2004","{764DC5D8-DDE7-49E6-B146-A9328A9BB8B6}","NP","North Beach - Abbott's",2004,,,"Charadrius nivosus","Western Snowy Plover","824030",-122.959399374754,38.1160868236391,"GCS","NAD83","Garmin 3+",2004-04-23,,"Square",,,,,,,,,,,,,"No","No",2004-04-23,"No",2004-05-22,,,3,3,1,,,,,,"No",,,"No",,,"No",,"OR:BB","OY:AV",,,,"in restoration/ 2 day/observed raven take 1",,"Raw",2019-06-24 11:15:22,"swakamiya","Event","HumanObservation"
"PORE","Point Reyes National Seashore","NP03_2005","{764DC5D8-DDE7-49E6-B146-A9328A9BB8B6}","NP","North Beach - Abbott's",2005,,,"Charadrius nivosus","Western Snowy Plover","824030",,,,,,2005-04-26,,"Unknown",,,,,,,,,,,,,"No","No",,"No",2005-05-31,,,3,3,2,,,,,,"No",,,"No",,,"No",,,,,,,,,"Raw",2019-06-24 11:15:22,"swakamiya","Event","HumanObservation"
"PORE","Point Reyes National Seashore","NP03_2006","{764DC5D8-DDE7-49E6-B146-A9328A9BB8B6}","NP","North Beach - Abbott's",2006,,,"Charadrius nivosus","Western Snowy Plover","824030",,,,,,2006-04-27,,"Unknown",,,,,,,,,,,,,"No","No",,"No",2006-05-31,,,3,3,0,,,,,,"No",,,"No",,,"No",,,,,,,,,"Raw",2019-06-24 11:15:22,"swakamiya","Event","HumanObservation"
"PORE","Point Reyes National Seashore","NP03_2007","{764DC5D8-DDE7-49E6-B146-A9328A9BB8B6}","NP","North Beach - Abbott's",2007,,,"Charadrius nivosus","Western Snowy Plover","824030",,,,,,2007-04-10,,"Unknown",,,,,,,,,,,,,"No","No",,"No",2007-05-09,,,3,3,0,,,,,,"No",,,"No",,,"No",,,,,,,,,"Raw",2019-06-24 11:15:22,"swakamiya","Event","HumanObservation"
"PORE","Point Reyes National Seashore","NP03_2008","{764DC5D8-DDE7-49E6-B146-A9328A9BB8B6}","NP","North Beach - Abbott's",2008,,,"Charadrius nivosus","Western Snowy Plover","824030",,,,,,2008-04-14,,"Unknown",,,,,,,,,,,,,"No","No",,"No",,,,2,0,,,"Wind",,,,"No",,,"No",,,"No",,,,,,,,,"Raw",2019-06-24 11:15:22,"swakamiya","Event","HumanObservation"
"PORE","Point Reyes National Seashore","NP03_2009","{764DC5D8-DDE7-49E6-B146-A9328A9BB8B6}","NP","North Beach - Abbott's",2009,,,"Charadrius nivosus","Western Snowy Plover","824030",-122.960118350062,38.1155733447623,"GCS","NAD83",,2009-05-14,2009-05-14,"Square","RKE","No","Yes","Yes","No","No","No","Yes","No","No","No","No","No","No",2009-05-13,"No",2009-06-14,,,3,2,0,,,,2009-07-05,21,"Yes",2009-07-07,23,"No",,,"No",,,"bo/ov",,,,"lost one chick at 20-21 days, lost one chick at 22-23 days.",,"Raw",2019-06-24 11:15:22,"swakamiya","Event","HumanObservation"
"PORE","Point Reyes National Seashore","NP03_2010","{764DC5D8-DDE7-49E6-B146-A9328A9BB8B6}","NP","North Beach - Abbott's",2010,,,"Charadrius nivosus","Western Snowy Plover","824030",-122.966194648003,38.0996227103823,"GCS","NAD83","Garmin",2010-05-18,2010-05-18,"Square","RKE","No","Yes","Yes","No","No","No","Yes","No","No","No","No","No","No",2010-05-16,"No",2010-06-17,,,3,2,0,,,,2010-06-19,2,"Yes",2010-06-19,2,"Yes",,,"No",,,,,,,,,"Raw",2019-06-24 11:15:22,"swakamiya","Event","HumanObservation"
"PORE","Point Reyes National Seashore","NP03_2011","{764DC5D8-DDE7-49E6-B146-A9328A9BB8B6}","NP","North Beach - Abbott's",2011,,,"Charadrius nivosus","Western Snowy Plover","824030",-122.974573404203,38.0786791611684,"GCS","NAD83","Garmin",2011-05-09,2011-05-09,"Square","R","No","Yes","No","No","No","No","No","No","No","No","No","No","No",2011-05-07,"No",2011-06-09,2011-07-07,,3,3,1,,,,2011-06-12,3,"Yes",2011-06-18,9,"Yes",,,"No",,"w:av",,,,,,,"Raw",2019-06-24 11:15:22,"swakamiya","Event","HumanObservation"
"PORE","Point Reyes National Seashore","NP03_2012","{764DC5D8-DDE7-49E6-B146-A9328A9BB8B6}","NP","North Beach - Abbott's",2012,,,"Charadrius nivosus","Western Snowy Plover","824030",-122.967964489929,38.0949996653537,"GCS","NAD83","Garmin",2012-05-30,,"None","RWE","No","Yes","No","Yes","No","No","Yes","No","No","No","No","No","No",2012-05-07,"No",2012-06-07,2012-07-05,,3,3,2,,,,2012-06-09,2,"Yes",,,"No",,,"No",,,,,,,"Nest was found by Lynne Stenzel and was judged be be at least two weeks old, made the decision not to exclose because it had lasted that long without one.",,"Raw",2019-06-24 11:15:22,"swakamiya","Event","HumanObservation"
"PORE","Point Reyes National Seashore","NP03_2014","{764DC5D8-DDE7-49E6-B146-A9328A9BB8B6}","NP","North Beach - Abbott's",2014,,,"Charadrius nivosus","Western Snowy Plover","824030",-122.966297722183,38.0986944270144,"GCS","NAD83","Garmin",2014-03-25,,"None","SWE","Yes","No","No","Yes","No","No","Yes","No","No","No","No","No","No",,"No",,,,3,0,0,2014-04-07,"Unknown Depredation",,,,"No",,,"No",,,"No",,,,,,,"Initiation date unknown. Did not exclose nest because found it as a 3 egg nest and it was early in the season. Additionally, in the AT&T area which had good success in 2013 of unexclosed nests",,"Raw",2019-06-24 11:15:22,"swakamiya","Event","HumanObservation"
"PORE","Point Reyes National Seashore","NP03_2015","{764DC5D8-DDE7-49E6-B146-A9328A9BB8B6}","NP","North Beach - Abbott's",2015,,,"Charadrius nivosus","Western Snowy Plover","824030",-122.965270130892,38.1010734927974,"GCS","NAD83","Garmin",2015-04-06,,"None","SVE","Yes","No","No","No","No","Yes","Yes","No","No","No","No","No","No",2015-04-05,"No",,,,1,,,2015-04-10,"Unknown Depredation",,,,"No",,,"No",,,"No",,,,,,,,,"Raw",2019-06-24 11:15:22,"swakamiya","Event","HumanObservation"
"PORE","Point Reyes National Seashore","NP03_2016","{764DC5D8-DDE7-49E6-B146-A9328A9BB8B6}","NP","North Beach - Abbott's",2016,,,"Charadrius nivosus","Western Snowy Plover","824030",-122.966605821689,38.0983430177908,"GCS","NAD83","Garmin",2016-04-05,,"None","SWE","Yes","No","No","Yes","No","No","Yes","No","No","No","No","No","No",,"Yes",,,,1,0,0,2016-04-09,"Unknown",,,,"No",,,"No",,,"No",,"x:x","x:x",,,,,,"Raw",2019-06-24 11:15:22,"swakamiya","Event","HumanObservation"
"PORE","Point Reyes National Seashore","NP08_2009","{764DC5D8-DDE7-49E6-B146-A9328A9BB8B6}","NP","North Beach - Abbott's",2009,,,"Charadrius nivosus","Western Snowy Plover","824030",-122.958782919104,38.1168526902425,"GCS","NAD83",,2009-06-23,2009-06-23,"Square","RVE","No","Yes","No","No","No","Yes","Yes","No","No","No","No","Yes","No",2009-06-22,"No",2009-07-26,2009-08-23,,3,3,2,,,,2009-07-28,2,"No",,,"No",,,"No",,,"yo/w",,,,"lost one chick at 0-4 days.",,"Raw",2019-06-24 11:15:22,"swakamiya","Event","HumanObservation"
"PORE","Point Reyes National Seashore","NP08_2010","{764DC5D8-DDE7-49E6-B146-A9328A9BB8B6}","NP","North Beach - Abbott's",2010,,,"Charadrius nivosus","Western Snowy Plover","824030",-122.962506278456,38.1083369108223,"GCS","NAD83","Garmin",2010-07-15,2010-07-15,"Square","RKEP","No","Yes","Yes","No","No","No","Yes","No","Yes","No","No","No","No",2010-07-15,"No",,,,1,0,0,2010-07-16,"Abandoned",,,,"No",,,"No",,,"No","Ship wreck in immediate vicinity, helo, ATV, SAR",,,,,,"Nest found day after ship wreck occurred immediately off shore from nest and pieces of debris were surrounding nest.  This area received frequent disturbance over the next 3 days as SAR operations involved helicopters, ATV's, and multiple personnel on foot in immediate vicinity of nest.",,"Raw",2019-06-24 11:15:22,"swakamiya","Event","HumanObservation"
"PORE","Point Reyes National Seashore","NP08_2011","{764DC5D8-DDE7-49E6-B146-A9328A9BB8B6}","NP","North Beach - Abbott's",2011,,,"Charadrius nivosus","Western Snowy Plover","824030",-122.958770619273,38.1184389244215,"GCS","NAD83","Garmin",2011-06-14,2011-06-14,"Square","RKEP","No","Yes","Yes","No","No","No","Yes","No","Yes","No","No","No","No",2011-06-12,"No",2011-07-14,2011-08-11,,3,1,1,,,,,,"No",,,"No",,,"No","tide",,,2011-07-16,,,"tide washed over nest, lost one egg, one egg hatched and one was collected",,"Raw",2019-06-24 11:15:22,"swakamiya","Event","HumanObservation"
"PORE","Point Reyes National Seashore","NP08_2014","{764DC5D8-DDE7-49E6-B146-A9328A9BB8B6}","NP","North Beach - Abbott's",2014,,,"Charadrius nivosus","Western Snowy Plover","824030",-122.97023608757,38.089862990742,"GCS","NAD83","Garmin",2014-04-19,,"None","SKWE","Yes","No","Yes","Yes","No","No","Yes","No","No","No","No","No","No",2014-04-18,"No",,,,1,0,0,2014-04-23,"Unknown Depredation",,,,"No",,,"No",,,"No",,,,,,,"Did not exclose initially because no exclosure material in the area, and wanted to use NP02 exclosure once it hatched. NP08 failed before NP02 hatched and could exclose.",,"Raw",2019-06-24 11:15:22,"swakamiya","Event","HumanObservation"
"PORE","Point Reyes National Seashore","NP08_2015","{764DC5D8-DDE7-49E6-B146-A9328A9BB8B6}","NP","North Beach - Abbott's",2015,,,"Charadrius nivosus","Western Snowy Plover","824030",-122.969733681331,38.0914130572306,"GCS","NAD83","Garmin",2015-05-08,,"None","RKWE","No","Yes","Yes","Yes","No","No","Yes","No","No","No","No","No","No",2015-05-07,"No",,,,1,,,2015-05-13,"Abandoned",,,,"No",,,"No",,,"No",,"Unknown","Unknown",,,,"Planning to exclose at a latter data but abandoned before I could.",,"Raw",2019-06-24 11:15:22,"swakamiya","Event","HumanObservation"
"PORE","Point Reyes National Seashore","NP08_2016","{764DC5D8-DDE7-49E6-B146-A9328A9BB8B6}","NP","North Beach - Abbott's",2016,,,"Charadrius nivosus","Western Snowy Plover","824030",-122.974482175197,38.078715192512,"GCS","NAD83","Garmin",2016-05-09,2016-05-09,"Round","RWD","No","Yes","No","Yes","No","No","No","Yes","No","No","No","No","No",2016-05-08,"No",2016-06-15,,2016-06-03,3,1,0,,,,2016-06-24,9,"No",,,"No",,,"No",,"x:x","ow:wg",,,,,,"Raw",2019-06-24 11:15:22,"swakamiya","Event","HumanObservation"
"PORE","Point Reyes National Seashore","NP08_2017","{764DC5D8-DDE7-49E6-B146-A9328A9BB8B6}","NP","North Beach - Abbott's",2017,,,"Charadrius nivosus","Western Snowy Plover","824030",-122.97225643982,38.0848884384761,"GCS","NAD83","Garmin",2017-05-20,,"None","SWE","Yes","No","No","Yes","No","No","Yes","No","No","No","No","No","No",2017-05-20,"No",,,,1,0,0,2017-05-24,"Depredated by Known Predator","Common raven",,,"No",,,"No",,,"No",,"x:x","as:or",,,,,,"Raw",2019-06-24 11:15:22,"swakamiya","Event","HumanObservation"
"PORE","Point Reyes National Seashore","NP08_2018","{764DC5D8-DDE7-49E6-B146-A9328A9BB8B6}","NP","North Beach - Abbott's",2018,,,"Charadrius nivosus","Western Snowy Plover","824030",-122.973364864323,38.0784625867949,"GCS","NAD83","Garmin",2018-05-11,2018-05-11,"Round","RVD","No","Yes","No","No","No","Yes","No","Yes","No","No","No","No","No",,"Yes",,,,3,0,0,2018-06-12,"Abandoned",,,,"No",,,"No",,,"No",,"x:x","x:x",,,,"Nest was abandoned a day or two before hatch, for unknown reasons. M. Lau checked eggs and found at least two cracked and tapping. No adults were seen in the area by 6/9/18. For a few days, until 6/12/18, the nest was checked but no adults were observed in the area on each of these days.",,"Raw",2019-06-24 11:15:22,"swakamiya","Event","HumanObservation"
"PORE","Point Reyes National Seashore","NP08_2019","{764DC5D8-DDE7-49E6-B146-A9328A9BB8B6}","NP","North Beach - Abbott's",2019,,,"Charadrius nivosus","Western Snowy Plover","824030",-122.960096686887,38.1134553473677,"GCS","NAD83","Garmin",2019-05-31,,,"SVWD","Yes","No","No","Yes","No","Yes","No","Yes","No","No","No","Yes","Yes",,"Yes",,,,3,,,2019-06-03,"Depredated by Known Predator","Common raven",,,"No",,,"No",,,"No",,"x:s","?",,,,,,"Raw",2019-08-23 13:35:28,"mlau","Event","HumanObservation"
"PORE","Point Reyes National Seashore","NP08_2020","{764DC5D8-DDE7-49E6-B146-A9328A9BB8B6}","NP","North Beach - Abbott's",2020,,,"Charadrius nivosus","Western Snowy Plover","824030",-122.969528423627,38.0913769531496,"GCS","NAD83","Garmin",2020-05-16,2020-05-16,"Round","SVWTE","Yes","No","No","Yes","Yes","Yes","Yes","No","No","No","No","No","No",,"Yes",2020-06-11,,2020-06-11,3,3,0,,,,,,"No",,,"No",,,"No",,"x:x","as:yy",,,,,,"Provisional",2020-09-18 12:04:19,"mjayl","Event","HumanObservation"
"PORE","Point Reyes National Seashore","NP08_2021","{764DC5D8-DDE7-49E6-B146-A9328A9BB8B6}","NP","North Beach - Abbott's",2021,,,"Charadrius nivosus","Western Snowy Plover","824030",-122.971514708236,38.0862672145886,"GCS","NAD83",,2021-06-17,2021-06-17,"Mini-Exclosure","SWVE","Yes","No","No","Yes","No","Yes","Yes","No","No","No","No","No","No",,"Yes",2021-07-16,2021-08-11,2021-07-16,3,3,3,,,,,,"No",,,"No",,,"No",,"x:x","x:x",,,,,,"Accepted",2021-12-13 10:32:03,"EEdson","Event","HumanObservation"
"PORE","Point Reyes National Seashore","NP08_2022","{764DC5D8-DDE7-49E6-B146-A9328A9BB8B6}","NP","North Beach - Abbott's",2022,,,"Charadrius nivosus","Western Snowy Plover","824030",-122.973258501487,38.0824831621095,"GCS","NAD83",,2022-05-17,2022-05-18,"Mini-Exclosure","SVD","Yes","No","No","No","No","Yes","No","Yes","No","No","No","No","No",2022-05-17,"No",,,,1,0,0,2022-05-20,"Wind",,,,"No",,,"No",,,"No",,"x:x","x:w",,,,,,"Provisional",2022-11-01 11:05:27,"mlau","Event","HumanObservation"
"PORE","Point Reyes National Seashore","NP08_2023","{764DC5D8-DDE7-49E6-B146-A9328A9BB8B6}","NP","North Beach - Abbott's",2023,,,"Charadrius nivosus","Western Snowy Plover","824030",-122.966360482423,38.0986250458364,"GCS","WGS84",,2023-05-01,2023-05-01,"Mini-Exclosure","SWE","Yes","No","No","Yes","No","No","Yes","No","No","No","No","No","No",2023-04-30,"No",2023-06-01,2023-06-28,2023-06-01,3,3,0,,,,,,"No",,,"No",,,"No",,"va:wo","va:ww",,,,,,"Raw",2023-09-13 13:24:45,"mjayl","Event","HumanObservation"
"PORE","Point Reyes National Seashore","NP08_2024","{764DC5D8-DDE7-49E6-B146-A9328A9BB8B6}","NP","North Beach - Abbott's",2024,,,"Charadrius nivosus","Western Snowy Plover","824030",-122.9599,38.11353,"GCS","WGS84",,2024-05-01,2024-05-01,"Mini-Exclosure","SWE","Yes","No","No","Yes","No","No","Yes","No","No","No","No","No","Yes",,"Yes",2024-05-21,,2024-05-21,3,1,0,,,,,,"No",,,"No",,,"No",,"rv:xx","av:gr",,,,,,"Accepted",2026-04-22 09:55:16,"ksherrill","Event","HumanObservation"
"PORE","Point Reyes National Seashore","NP08_2025","{764DC5D8-DDE7-49E6-B146-A9328A9BB8B6}","NP","North Beach - Abbott's",2025,,,"Charadrius nivosus","Western Snowy Plover","824030",-122.959371728804,38.1164527091417,"GCS","WGS84",,2025-04-25,2025-04-25,"Square","SWE","Yes","No","No","Yes","No","No","Yes","No","No","No","No","No","Yes",,"No",,,,3,0,0,2025-05-06,"Wind",,,,"No",,,"No",,,"No",,"av:vg","unknown",,,,"3 eggs buried and no tracks present around exclosure. Abandoned. Buried eggs deeper",,"Accepted",2026-04-22 09:53:34,"ksherrill","Event","HumanObservation"
"PORE","Point Reyes National Seashore","NP09_1997","{764DC5D8-DDE7-49E6-B146-A9328A9BB8B6}","NP","North Beach - Abbott's",1997,,,"Charadrius nivosus","Western Snowy Plover","824030",-122.96844398667,38.0938281369847,"GCS","NAD83","Map",1997-05-06,,,,,,,,,,,,,,,"No","No",,"No",,,,3,3,1,,,,,,"No",,,"No",,,"No",,,,,,,,,"Raw",2019-06-24 11:15:22,"swakamiya","Event","HumanObservation"
"PORE","Point Reyes National Seashore","NP09_1998","{764DC5D8-DDE7-49E6-B146-A9328A9BB8B6}","NP","North Beach - Abbott's",1998,,,"Charadrius nivosus","Western Snowy Plover","824030",-122.966172136532,38.0989737861112,"GCS","NAD83","Map",1998-07-05,,"Triangle",,,,,,,,,,,,,"No","No",,"No",,,,3,3,1,,,,,,"No",,,"No",,,"No",,,"GW/RB",,,,,,"Raw",2019-06-24 11:15:22,"swakamiya","Event","HumanObservation"
"PORE","Point Reyes National Seashore","NP09_1999","{764DC5D8-DDE7-49E6-B146-A9328A9BB8B6}","NP","North Beach - Abbott's",1999,,,"Charadrius nivosus","Western Snowy Plover","824030",-122.963991162522,38.104227567498,"GCS","NAD83",,1999-05-19,,"Triangle",,,,,,,,,,,,,"No","No",,"No",,,,3,3,3,,,,,,"No",,,"No",,,"No",,,,,,,,,"Raw",2019-06-24 11:15:22,"swakamiya","Event","HumanObservation"
"PORE","Point Reyes National Seashore","NP09_2000","{764DC5D8-DDE7-49E6-B146-A9328A9BB8B6}","NP","North Beach - Abbott's",2000,,,"Charadrius nivosus","Western Snowy Plover","824030",-122.96061026473,38.1130048843888,"GCS","NAD83",,2000-05-12,,,,,,,,,,,,,,,"No","No",,"No",,,,3,3,0,,,,,,"No",,,"No",,,"No",,,,,,,"Fledged 0",,"Raw",2019-06-24 11:15:22,"swakamiya","Event","HumanObservation"
"PORE","Point Reyes National Seashore","NP09_2001","{764DC5D8-DDE7-49E6-B146-A9328A9BB8B6}","NP","North Beach - Abbott's",2001,,,"Charadrius nivosus","Western Snowy Plover","824030",-122.959742451989,38.1145547788984,"GCS","NAD83","Pro Xr",2001-04-23,,"None",,,,,,,,,,,,,"No","No",,"No",,,,2,0,0,,,,,,"No",,,"No",,,"No",,,,,,,"Predation: Raven",,"Raw",2019-06-24 11:15:22,"swakamiya","Event","HumanObservation"
"PORE","Point Reyes National Seashore","NP09_2002","{764DC5D8-DDE7-49E6-B146-A9328A9BB8B6}","NP","North Beach - Abbott's",2002,,,"Charadrius nivosus","Western Snowy Plover","824030",-122.961764370627,38.1092469577124,"GCS","NAD83","Garmin 3+",2002-04-29,,"Square",,,,,,,,,,,,,"No","No",2002-04-28,"No",,,,2,2,1,,,,,,"No",,,"No",,,"No",,"PA/AP","   /W",,,,"Fledged 1",,"Raw",2019-06-24 11:15:22,"swakamiya","Event","HumanObservation"
"PORE","Point Reyes National Seashore","NP09_2003","{764DC5D8-DDE7-49E6-B146-A9328A9BB8B6}","NP","North Beach - Abbott's",2003,,,"Charadrius nivosus","Western Snowy Plover","824030",-122.964265232048,38.1035607084064,"GCS","NAD83","Garmin 3+",2003-05-19,,"Square",,,,,,,,,,,,,"No","No",2003-05-19,"No",2003-06-19,,,3,2,1,,,,,,"No",,,"No",,,"No",,,,,,,,,"Raw",2019-06-24 11:15:22,"swakamiya","Event","HumanObservation"
"PORE","Point Reyes National Seashore","NP09_2004","{764DC5D8-DDE7-49E6-B146-A9328A9BB8B6}","NP","North Beach - Abbott's",2004,,,"Charadrius nivosus","Western Snowy Plover","824030",-122.958907907018,38.1177449932297,"GCS","NAD83","Garmin 3+",2004-06-14,,"Square",,,,,,,,,,,,,"No","No",2004-06-14,"No",,,,2,0,0,2004-07-14,"Tide",,,,"No",,,"No",,,"No",,"PR:BY","WR:YO",,,,"failed/tide",,"Raw",2019-06-24 11:15:22,"swakamiya","Event","HumanObservation"
"PORE","Point Reyes National Seashore","NP09_2005","{764DC5D8-DDE7-49E6-B146-A9328A9BB8B6}","NP","North Beach - Abbott's",2005,,,"Charadrius nivosus","Western Snowy Plover","824030",,,,,,2005-05-10,,,,,,,,,,,,,,,"No","No",,"No",,,,2,,,2005-05-21,"Depredated by Known Predator","Red/grey fox",,,"No",,,"No",,,"No",,,"yb:by",,,,,,"Raw",2019-06-24 11:15:22,"swakamiya","Event","HumanObservation"
"PORE","Point Reyes National Seashore","NP09_2006","{764DC5D8-DDE7-49E6-B146-A9328A9BB8B6}","NP","North Beach - Abbott's",2006,,,"Charadrius nivosus","Western Snowy Plover","824030",,,,,,2006-06-08,,"Unknown",,,,,,,,,,,,,"No","No",,"No",2006-07-04,,,3,2,0,,,,,,"No",,,"No",,,"No",,,,,,,,,"Raw",2019-06-24 11:15:22,"swakamiya","Event","HumanObservation"
"PORE","Point Reyes National Seashore","NP09_2007","{764DC5D8-DDE7-49E6-B146-A9328A9BB8B6}","NP","North Beach - Abbott's",2007,,,"Charadrius nivosus","Western Snowy Plover","824030",,,,,,2007-05-26,,,,,,,,,,,,,,,"No","No",,"No",,,,3,0,,2007-06-08,"Depredated by Known Predator","Common raven",,,"No",,,"No",,,"No",,,,,,,,,"Raw",2019-06-24 11:15:22,"swakamiya","Event","HumanObservation"
"PORE","Point Reyes National Seashore","NP09_2008","{764DC5D8-DDE7-49E6-B146-A9328A9BB8B6}","NP","North Beach - Abbott's",2008,,,"Charadrius nivosus","Western Snowy Plover","824030",,,,,,2008-07-05,,"Unknown",,,,,,,,,,,,,"No","No",,"No",,,,2,0,,,"Tide",,,,"No",,,"No",,,"No",,,"bo:ov",,,,,,"Raw",2019-06-24 11:15:22,"swakamiya","Event","HumanObservation"
"PORE","Point Reyes National Seashore","NP09_2009","{764DC5D8-DDE7-49E6-B146-A9328A9BB8B6}","NP","North Beach - Abbott's",2009,,,"Charadrius nivosus","Western Snowy Plover","824030",-122.974276963276,38.0786430455452,"GCS","NAD83",,2009-07-01,2009-07-01,"Square","RE","No","Yes","No","No","No","No","Yes","No","No","No","No","No","No",2009-06-16,"No",2009-07-13,,,3,2,0,,,,2009-07-19,6,"Yes",2009-07-19,6,"Yes",,,"No",,,,2009-07-13,"Wildlife Freezer",,"Initiation date approximate based on hatch.  Lost 2 chicks at 6 days.",,"Raw",2019-06-24 11:15:22,"swakamiya","Event","HumanObservation"
"PORE","Point Reyes National Seashore","NP09_2011","{764DC5D8-DDE7-49E6-B146-A9328A9BB8B6}","NP","North Beach - Abbott's",2011,,,"Charadrius nivosus","Western Snowy Plover","824030",-122.974333617578,38.0796615018746,"GCS","NAD83","Garmin",2011-06-15,2011-06-15,"Square","RTE","No","Yes","No","No","Yes","No","Yes","No","No","No","No","No","No",2011-06-13,"No",2011-07-14,,,3,3,0,,,,2011-07-16,2,"Yes",2011-07-16,2,"Yes",2011-07-16,2,"Yes",,,,,,,,,"Raw",2019-06-24 11:15:22,"swakamiya","Event","HumanObservation"
"PORE","Point Reyes National Seashore","NP09_2014","{764DC5D8-DDE7-49E6-B146-A9328A9BB8B6}","NP","North Beach - Abbott's",2014,,,"Charadrius nivosus","Western Snowy Plover","824030",-122.972165164373,38.0850236084326,"GCS","NAD83","Garmin",2014-04-19,,"None","SKVE","Yes","No","Yes","No","No","Yes","Yes","No","No","No","No","No","No",,"No",,,,3,0,0,2014-04-22,"Unknown Depredation",,,,"No",,,"No",,,"No",,,,,,,"Initiation date unknown. Did not exclose nest because found it as a 3 egg nest and it was early in the season.",,"Raw",2019-06-24 11:15:22,"swakamiya","Event","HumanObservation"
"PORE","Point Reyes National Seashore","NP09_2015","{764DC5D8-DDE7-49E6-B146-A9328A9BB8B6}","NP","North Beach - Abbott's",2015,,,"Charadrius nivosus","Western Snowy Plover","824030",-122.96627499469,38.09851416553,"GCS","NAD83","Garmin",2015-05-15,2015-05-15,"Round","SVE","Yes","No","No","No","No","Yes","Yes","No","No","No","No","No","No",2015-05-13,"No",2015-06-16,,,3,2,0,,,,2015-06-21,6,"Yes",2015-06-23,8,"No",,,"No",,,,2015-06-29,"Wildlife freezer",,"Exclosed because of the high nest loss in the area previously.",,"Raw",2019-06-24 11:15:22,"swakamiya","Event","HumanObservation"
"PORE","Point Reyes National Seashore","NP09_2016","{764DC5D8-DDE7-49E6-B146-A9328A9BB8B6}","NP","North Beach - Abbott's",2016,,,"Charadrius nivosus","Western Snowy Plover","824030",-122.961638909876,38.1092198786234,"GCS","NAD83","Garmin",2016-05-10,,"None","RWE","No","Yes","No","Yes","No","No","Yes","No","No","No","No","Yes","Yes",2016-05-08,"No",,,,3,0,0,2016-05-20,"Depredated by Known Predator","Common raven",,,"No",,,"No",,,"No",,"ga:gg","Unknown",,,,,,"Raw",2019-06-24 11:15:22,"swakamiya","Event","HumanObservation"
"PORE","Point Reyes National Seashore","NP09_2017","{764DC5D8-DDE7-49E6-B146-A9328A9BB8B6}","NP","North Beach - Abbott's",2017,,,"Charadrius nivosus","Western Snowy Plover","824030",-122.969060284663,38.0927377573357,"GCS","NAD83","Garmin",2017-05-24,,"None","SWE","Yes","No","No","Yes","No","No","Yes","No","No","No","No","No","No",2017-05-14,"No",,,,3,0,0,2017-05-25,"Depredated by Known Predator","Common raven",,,"No",,,"No",,,"No",,"x:x","unkown",,,,,,"Raw",2019-06-24 11:15:22,"swakamiya","Event","HumanObservation"
"PORE","Point Reyes National Seashore","NP09_2018","{764DC5D8-DDE7-49E6-B146-A9328A9BB8B6}","NP","North Beach - Abbott's",2018,,,"Charadrius nivosus","Western Snowy Plover","824030",-122.968877618046,38.0932063724596,"GCS","NAD83","Garmin",2018-05-17,2018-05-18,"Round","RWE","No","Yes","No","Yes","No","No","Yes","No","No","No","No","No","No",,"Yes",2018-06-14,,2018-06-14,3,2,0,,"Unknown",,,,"No",,,"No",,,"No",,"as:wy","as:by",,,,,,"Raw",2019-06-24 11:15:22,"swakamiya","Event","HumanObservation"
"PORE","Point Reyes National Seashore","NP09_2019","{764DC5D8-DDE7-49E6-B146-A9328A9BB8B6}","NP","North Beach - Abbott's",2019,,,"Charadrius nivosus","Western Snowy Plover","824030",-122.974801763944,38.0777508940409,"GCS","NAD83","Garmin",2019-06-01,2019-06-01,"Round","SRVD","Yes","Yes","No","No","No","Yes","No","Yes","No","No","No","No","No",2019-05-28,"No",2019-07-01,2019-07-28,2019-07-01,3,2,0,,,,2019-07-04,3,"No",,,"No",,,"No",,"as:gy","x:w",,,,,"Edited on 1/5/2022 by Matt Lau. Corrected UTMN from 4204442.","Raw",2019-08-23 13:38:21,"mlau","Event","HumanObservation"
"PORE","Point Reyes National Seashore","NP09_2020","{764DC5D8-DDE7-49E6-B146-A9328A9BB8B6}","NP","North Beach - Abbott's",2020,,,"Charadrius nivosus","Western Snowy Plover","824030",-122.97339908999,38.0784085178703,"GCS","NAD83","Garmin",2020-05-19,2020-05-19,"Round","SVE","Yes","No","No","No","No","Yes","Yes","No","No","No","No","No","No",,"Yes",2020-05-25,,2020-05-25,3,2,0,,,,,,"No",,,"No",,,"No",,"x:x","as:or",,,,,,"Raw",2020-09-18 12:06:36,"mjayl","Event","HumanObservation"
"PORE","Point Reyes National Seashore","NP09_2021","{764DC5D8-DDE7-49E6-B146-A9328A9BB8B6}","NP","North Beach - Abbott's",2021,,,"Charadrius nivosus","Western Snowy Plover","824030",-122.963522843194,38.1055793338139,"GCS","NAD83",,2021-07-02,2021-07-02,"Round","SRWE","Yes","Yes","No","Yes","No","No","Yes","No","No","No","No","No","Yes",2021-07-02,"No",,,,1,0,0,2021-07-08,"Unknown",,,,"No",,,"No",,,"No",,"Unk","Unk",,,,"Likely an egg dump. Did not observe any adult plovers near nest.",,"Accepted",2021-12-13 10:32:03,"EEdson","Event","HumanObservation"
"PORE","Point Reyes National Seashore","NP09_2022","{764DC5D8-DDE7-49E6-B146-A9328A9BB8B6}","NP","North Beach - Abbott's",2022,,,"Charadrius nivosus","Western Snowy Plover","824030",-122.966366120146,38.0987665485955,"GCS","NAD83",,2022-05-18,2022-05-18,"Mini-Exclosure","SRVE","Yes","Yes","No","No","No","Yes","Yes","No","No","No","No","No","No",2022-05-16,"No",2022-06-20,2022-07-17,2022-06-20,3,2,2,,,,,,"No",,,"No",,,"No",,"av:ba","x:x",,,,,,"Provisional",2022-11-01 11:05:31,"mlau","Event","HumanObservation"
"PORE","Point Reyes National Seashore","NP09_2023","{764DC5D8-DDE7-49E6-B146-A9328A9BB8B6}","NP","North Beach - Abbott's",2023,,,"Charadrius nivosus","Western Snowy Plover","824030",-122.959993835364,38.1137932885763,"GCS","WGS84",,2023-05-04,2023-05-04,"Mini-Exclosure","RWD","No","Yes","No","Yes","No","No","No","Yes","No","No","No","No","Yes",,"Yes",,,,3,0,0,2023-05-08,"Unknown",,,,"No",,,"No",,,"No",,"va:ry","av:yg",,,,"ME was oddly moved about 5ft, as if picked up by someone.Eggs were gone. No sign of adults. Can't decipher tracks very well in nest area due to coarse sand. Unsure what happened. Possible unk human footprints go up to nest, but hard to tell.",,"Raw",2023-09-13 13:26:54,"mjayl","Event","HumanObservation"
"PORE","Point Reyes National Seashore","NP09_2024","{915091EC-61D4-40EF-92EF-E9EF4B6A26D1}","RA","2011 Dune Restoration Area",2024,,,"Charadrius nivosus","Western Snowy Plover","824030",-122.96083,38.11185,"GCS","WGS84",,2024-05-09,2024-05-09,"Mini-Exclosure","SKWE","Yes","No","Yes","Yes","No","No","Yes","No","No","No","No","No","Yes",2024-05-09,"No",2024-06-08,2024-07-05,2024-06-09,3,3,0,,,,,,"No",,,"No",,,"No",,"va:wv","x:x",,,,,,"Accepted",2026-04-22 09:55:16,"ksherrill","Event","HumanObservation"
"PORE","Point Reyes National Seashore","NP09_2025","{764DC5D8-DDE7-49E6-B146-A9328A9BB8B6}","NP","North Beach - Abbott's",2025,,,"Charadrius nivosus","Western Snowy Plover","824030",-122.799372142266,38.043522874532,"GCS","WGS84",,2025-04-29,,,"SWE","Yes","No","No","Yes","No","No","Yes","No","No","No","No","No","No",,"No",,,,3,0,0,2025-05-05,"Wind",,,,"No",,,"No",,,"No",,"av:rr","as:yy",,,,"asyy and avry Ms roosting. Old scrape found nearby. vawoF appears. Found NP09 up in veg and floated eggs. When leaving, avrrF found running back to nest. Basically on top of old tree, so did not attempt to exclose-2025-04-29; One of egg found in bottom of",,"Accepted",2026-04-22 09:53:34,"ksherrill","Event","HumanObservation"
"PORE","Point Reyes National Seashore","NP10_1997","{764DC5D8-DDE7-49E6-B146-A9328A9BB8B6}","NP","North Beach - Abbott's",1997,,,"Charadrius nivosus","Western Snowy Plover","824030",-122.966263282922,38.0991811055064,"GCS","NAD83","Map",1997-05-16,,,,,,,,,,,,,,,"No","No",,"No",,,,3,2,1,,,,,,"No",,,"No",,,"No",,,,,,,,,"Raw",2019-06-24 11:15:22,"swakamiya","Event","HumanObservation"
"PORE","Point Reyes National Seashore","NP15_2025","{764DC5D8-DDE7-49E6-B146-A9328A9BB8B6}","NP","North Beach - Abbott's",2025,,,"Charadrius nivosus","Western Snowy Plover","824030",-122.961347142794,38.1116672788927,"GCS","WGS84",,2025-05-28,,,"SWE","Yes","No","No","Yes","No","No","Yes","No","No","No","No","No","Yes",2025-05-28,"No",,,,2,0,0,2025-06-18,"Unknown Depredation",,,,"No",,,"No",,,"No",,"av:vb","unknown",,,,"1 egg avvbF-2025-05-28; 2 eggs ok -2025-06-05; 2e ok-2025-06-09",,"Accepted",2026-04-22 09:53:34,"ksherrill","Event","HumanObservation"
"PORE","Point Reyes National Seashore","NP16_1997","{764DC5D8-DDE7-49E6-B146-A9328A9BB8B6}","NP","North Beach - Abbott's",1997,,,"Charadrius nivosus","Western Snowy Plover","824030",-122.966446150096,38.0983429723061,"GCS","NAD83","Map",1997-06-23,,,,,,,,,,,,,,,"No","No",,"No",,,,3,1,1,,,,,,"No",,,"No",,,"No",,,,,,,,,"Raw",2019-06-24 11:15:22,"swakamiya","Event","HumanObservation"
"PORE","Point Reyes National Seashore","NP16_1999","{764DC5D8-DDE7-49E6-B146-A9328A9BB8B6}","NP","North Beach - Abbott's",1999,,,"Charadrius nivosus","Western Snowy Plover","824030",-122.962689275628,38.1073726065489,"GCS","NAD83",,1999-06-25,,"Square",,,,,,,,,,,,,"No","No",,"No",,,,3,3,1,,,,,,"No",,,"No",,,"No",,,,,,,,,"Raw",2019-06-24 11:15:22,"swakamiya","Event","HumanObservation"
"PORE","Point Reyes National Seashore","NP16_2001","{764DC5D8-DDE7-49E6-B146-A9328A9BB8B6}","NP","North Beach - Abbott's",2001,,,"Charadrius nivosus","Western Snowy Plover","824030",-122.961021682862,38.1115900234559,"GCS","NAD83","Pro Xr",2001-05-14,,"None",,,,,,,,,,,,,"No","No",,"No",,,,2,0,0,,,,,,"No",,,"No",,,"No",,"AY/WA",,,,,"Predation: Raven",,"Raw",2019-06-24 11:15:22,"swakamiya","Event","HumanObservation"
"PORE","Point Reyes National Seashore","NP16_2002","{764DC5D8-DDE7-49E6-B146-A9328A9BB8B6}","NP","North Beach - Abbott's",2002,,,"Charadrius nivosus","Western Snowy Plover","824030",-122.957527768683,38.1173209046325,"GCS","NAD83","Garmin 3+",2002-06-06,,"Square",,,,,,,,,,,,,"No","No",2002-06-06,"No",,,,3,3,1,,,,,,"No",,,"No",,,"No",,,,,,,"Fledged 1",,"Raw",2019-06-24 11:15:22,"swakamiya","Event","HumanObservation"
"PORE","Point Reyes National Seashore","NP16_2003","{764DC5D8-DDE7-49E6-B146-A9328A9BB8B6}","NP","North Beach - Abbott's",2003,,,"Charadrius nivosus","Western Snowy Plover","824030",-122.961809805472,38.1096164944775,"GCS","NAD83","Garmin 3+",2003-07-12,,"Square",,,,,,,,,,,,,"No","No",2003-07-12,"No",2003-08-07,,,2,2,2,,,,,,"No",,,"No",,,"No",,,,,,,,,"Raw",2019-06-24 11:15:22,"swakamiya","Event","HumanObservation"
"PORE","Point Reyes National Seashore","NP16_2004","{764DC5D8-DDE7-49E6-B146-A9328A9BB8B6}","NP","North Beach - Abbott's",2004,,,"Charadrius nivosus","Western Snowy Plover","824030",-122.968432551246,38.0939002359576,"GCS","NAD83","Garmin 3+",2004-07-04,,"Square",,,,,,,,,,,,,"No","No",2004-07-04,"No",2004-07-30,,,3,3,2,,,,,,"No",,,"No",,,"No",,"BO:GW",,,,,"chick lost at unknown time",,"Raw",2019-06-24 11:15:22,"swakamiya","Event","HumanObservation"
"PORE","Point Reyes National Seashore","NP16_2014","{764DC5D8-DDE7-49E6-B146-A9328A9BB8B6}","NP","North Beach - Abbott's",2014,,,"Charadrius nivosus","Western Snowy Plover","824030",-122.974254203406,38.0785168616537,"GCS","NAD83","Garmin",2014-05-20,2014-05-22,"Round","RE","No","Yes","No","No","No","No","Yes","No","No","No","No","No","No",,"No",,,,3,0,0,2014-06-06,"Abandoned",,,,"No",,,"No",,,"No",,":s",,2014-07-10,"Wildlife freezer",,"Initiation date unknown. Exclosed because nest located in hard pan area next to North Beach parking lot.",,"Raw",2019-06-24 11:15:22,"swakamiya","Event","HumanObservation"
"PORE","Point Reyes National Seashore","NP16_2015","{764DC5D8-DDE7-49E6-B146-A9328A9BB8B6}","NP","North Beach - Abbott's",2015,,,"Charadrius nivosus","Western Snowy Plover","824030",-122.974344726941,38.0804996925456,"GCS","NAD83","Garmin",2015-06-25,2015-06-25,"Round","RKWE","No","Yes","Yes","Yes","No","No","Yes","No","No","No","No","No","No",2015-06-23,"No",2015-07-22,2015-08-18,,3,3,3,,,,,,"No",,,"No",,,"No",,,"ow:wg",,,,"Exclosed because of NP14 nest loss",,"Raw",2019-06-24 11:15:22,"swakamiya","Event","HumanObservation"
"PORE","Point Reyes National Seashore","NP16_2016","{764DC5D8-DDE7-49E6-B146-A9328A9BB8B6}","NP","North Beach - Abbott's",2016,,,"Charadrius nivosus","Western Snowy Plover","824030",-122.974596295624,38.0784268083014,"GCS","NAD83","Garmin",2016-06-18,2016-06-18,"Round","SRWVD","Yes","Yes","No","Yes","No","Yes","No","Yes","No","No","No","No","No",2016-06-18,"No",2016-07-20,2016-08-17,2016-07-20,3,3,3,,,,,,"No",,,"No",,,"No",,"x:x","x:x",,,,,,"Raw",2019-06-24 11:15:22,"swakamiya","Event","HumanObservation"
"PORE","Point Reyes National Seashore","NP16_2017","{764DC5D8-DDE7-49E6-B146-A9328A9BB8B6}","NP","North Beach - Abbott's",2017,,,"Charadrius nivosus","Western Snowy Plover","824030",-122.974333557723,38.0798327446311,"GCS","NAD83","Garmin",2017-06-20,2017-06-21,"Round","SWE","Yes","No","No","Yes","No","No","Yes","No","No","No","No","No","No",2017-06-19,"No",2017-07-19,2017-08-16,2017-07-20,3,3,0,,,,2017-08-05,14,"Yes",2017-08-05,14,"Yes",2017-08-05,14,"Yes",,"as:gy","av:bb",,,,"All chicks lost 8/5 - 8/8",,"Raw",2019-06-24 11:15:22,"swakamiya","Event","HumanObservation"
"PORE","Point Reyes National Seashore","NP16_2018","{764DC5D8-DDE7-49E6-B146-A9328A9BB8B6}","NP","North Beach - Abbott's",2018,,,"Charadrius nivosus","Western Snowy Plover","824030",-122.967553462313,38.0960450319259,"GCS","NAD83","Garmin",2018-07-02,2018-07-07,"Round","SVKE","Yes","No","Yes","No","No","Yes","Yes","No","No","No","No","No","No",,"Yes",2018-07-29,2018-08-25,2018-07-29,3,3,1,,,,,,"No",,,"No",,,"No",,"x:x","x:x",,,,,,"Raw",2019-06-24 11:15:22,"swakamiya","Event","HumanObservation"
"PORE","Point Reyes National Seashore","NP16_2020","{764DC5D8-DDE7-49E6-B146-A9328A9BB8B6}","NP","North Beach - Abbott's",2020,,,"Charadrius nivosus","Western Snowy Plover","824030",-122.962939891168,38.1080216027189,"GCS","NAD83","Garmin",2020-06-10,,"None","SRE","Yes","Yes","No","No","No","No","Yes","No","No","No","No","No","Yes",,"Yes",,,,2,0,0,2020-06-18,"Depredated by Known Predator","Common raven",,,"No",,,"No",,,"No",,"av:rg","av:gr?",,,,,,"Raw",2020-09-18 12:22:31,"mjayl","Event","HumanObservation"
"PORE","Point Reyes National Seashore","NP16_2022","{764DC5D8-DDE7-49E6-B146-A9328A9BB8B6}","NP","North Beach - Abbott's",2022,,,"Charadrius nivosus","Western Snowy Plover","824030",-122.959553033577,38.1146484461672,"GCS","NAD83",,2022-06-17,2022-06-17,"Mini-Exclosure","RWE","No","Yes","No","Yes","No","No","Yes","No","No","No","No","No","Yes",,"Yes",2022-07-02,2022-07-29,2022-07-02,3,3,1,,,,,,"No",,,"No",,,"No",,"av:ya","av:ag",,,,"Captured x:x male and banded av:ag - 2851-04816.",,"Provisional",2022-08-20 17:38:22,"mlau","Event","HumanObservation"
"PORE","Point Reyes National Seashore","NP16_2023","{764DC5D8-DDE7-49E6-B146-A9328A9BB8B6}","NP","North Beach - Abbott's",2023,,,"Charadrius nivosus","Western Snowy Plover","824030",-122.974164620032,38.0803572502255,"GCS","WGS84",,2023-06-19,,,"SVWD","Yes","No","No","Yes","No","Yes","No","Yes","No","No","No","No","No",,"Yes",,,,3,0,0,2023-06-27,"Depredated by Known Predator","Common raven",,,"No",,,"No",,,"No",,"vb:ya","va:ya",,,,,,"Raw",2023-09-13 13:39:10,"mjayl","Event","HumanObservation"
"PORE","Point Reyes National Seashore","NP16_2024","{764DC5D8-DDE7-49E6-B146-A9328A9BB8B6}","NP","North Beach - Abbott's",2024,,,"Charadrius nivosus","Western Snowy Plover","824030",-122.96927,38.09208,"GCS","WGS84",,2024-06-17,2024-06-17,"Mini-Exclosure","SWKE","Yes","No","Yes","Yes","No","No","Yes","No","No","No","No","No","No",2024-06-16,"No",2024-07-17,,2024-07-17,3,3,0,,,,,,"No",,,"No",,,"No",,"ww:wk","as:yy",,,,,,"Accepted",2026-04-22 09:55:16,"ksherrill","Event","HumanObservation"
"PORE","Point Reyes National Seashore","NP16_2025","{764DC5D8-DDE7-49E6-B146-A9328A9BB8B6}","NP","North Beach - Abbott's",2025,,,"Charadrius nivosus","Western Snowy Plover","824030",-122.963381307556,38.1061282202643,"GCS","WGS84",,2025-05-28,,,"SWE","Yes","No","No","Yes","No","No","Yes","No","No","No","No","No","Yes",2025-05-25,"No",,,,2,0,0,2025-05-30,"Depredated by Known Predator","Common raven",,,"No",,,"No",,,"No",,"va:wv?","av:ry?",,,,"Velella in bowl. 2eggs. Possibly avryM/vawvF nest?-2025-05-28; Tracks leading away from nest. 0e-2025-05-30",,"Accepted",2026-04-22 09:53:34,"ksherrill","Event","HumanObservation"
"PORE","Point Reyes National Seashore","NP17_1997","{764DC5D8-DDE7-49E6-B146-A9328A9BB8B6}","NP","North Beach - Abbott's",1997,,,"Charadrius nivosus","Western Snowy Plover","824030",-122.962106560911,38.1092741067631,"GCS","NAD83","Map",1997-06-26,,,,,,,,,,,,,,,"No","No",,"No",,,,3,2,1,,,,,,"No",,,"No",,,"No",,,,,,,,,"Raw",2019-06-24 11:15:22,"swakamiya","Event","HumanObservation"
"PORE","Point Reyes National Seashore","NP17_2001","{764DC5D8-DDE7-49E6-B146-A9328A9BB8B6}","NP","North Beach - Abbott's",2001,,,"Charadrius nivosus","Western Snowy Plover","824030",-122.963260125084,38.106327309118,"GCS","NAD83","Pro Xr",2001-05-18,,"None",,,,,,,,,,,,,"No","No",,"No",,,,2,0,0,,,,,,"No",,,"No",,,"No",,"AY/WA",,,,,"Predation: Raven",,"Raw",2019-06-24 11:15:22,"swakamiya","Event","HumanObservation"
"PORE","Point Reyes National Seashore","NP17_2002","{764DC5D8-DDE7-49E6-B146-A9328A9BB8B6}","NP","North Beach - Abbott's",2002,,,"Charadrius nivosus","Western Snowy Plover","824030",-122.968934940986,38.0924943798165,"GCS","NAD83","Garmin 3+",2002-06-09,,"Square",,,,,,,,,,,,,"No","No",2002-06-04,"No",,,,3,3,1,,,,,,"No",,,"No",,,"No",,"OG/YV","YB/BY",,,,"Fledged 1",,"Raw",2019-06-24 11:15:22,"swakamiya","Event","HumanObservation"
"PORE","Point Reyes National Seashore","NP17_2014","{764DC5D8-DDE7-49E6-B146-A9328A9BB8B6}","NP","North Beach - Abbott's",2014,,,"Charadrius nivosus","Western Snowy Plover","824030",-122.970498418356,38.0897549037488,"GCS","NAD83","Garmin",2014-05-26,2014-05-26,"Round","SKD","Yes","No","Yes","No","No","No","No","Yes","No","No","No","No","No",2014-05-23,"No",2014-06-26,,,3,3,0,,,,2014-06-29,4,"Yes",2014-07-09,14,"No",2014-07-13,18,"Yes",,,,,,,"Exclosed because NP15 failure near by and probably the same pair 2nd attempt.",,"Raw",2019-06-24 11:15:22,"swakamiya","Event","HumanObservation"
"PORE","Point Reyes National Seashore","NP17_2015","{764DC5D8-DDE7-49E6-B146-A9328A9BB8B6}","NP","North Beach - Abbott's",2015,,,"Charadrius nivosus","Western Snowy Plover","824030",-122.974744125123,38.079580475809,"GCS","NAD83","Garmin",2015-07-02,2015-07-03,"Round","RKWE","No","Yes","Yes","Yes","No","No","Yes","No","No","No","No","No","No",2015-06-27,"No",2015-07-27,2015-08-23,,3,2,2,,,,,,"No",,,"No",,,"No",,,,,,,"Exclosed because of NP14 loss and close to North Beach parking lot",,"Raw",2019-06-24 11:15:22,"swakamiya","Event","HumanObservation"
"PORE","Point Reyes National Seashore","NP17_2016","{764DC5D8-DDE7-49E6-B146-A9328A9BB8B6}","NP","North Beach - Abbott's",2016,,,"Charadrius nivosus","Western Snowy Plover","824030",-122.964641605841,38.1036058859675,"GCS","NAD83","Garmin",2016-06-20,,"None","RWE","No","Yes","No","Yes","No","No","Yes","No","No","No","No","No","No",,"Yes",2016-07-15,2016-08-13,2016-07-11,2,2,1,,,,2016-07-18,3,"Yes",,,"No",,,"No",,"ga:gg","x:x",,,,,,"Raw",2019-06-24 11:15:22,"swakamiya","Event","HumanObservation"
"PORE","Point Reyes National Seashore","NP17_2017","{764DC5D8-DDE7-49E6-B146-A9328A9BB8B6}","NP","North Beach - Abbott's",2017,,,"Charadrius nivosus","Western Snowy Plover","824030",-122.970818164895,38.0886464137654,"GCS","NAD83","Garmin",2017-06-23,,"None","SRKWE","Yes","Yes","Yes","Yes","No","No","Yes","No","No","No","No","No","No",,"Yes",,,,1,0,0,2017-06-26,"Abandoned",,,,"No",,,"No",,,"No",,"x:x","as:yy",,,,,,"Raw",2019-06-24 11:15:22,"swakamiya","Event","HumanObservation"
"PORE","Point Reyes National Seashore","NP17_2018","{764DC5D8-DDE7-49E6-B146-A9328A9BB8B6}","NP","North Beach - Abbott's",2018,,,"Charadrius nivosus","Western Snowy Plover","824030",-122.968067209709,38.0948194382335,"GCS","NAD83","Garmin",2018-07-02,,,"SWKVE","Yes","No","Yes","Yes","No","Yes","Yes","No","No","No","No","No","No",2018-07-01,"No",,,,3,0,0,2018-07-07,"Depredated by Known Predator","Common raven",,,"No",,,"No",,,"No",,"as:wy","as:by",,,,,,"Raw",2019-06-24 11:15:22,"swakamiya","Event","HumanObservation"
"PORE","Point Reyes National Seashore","NP17_2020","{764DC5D8-DDE7-49E6-B146-A9328A9BB8B6}","NP","North Beach - Abbott's",2020,,,"Charadrius nivosus","Western Snowy Plover","824030",-122.974231393011,38.0785348822131,"GCS","NAD83","Garmin",2020-06-12,2020-06-15,"Round","SRE","Yes","Yes","No","No","No","No","Yes","No","No","No","No","No","No",,"Yes",2020-07-12,,2020-07-12,3,3,0,,,,,,"No",,,"No",,,"No",,"x:x","x:x",,,,,,"Provisional",2020-09-18 13:20:25,"mjayl","Event","HumanObservation"
"PORE","Point Reyes National Seashore","NP17_2022","{764DC5D8-DDE7-49E6-B146-A9328A9BB8B6}","NP","North Beach - Abbott's",2022,,,"Charadrius nivosus","Western Snowy Plover","824030",-122.970567104844,38.089096989317,"GCS","NAD83",,2022-06-24,2022-06-24,"Mini-Exclosure","SKWE","Yes","No","Yes","Yes","No","No","Yes","No","No","No","No","No","No",2022-06-23,"No",2022-07-25,2022-08-21,2022-07-25,3,1,,,,,,,"No",,,"No",,,"No",,"av:br","as:oa",,,,"Captured x:x female, banded av:br, 2851-04827. Two eggs were nonviable and didn't hatch.",,"Provisional",2022-08-20 17:42:07,"mlau","Event","HumanObservation"
"PORE","Point Reyes National Seashore","NP17_2023","{764DC5D8-DDE7-49E6-B146-A9328A9BB8B6}","NP","North Beach - Abbott's",2023,,,"Charadrius nivosus","Western Snowy Plover","824030",-122.959675264894,38.114340252034,"GCS","WGS84",,2023-06-27,2023-06-30,"Mini-Exclosure","SWE","Yes","No","No","Yes","No","No","Yes","No","No","No","No","No","Yes",2023-06-27,"No",2023-07-28,2023-08-24,2023-07-28,3,3,1,,,,,,"No",,,"No",,,"No",,"av:wv","x:x",,,,,,"Raw",2023-09-13 13:41:37,"mjayl","Event","HumanObservation"
"PORE","Point Reyes National Seashore","NP17_2024","{764DC5D8-DDE7-49E6-B146-A9328A9BB8B6}","NP","North Beach - Abbott's",2024,,,"Charadrius nivosus","Western Snowy Plover","824030",-122.96708,38.09722,"GCS","WGS84",,2024-06-17,2024-06-19,"Mini-Exclosure","SWKE","Yes","No","Yes","Yes","No","No","Yes","No","No","No","No","No","No",2024-06-17,"No",2024-07-19,2024-08-15,2024-07-19,3,3,1,,,,,,"No",,,"No",,,"No",,"x:x","va:yw",,,,,,"Accepted",2026-04-22 09:55:16,"ksherrill","Event","HumanObservation"
"PORE","Point Reyes National Seashore","NP17_2025","{764DC5D8-DDE7-49E6-B146-A9328A9BB8B6}","NP","North Beach - Abbott's",2025,,,"Charadrius nivosus","Western Snowy Plover","824030",-122.966352144945,38.0982898384137,"GCS","WGS84",,2025-05-28,,,"RKWE","No","Yes","Yes","Yes","No","No","Yes","No","No","No","No","No","Yes",,"No",,,,3,0,0,2025-05-30,"Depredated by Known Predator","Common raven",,,"No",,,"No",,,"No",,"x:x","unknown",,,,"xxF. 3 eggs in gulch. 20 15 10-2025-05-28; Tracks all over gulch and xxF acting odd north of nest-2025-05-30",,"Accepted",2026-04-22 09:53:34,"ksherrill","Event","HumanObservation"
"PORE","Point Reyes National Seashore","NP18_1997","{764DC5D8-DDE7-49E6-B146-A9328A9BB8B6}","NP","North Beach - Abbott's",1997,,,"Charadrius nivosus","Western Snowy Plover","824030",-122.966240455848,38.0992171499396,"GCS","NAD83","Map",1997-07-01,,,,,,,,,,,,,,,"No","No",,"No",,,,1,0,0,,,,,,"No",,,"No",,,"No",,,,,,,"depredated",,"Raw",2019-06-24 11:15:22,"swakamiya","Event","HumanObservation"
"PORE","Point Reyes National Seashore","NP18_2001","{764DC5D8-DDE7-49E6-B146-A9328A9BB8B6}","NP","North Beach - Abbott's",2001,,,"Charadrius nivosus","Western Snowy Plover","824030",-122.961524222529,38.1104005088644,"GCS","NAD83","Pro Xr",2001-05-21,,"Square",,,,,,,,,,,,,"No","No",,"No",,,,3,0,0,,,,,,"No",,,"No",,,"No",,"BY/WA",,,,,"Abandoned 3 eggs",,"Raw",2019-06-24 11:15:22,"swakamiya","Event","HumanObservation"
"PORE","Point Reyes National Seashore","NP18_2002","{764DC5D8-DDE7-49E6-B146-A9328A9BB8B6}","NP","North Beach - Abbott's",2002,,,"Charadrius nivosus","Western Snowy Plover","824030",-122.972279286704,38.0847802906335,"GCS","NAD83","Garmin 3+",2002-06-13,,"Square",,,,,,,,,,,,,"No","No",2002-06-12,"No",,,,3,3,0,,,,,,"No",,,"No",,,"No",,,,,,,"Fledged 0",,"Raw",2019-06-24 11:15:22,"swakamiya","Event","HumanObservation"
"PORE","Point Reyes National Seashore","NP18_2014","{764DC5D8-DDE7-49E6-B146-A9328A9BB8B6}","NP","North Beach - Abbott's",2014,,,"Charadrius nivosus","Western Snowy Plover","824030",-122.972028248855,38.0852308696125,"GCS","NAD83","Garmin",2014-05-27,2014-05-27,"Round","SWVKE","Yes","No","Yes","Yes","No","Yes","Yes","No","No","No","No","No","No",2014-05-14,"No",2014-06-13,,,2,2,0,,,,2014-06-14,1,"Yes",2014-06-14,1,"Yes",,,"No",,,,,,,"Exclosed because of nests lost in general area ealier in season.",,"Raw",2019-06-24 11:15:22,"swakamiya","Event","HumanObservation"
"PORE","Point Reyes National Seashore","NP18_2015","{764DC5D8-DDE7-49E6-B146-A9328A9BB8B6}","NP","North Beach - Abbott's",2015,,,"Charadrius nivosus","Western Snowy Plover","824030",-122.974025231799,38.0811485422169,"GCS","NAD83","Garmin",2015-07-02,2015-07-03,"Round","SKWE","Yes","No","Yes","Yes","No","No","Yes","No","No","No","No","No","No",2015-06-30,"No",2015-07-29,,,3,3,0,,,,2015-08-04,7,"No",2015-08-04,7,"No",2015-08-04,7,"No",,,,,,,"Exclosed because close to North Beach parking lot",,"Raw",2019-06-24 11:15:22,"swakamiya","Event","HumanObservation"
>>>>>>> origin/main
